function_name,arguments,return_type,language,source_body,full_definition
_enforce_review_eligibility,,trigger,plpgsql,"
begin
  if lower(coalesce(new.targettype, '')) <> 'court' then
    raise exception 'Only court reviews are supported right now (targettype=court)';
  end if;

  if new.userid is null then
    raise exception 'userid is required';
  end if;

  if new.targetid is null then
    raise exception 'targetid is required';
  end if;

  if new.rating is null or new.rating < 1 or new.rating > 5 then
    raise exception 'rating must be between 1 and 5';
  end if;

  if not public._has_completed_court_trip(new.userid, new.targetid) then
    raise exception 'Only users with a completed trip can review this court';
  end if;

  return new;
end ","CREATE OR REPLACE FUNCTION public._enforce_review_eligibility()
 RETURNS trigger
 LANGUAGE plpgsql
AS $function$
begin
  if lower(coalesce(new.targettype, '')) <> 'court' then
    raise exception 'Only court reviews are supported right now (targettype=court)';
  end if;

  if new.userid is null then
    raise exception 'userid is required';
  end if;

  if new.targetid is null then
    raise exception 'targetid is required';
  end if;

  if new.rating is null or new.rating < 1 or new.rating > 5 then
    raise exception 'rating must be between 1 and 5';
  end if;

  if not public._has_completed_court_trip(new.userid, new.targetid) then
    raise exception 'Only users with a completed trip can review this court';
  end if;

  return new;
end $function$
"
_enforce_review_reaction_eligibility,,trigger,plpgsql,"
declare
  v_targettype text;
  v_targetid int;
begin
  select r.targettype, r.targetid
  into v_targettype, v_targetid
  from public.reviews r
  where r.reviewid = new.reviewid;

  if v_targettype is null then
    raise exception 'review not found';
  end if;

  if lower(coalesce(v_targettype, '')) <> 'court' then
    raise exception 'Only court review reactions are supported right now';
  end if;

  if not public._has_completed_court_trip(new.userid, v_targetid) then
    raise exception 'Only users with a completed trip can react to reviews for this court';
  end if;

  return new;
end ","CREATE OR REPLACE FUNCTION public._enforce_review_reaction_eligibility()
 RETURNS trigger
 LANGUAGE plpgsql
AS $function$
declare
  v_targettype text;
  v_targetid int;
begin
  select r.targettype, r.targetid
  into v_targettype, v_targetid
  from public.reviews r
  where r.reviewid = new.reviewid;

  if v_targettype is null then
    raise exception 'review not found';
  end if;

  if lower(coalesce(v_targettype, '')) <> 'court' then
    raise exception 'Only court review reactions are supported right now';
  end if;

  if not public._has_completed_court_trip(new.userid, v_targetid) then
    raise exception 'Only users with a completed trip can react to reviews for this court';
  end if;

  return new;
end $function$
"
_has_completed_court_trip,"p_userid integer, p_courtid integer",boolean,sql,"
  select exists (
    select 1
    from public.courtbooking cb
    join public.courtavailability ca on ca.availabilityid = cb.availabilityid
    where cb.userid = p_userid
      and ca.courtid = p_courtid
      and lower(coalesce(cb.bookingstatus::text, '')) = 'completed'
      and lower(coalesce(cb.status::text, '')) not like '%cancel%'
  )
","CREATE OR REPLACE FUNCTION public._has_completed_court_trip(p_userid integer, p_courtid integer)
 RETURNS boolean
 LANGUAGE sql
 STABLE
AS $function$
  select exists (
    select 1
    from public.courtbooking cb
    join public.courtavailability ca on ca.availabilityid = cb.availabilityid
    where cb.userid = p_userid
      and ca.courtid = p_courtid
      and lower(coalesce(cb.bookingstatus::text, '')) = 'completed'
      and lower(coalesce(cb.status::text, '')) not like '%cancel%'
  )
$function$
"
_postgis_deprecate,"oldname text, newname text, version text",void,plpgsql,"
DECLARE
  curver_text text;
BEGIN
  --
  -- Raises a NOTICE if it was deprecated in this version,
  -- a WARNING if in a previous version (only up to minor version checked)
  --
	curver_text := '3.3.7';
	IF pg_catalog.split_part(curver_text,'.',1)::int > pg_catalog.split_part(version,'.',1)::int OR
	   ( pg_catalog.split_part(curver_text,'.',1) = pg_catalog.split_part(version,'.',1) AND
		 pg_catalog.split_part(curver_text,'.',2) != split_part(version,'.',2) )
	THEN
	  RAISE WARNING '% signature was deprecated in %. Please use %', oldname, version, newname;
	ELSE
	  RAISE DEBUG '% signature was deprecated in %. Please use %', oldname, version, newname;
	END IF;
END;
","CREATE OR REPLACE FUNCTION public._postgis_deprecate(oldname text, newname text, version text)
 RETURNS void
 LANGUAGE plpgsql
 IMMUTABLE STRICT COST 500
AS $function$
DECLARE
  curver_text text;
BEGIN
  --
  -- Raises a NOTICE if it was deprecated in this version,
  -- a WARNING if in a previous version (only up to minor version checked)
  --
	curver_text := '3.3.7';
	IF pg_catalog.split_part(curver_text,'.',1)::int > pg_catalog.split_part(version,'.',1)::int OR
	   ( pg_catalog.split_part(curver_text,'.',1) = pg_catalog.split_part(version,'.',1) AND
		 pg_catalog.split_part(curver_text,'.',2) != split_part(version,'.',2) )
	THEN
	  RAISE WARNING '% signature was deprecated in %. Please use %', oldname, version, newname;
	ELSE
	  RAISE DEBUG '% signature was deprecated in %. Please use %', oldname, version, newname;
	END IF;
END;
$function$
"
_postgis_index_extent,"tbl regclass, col text",box2d,c,_postgis_gserialized_index_extent,"CREATE OR REPLACE FUNCTION public._postgis_index_extent(tbl regclass, col text)
 RETURNS box2d
 LANGUAGE c
 STABLE STRICT
AS '$libdir/postgis-3', $function$_postgis_gserialized_index_extent$function$
"
_postgis_join_selectivity,"regclass, text, regclass, text, text DEFAULT '2'::text",double precision,c,_postgis_gserialized_joinsel,"CREATE OR REPLACE FUNCTION public._postgis_join_selectivity(regclass, text, regclass, text, text DEFAULT '2'::text)
 RETURNS double precision
 LANGUAGE c
 PARALLEL SAFE STRICT
AS '$libdir/postgis-3', $function$_postgis_gserialized_joinsel$function$
"
_postgis_pgsql_version,,text,sql,"
	SELECT CASE WHEN pg_catalog.split_part(s,'.',1)::integer > 9 THEN pg_catalog.split_part(s,'.',1) || '0'
	ELSE pg_catalog.split_part(s,'.', 1) || pg_catalog.split_part(s,'.', 2) END AS v
	FROM pg_catalog.substring(version(), E'PostgreSQL ([0-9\\.]+)') AS s;
","CREATE OR REPLACE FUNCTION public._postgis_pgsql_version()
 RETURNS text
 LANGUAGE sql
 STABLE
AS $function$
	SELECT CASE WHEN pg_catalog.split_part(s,'.',1)::integer > 9 THEN pg_catalog.split_part(s,'.',1) || '0'
	ELSE pg_catalog.split_part(s,'.', 1) || pg_catalog.split_part(s,'.', 2) END AS v
	FROM pg_catalog.substring(version(), E'PostgreSQL ([0-9\\.]+)') AS s;
$function$
"
_postgis_scripts_pgsql_version,,text,sql,SELECT '170'::text AS version,"CREATE OR REPLACE FUNCTION public._postgis_scripts_pgsql_version()
 RETURNS text
 LANGUAGE sql
 IMMUTABLE
AS $function$SELECT '170'::text AS version$function$
"
_postgis_selectivity,"tbl regclass, att_name text, geom geometry, mode text DEFAULT '2'::text",double precision,c,_postgis_gserialized_sel,"CREATE OR REPLACE FUNCTION public._postgis_selectivity(tbl regclass, att_name text, geom geometry, mode text DEFAULT '2'::text)
 RETURNS double precision
 LANGUAGE c
 PARALLEL SAFE STRICT
AS '$libdir/postgis-3', $function$_postgis_gserialized_sel$function$
"
_postgis_stats,"tbl regclass, att_name text, text DEFAULT '2'::text",text,c,_postgis_gserialized_stats,"CREATE OR REPLACE FUNCTION public._postgis_stats(tbl regclass, att_name text, text DEFAULT '2'::text)
 RETURNS text
 LANGUAGE c
 PARALLEL SAFE STRICT
AS '$libdir/postgis-3', $function$_postgis_gserialized_stats$function$
"
_set_updated_at,,trigger,plpgsql,"
begin
  new.updated_at = now();
  return new;
end ","CREATE OR REPLACE FUNCTION public._set_updated_at()
 RETURNS trigger
 LANGUAGE plpgsql
AS $function$
begin
  new.updated_at = now();
  return new;
end $function$
"
_st_3ddfullywithin,"geom1 geometry, geom2 geometry, double precision",boolean,c,LWGEOM_dfullywithin3d,"CREATE OR REPLACE FUNCTION public._st_3ddfullywithin(geom1 geometry, geom2 geometry, double precision)
 RETURNS boolean
 LANGUAGE c
 IMMUTABLE PARALLEL SAFE STRICT COST 10000
AS '$libdir/postgis-3', $function$LWGEOM_dfullywithin3d$function$
"
_st_3ddwithin,"geom1 geometry, geom2 geometry, double precision",boolean,c,LWGEOM_dwithin3d,"CREATE OR REPLACE FUNCTION public._st_3ddwithin(geom1 geometry, geom2 geometry, double precision)
 RETURNS boolean
 LANGUAGE c
 IMMUTABLE PARALLEL SAFE STRICT COST 10000
AS '$libdir/postgis-3', $function$LWGEOM_dwithin3d$function$
"
_st_3dintersects,"geom1 geometry, geom2 geometry",boolean,c,ST_3DIntersects,"CREATE OR REPLACE FUNCTION public._st_3dintersects(geom1 geometry, geom2 geometry)
 RETURNS boolean
 LANGUAGE c
 IMMUTABLE PARALLEL SAFE STRICT COST 10000
AS '$libdir/postgis-3', $function$ST_3DIntersects$function$
"
_st_asgml,"integer, geometry, integer, integer, text, text",text,c,LWGEOM_asGML,"CREATE OR REPLACE FUNCTION public._st_asgml(integer, geometry, integer, integer, text, text)
 RETURNS text
 LANGUAGE c
 IMMUTABLE PARALLEL SAFE COST 500
AS '$libdir/postgis-3', $function$LWGEOM_asGML$function$
"
_st_asx3d,"integer, geometry, integer, integer, text",text,c,LWGEOM_asX3D,"CREATE OR REPLACE FUNCTION public._st_asx3d(integer, geometry, integer, integer, text)
 RETURNS text
 LANGUAGE c
 IMMUTABLE PARALLEL SAFE COST 500
AS '$libdir/postgis-3', $function$LWGEOM_asX3D$function$
"
_st_bestsrid,geography,integer,c,geography_bestsrid,"CREATE OR REPLACE FUNCTION public._st_bestsrid(geography)
 RETURNS integer
 LANGUAGE c
 IMMUTABLE PARALLEL SAFE STRICT COST 50
AS '$libdir/postgis-3', $function$geography_bestsrid$function$
"
_st_bestsrid,"geography, geography",integer,c,geography_bestsrid,"CREATE OR REPLACE FUNCTION public._st_bestsrid(geography, geography)
 RETURNS integer
 LANGUAGE c
 IMMUTABLE PARALLEL SAFE STRICT COST 50
AS '$libdir/postgis-3', $function$geography_bestsrid$function$
"
_st_contains,"geom1 geometry, geom2 geometry",boolean,c,contains,"CREATE OR REPLACE FUNCTION public._st_contains(geom1 geometry, geom2 geometry)
 RETURNS boolean
 LANGUAGE c
 IMMUTABLE PARALLEL SAFE STRICT COST 10000
AS '$libdir/postgis-3', $function$contains$function$
"
_st_containsproperly,"geom1 geometry, geom2 geometry",boolean,c,containsproperly,"CREATE OR REPLACE FUNCTION public._st_containsproperly(geom1 geometry, geom2 geometry)
 RETURNS boolean
 LANGUAGE c
 IMMUTABLE PARALLEL SAFE STRICT COST 10000
AS '$libdir/postgis-3', $function$containsproperly$function$
"
_st_coveredby,"geog1 geography, geog2 geography",boolean,c,geography_coveredby,"CREATE OR REPLACE FUNCTION public._st_coveredby(geog1 geography, geog2 geography)
 RETURNS boolean
 LANGUAGE c
 IMMUTABLE PARALLEL SAFE STRICT COST 10000
AS '$libdir/postgis-3', $function$geography_coveredby$function$
"
_st_coveredby,"geom1 geometry, geom2 geometry",boolean,c,coveredby,"CREATE OR REPLACE FUNCTION public._st_coveredby(geom1 geometry, geom2 geometry)
 RETURNS boolean
 LANGUAGE c
 IMMUTABLE PARALLEL SAFE STRICT COST 10000
AS '$libdir/postgis-3', $function$coveredby$function$
"
_st_covers,"geog1 geography, geog2 geography",boolean,c,geography_covers,"CREATE OR REPLACE FUNCTION public._st_covers(geog1 geography, geog2 geography)
 RETURNS boolean
 LANGUAGE c
 IMMUTABLE PARALLEL SAFE STRICT COST 10000
AS '$libdir/postgis-3', $function$geography_covers$function$
"
_st_covers,"geom1 geometry, geom2 geometry",boolean,c,covers,"CREATE OR REPLACE FUNCTION public._st_covers(geom1 geometry, geom2 geometry)
 RETURNS boolean
 LANGUAGE c
 IMMUTABLE PARALLEL SAFE STRICT COST 10000
AS '$libdir/postgis-3', $function$covers$function$
"
_st_crosses,"geom1 geometry, geom2 geometry",boolean,c,crosses,"CREATE OR REPLACE FUNCTION public._st_crosses(geom1 geometry, geom2 geometry)
 RETURNS boolean
 LANGUAGE c
 IMMUTABLE PARALLEL SAFE STRICT COST 10000
AS '$libdir/postgis-3', $function$crosses$function$
"
_st_dfullywithin,"geom1 geometry, geom2 geometry, double precision",boolean,c,LWGEOM_dfullywithin,"CREATE OR REPLACE FUNCTION public._st_dfullywithin(geom1 geometry, geom2 geometry, double precision)
 RETURNS boolean
 LANGUAGE c
 IMMUTABLE PARALLEL SAFE STRICT COST 10000
AS '$libdir/postgis-3', $function$LWGEOM_dfullywithin$function$
"
_st_distancetree,"geography, geography, double precision, boolean",double precision,c,geography_distance_tree,"CREATE OR REPLACE FUNCTION public._st_distancetree(geography, geography, double precision, boolean)
 RETURNS double precision
 LANGUAGE c
 IMMUTABLE STRICT COST 10000
AS '$libdir/postgis-3', $function$geography_distance_tree$function$
"
_st_distancetree,"geography, geography",double precision,sql,"SELECT public._ST_DistanceTree($1, $2, 0.0, true)","CREATE OR REPLACE FUNCTION public._st_distancetree(geography, geography)
 RETURNS double precision
 LANGUAGE sql
 IMMUTABLE STRICT
AS $function$SELECT public._ST_DistanceTree($1, $2, 0.0, true)$function$
"
_st_distanceuncached,"geography, geography, double precision, boolean",double precision,c,geography_distance_uncached,"CREATE OR REPLACE FUNCTION public._st_distanceuncached(geography, geography, double precision, boolean)
 RETURNS double precision
 LANGUAGE c
 IMMUTABLE STRICT COST 10000
AS '$libdir/postgis-3', $function$geography_distance_uncached$function$
"
_st_distanceuncached,"geography, geography",double precision,sql,"SELECT public._ST_DistanceUnCached($1, $2, 0.0, true)","CREATE OR REPLACE FUNCTION public._st_distanceuncached(geography, geography)
 RETURNS double precision
 LANGUAGE sql
 IMMUTABLE STRICT
AS $function$SELECT public._ST_DistanceUnCached($1, $2, 0.0, true)$function$
"
_st_distanceuncached,"geography, geography, boolean",double precision,sql,"SELECT public._ST_DistanceUnCached($1, $2, 0.0, $3)","CREATE OR REPLACE FUNCTION public._st_distanceuncached(geography, geography, boolean)
 RETURNS double precision
 LANGUAGE sql
 IMMUTABLE STRICT
AS $function$SELECT public._ST_DistanceUnCached($1, $2, 0.0, $3)$function$
"
_st_dwithin,"geom1 geometry, geom2 geometry, double precision",boolean,c,LWGEOM_dwithin,"CREATE OR REPLACE FUNCTION public._st_dwithin(geom1 geometry, geom2 geometry, double precision)
 RETURNS boolean
 LANGUAGE c
 IMMUTABLE PARALLEL SAFE STRICT COST 10000
AS '$libdir/postgis-3', $function$LWGEOM_dwithin$function$
"
_st_dwithin,"geog1 geography, geog2 geography, tolerance double precision, use_spheroid boolean DEFAULT true",boolean,c,geography_dwithin,"CREATE OR REPLACE FUNCTION public._st_dwithin(geog1 geography, geog2 geography, tolerance double precision, use_spheroid boolean DEFAULT true)
 RETURNS boolean
 LANGUAGE c
 IMMUTABLE PARALLEL SAFE STRICT COST 10000
AS '$libdir/postgis-3', $function$geography_dwithin$function$
"
_st_dwithinuncached,"geography, geography, double precision, boolean",boolean,c,geography_dwithin_uncached,"CREATE OR REPLACE FUNCTION public._st_dwithinuncached(geography, geography, double precision, boolean)
 RETURNS boolean
 LANGUAGE c
 IMMUTABLE STRICT COST 10000
AS '$libdir/postgis-3', $function$geography_dwithin_uncached$function$
"
_st_dwithinuncached,"geography, geography, double precision",boolean,sql,"SELECT $1 OPERATOR(public.&&) public._ST_Expand($2,$3) AND $2 OPERATOR(public.&&) public._ST_Expand($1,$3) AND public._ST_DWithinUnCached($1, $2, $3, true)","CREATE OR REPLACE FUNCTION public._st_dwithinuncached(geography, geography, double precision)
 RETURNS boolean
 LANGUAGE sql
 IMMUTABLE
AS $function$SELECT $1 OPERATOR(public.&&) public._ST_Expand($2,$3) AND $2 OPERATOR(public.&&) public._ST_Expand($1,$3) AND public._ST_DWithinUnCached($1, $2, $3, true)$function$
"
_st_equals,"geom1 geometry, geom2 geometry",boolean,c,ST_Equals,"CREATE OR REPLACE FUNCTION public._st_equals(geom1 geometry, geom2 geometry)
 RETURNS boolean
 LANGUAGE c
 IMMUTABLE PARALLEL SAFE STRICT COST 10000
AS '$libdir/postgis-3', $function$ST_Equals$function$
"
_st_expand,"geography, double precision",geography,c,geography_expand,"CREATE OR REPLACE FUNCTION public._st_expand(geography, double precision)
 RETURNS geography
 LANGUAGE c
 IMMUTABLE PARALLEL SAFE STRICT COST 50
AS '$libdir/postgis-3', $function$geography_expand$function$
"
_st_geomfromgml,"text, integer",geometry,c,geom_from_gml,"CREATE OR REPLACE FUNCTION public._st_geomfromgml(text, integer)
 RETURNS geometry
 LANGUAGE c
 IMMUTABLE PARALLEL SAFE COST 500
AS '$libdir/postgis-3', $function$geom_from_gml$function$
"
_st_intersects,"geom1 geometry, geom2 geometry",boolean,c,ST_Intersects,"CREATE OR REPLACE FUNCTION public._st_intersects(geom1 geometry, geom2 geometry)
 RETURNS boolean
 LANGUAGE c
 IMMUTABLE PARALLEL SAFE STRICT COST 10000
AS '$libdir/postgis-3', $function$ST_Intersects$function$
"
_st_linecrossingdirection,"line1 geometry, line2 geometry",integer,c,ST_LineCrossingDirection,"CREATE OR REPLACE FUNCTION public._st_linecrossingdirection(line1 geometry, line2 geometry)
 RETURNS integer
 LANGUAGE c
 IMMUTABLE PARALLEL SAFE STRICT COST 10000
AS '$libdir/postgis-3', $function$ST_LineCrossingDirection$function$
"
_st_longestline,"geom1 geometry, geom2 geometry",geometry,c,LWGEOM_longestline2d,"CREATE OR REPLACE FUNCTION public._st_longestline(geom1 geometry, geom2 geometry)
 RETURNS geometry
 LANGUAGE c
 IMMUTABLE PARALLEL SAFE STRICT COST 500
AS '$libdir/postgis-3', $function$LWGEOM_longestline2d$function$
"
_st_maxdistance,"geom1 geometry, geom2 geometry",double precision,c,LWGEOM_maxdistance2d_linestring,"CREATE OR REPLACE FUNCTION public._st_maxdistance(geom1 geometry, geom2 geometry)
 RETURNS double precision
 LANGUAGE c
 IMMUTABLE PARALLEL SAFE STRICT COST 500
AS '$libdir/postgis-3', $function$LWGEOM_maxdistance2d_linestring$function$
"
_st_orderingequals,"geom1 geometry, geom2 geometry",boolean,c,LWGEOM_same,"CREATE OR REPLACE FUNCTION public._st_orderingequals(geom1 geometry, geom2 geometry)
 RETURNS boolean
 LANGUAGE c
 IMMUTABLE PARALLEL SAFE STRICT COST 10000
AS '$libdir/postgis-3', $function$LWGEOM_same$function$
"
_st_overlaps,"geom1 geometry, geom2 geometry",boolean,c,overlaps,"CREATE OR REPLACE FUNCTION public._st_overlaps(geom1 geometry, geom2 geometry)
 RETURNS boolean
 LANGUAGE c
 IMMUTABLE PARALLEL SAFE STRICT COST 10000
AS '$libdir/postgis-3', $function$overlaps$function$
"
_st_pointoutside,geography,geography,c,geography_point_outside,"CREATE OR REPLACE FUNCTION public._st_pointoutside(geography)
 RETURNS geography
 LANGUAGE c
 IMMUTABLE STRICT
AS '$libdir/postgis-3', $function$geography_point_outside$function$
"
_st_sortablehash,geom geometry,bigint,c,_ST_SortableHash,"CREATE OR REPLACE FUNCTION public._st_sortablehash(geom geometry)
 RETURNS bigint
 LANGUAGE c
 IMMUTABLE PARALLEL SAFE STRICT COST 50
AS '$libdir/postgis-3', $function$_ST_SortableHash$function$
"
_st_touches,"geom1 geometry, geom2 geometry",boolean,c,touches,"CREATE OR REPLACE FUNCTION public._st_touches(geom1 geometry, geom2 geometry)
 RETURNS boolean
 LANGUAGE c
 IMMUTABLE PARALLEL SAFE STRICT COST 10000
AS '$libdir/postgis-3', $function$touches$function$
"
_st_voronoi,"g1 geometry, clip geometry DEFAULT NULL::geometry, tolerance double precision DEFAULT 0.0, return_polygons boolean DEFAULT true",geometry,c,ST_Voronoi,"CREATE OR REPLACE FUNCTION public._st_voronoi(g1 geometry, clip geometry DEFAULT NULL::geometry, tolerance double precision DEFAULT 0.0, return_polygons boolean DEFAULT true)
 RETURNS geometry
 LANGUAGE c
 IMMUTABLE PARALLEL SAFE COST 10000
AS '$libdir/postgis-3', $function$ST_Voronoi$function$
"
_st_within,"geom1 geometry, geom2 geometry",boolean,sql,"SELECT public._ST_Contains($2,$1)","CREATE OR REPLACE FUNCTION public._st_within(geom1 geometry, geom2 geometry)
 RETURNS boolean
 LANGUAGE sql
 IMMUTABLE PARALLEL SAFE
AS $function$SELECT public._ST_Contains($2,$1)$function$
"
_sync_review_reaction_counts,,trigger,plpgsql,"
BEGIN
  IF TG_OP = 'INSERT' THEN
    IF NEW.reaction = 'like' THEN
      UPDATE public.reviews SET like_count    = like_count    + 1 WHERE reviewid = NEW.reviewid;
    ELSIF NEW.reaction = 'dislike' THEN
      UPDATE public.reviews SET dislike_count = dislike_count + 1 WHERE reviewid = NEW.reviewid;
    END IF;

  ELSIF TG_OP = 'UPDATE' AND OLD.reaction IS DISTINCT FROM NEW.reaction THEN
    -- Roll back old
    IF OLD.reaction = 'like' THEN
      UPDATE public.reviews SET like_count    = GREATEST(0, like_count    - 1) WHERE reviewid = NEW.reviewid;
    ELSIF OLD.reaction = 'dislike' THEN
      UPDATE public.reviews SET dislike_count = GREATEST(0, dislike_count - 1) WHERE reviewid = NEW.reviewid;
    END IF;
    -- Apply new
    IF NEW.reaction = 'like' THEN
      UPDATE public.reviews SET like_count    = like_count    + 1 WHERE reviewid = NEW.reviewid;
    ELSIF NEW.reaction = 'dislike' THEN
      UPDATE public.reviews SET dislike_count = dislike_count + 1 WHERE reviewid = NEW.reviewid;
    END IF;

  ELSIF TG_OP = 'DELETE' THEN
    IF OLD.reaction = 'like' THEN
      UPDATE public.reviews SET like_count    = GREATEST(0, like_count    - 1) WHERE reviewid = OLD.reviewid;
    ELSIF OLD.reaction = 'dislike' THEN
      UPDATE public.reviews SET dislike_count = GREATEST(0, dislike_count - 1) WHERE reviewid = OLD.reviewid;
    END IF;
    RETURN OLD;
  END IF;

  RETURN NEW;
END;
","CREATE OR REPLACE FUNCTION public._sync_review_reaction_counts()
 RETURNS trigger
 LANGUAGE plpgsql
AS $function$
BEGIN
  IF TG_OP = 'INSERT' THEN
    IF NEW.reaction = 'like' THEN
      UPDATE public.reviews SET like_count    = like_count    + 1 WHERE reviewid = NEW.reviewid;
    ELSIF NEW.reaction = 'dislike' THEN
      UPDATE public.reviews SET dislike_count = dislike_count + 1 WHERE reviewid = NEW.reviewid;
    END IF;

  ELSIF TG_OP = 'UPDATE' AND OLD.reaction IS DISTINCT FROM NEW.reaction THEN
    -- Roll back old
    IF OLD.reaction = 'like' THEN
      UPDATE public.reviews SET like_count    = GREATEST(0, like_count    - 1) WHERE reviewid = NEW.reviewid;
    ELSIF OLD.reaction = 'dislike' THEN
      UPDATE public.reviews SET dislike_count = GREATEST(0, dislike_count - 1) WHERE reviewid = NEW.reviewid;
    END IF;
    -- Apply new
    IF NEW.reaction = 'like' THEN
      UPDATE public.reviews SET like_count    = like_count    + 1 WHERE reviewid = NEW.reviewid;
    ELSIF NEW.reaction = 'dislike' THEN
      UPDATE public.reviews SET dislike_count = dislike_count + 1 WHERE reviewid = NEW.reviewid;
    END IF;

  ELSIF TG_OP = 'DELETE' THEN
    IF OLD.reaction = 'like' THEN
      UPDATE public.reviews SET like_count    = GREATEST(0, like_count    - 1) WHERE reviewid = OLD.reviewid;
    ELSIF OLD.reaction = 'dislike' THEN
      UPDATE public.reviews SET dislike_count = GREATEST(0, dislike_count - 1) WHERE reviewid = OLD.reviewid;
    END IF;
    RETURN OLD;
  END IF;

  RETURN NEW;
END;
$function$
"
addauth,text,boolean,plpgsql,"
DECLARE
	lockid alias for $1;
	okay boolean;
	myrec record;
BEGIN
	-- check to see if table exists
	--  if not, CREATE TEMP TABLE mylock (transid xid, lockcode text)
	okay := 'f';
	FOR myrec IN SELECT * FROM pg_class WHERE relname = 'temp_lock_have_table' LOOP
		okay := 't';
	END LOOP;
	IF (okay <> 't') THEN
		CREATE TEMP TABLE temp_lock_have_table (transid xid, lockcode text);
			-- this will only work from pgsql7.4 up
			-- ON COMMIT DELETE ROWS;
	END IF;

	--  INSERT INTO mylock VALUES ( $1)
--	EXECUTE 'INSERT INTO temp_lock_have_table VALUES ( '||
--		quote_literal(getTransactionID()) || ',' ||
--		quote_literal(lockid) ||')';

	INSERT INTO temp_lock_have_table VALUES (getTransactionID(), lockid);

	RETURN true::boolean;
END;
","CREATE OR REPLACE FUNCTION public.addauth(text)
 RETURNS boolean
 LANGUAGE plpgsql
AS $function$
DECLARE
	lockid alias for $1;
	okay boolean;
	myrec record;
BEGIN
	-- check to see if table exists
	--  if not, CREATE TEMP TABLE mylock (transid xid, lockcode text)
	okay := 'f';
	FOR myrec IN SELECT * FROM pg_class WHERE relname = 'temp_lock_have_table' LOOP
		okay := 't';
	END LOOP;
	IF (okay <> 't') THEN
		CREATE TEMP TABLE temp_lock_have_table (transid xid, lockcode text);
			-- this will only work from pgsql7.4 up
			-- ON COMMIT DELETE ROWS;
	END IF;

	--  INSERT INTO mylock VALUES ( $1)
--	EXECUTE 'INSERT INTO temp_lock_have_table VALUES ( '||
--		quote_literal(getTransactionID()) || ',' ||
--		quote_literal(lockid) ||')';

	INSERT INTO temp_lock_have_table VALUES (getTransactionID(), lockid);

	RETURN true::boolean;
END;
$function$
"
addgeometrycolumn,"catalog_name character varying, schema_name character varying, table_name character varying, column_name character varying, new_srid_in integer, new_type character varying, new_dim integer, use_typmod boolean DEFAULT true",text,plpgsql,"
DECLARE
	rec RECORD;
	sr varchar;
	real_schema name;
	sql text;
	new_srid integer;

BEGIN

	-- Verify geometry type
	IF (postgis_type_name(new_type,new_dim) IS NULL )
	THEN
		RAISE EXCEPTION 'Invalid type name ""%(%)"" - valid ones are:
	POINT, MULTIPOINT,
	LINESTRING, MULTILINESTRING,
	POLYGON, MULTIPOLYGON,
	CIRCULARSTRING, COMPOUNDCURVE, MULTICURVE,
	CURVEPOLYGON, MULTISURFACE,
	GEOMETRY, GEOMETRYCOLLECTION,
	POINTM, MULTIPOINTM,
	LINESTRINGM, MULTILINESTRINGM,
	POLYGONM, MULTIPOLYGONM,
	CIRCULARSTRINGM, COMPOUNDCURVEM, MULTICURVEM
	CURVEPOLYGONM, MULTISURFACEM, TRIANGLE, TRIANGLEM,
	POLYHEDRALSURFACE, POLYHEDRALSURFACEM, TIN, TINM
	or GEOMETRYCOLLECTIONM', new_type, new_dim;
		RETURN 'fail';
	END IF;

	-- Verify dimension
	IF ( (new_dim >4) OR (new_dim <2) ) THEN
		RAISE EXCEPTION 'invalid dimension';
		RETURN 'fail';
	END IF;

	IF ( (new_type LIKE '%M') AND (new_dim!=3) ) THEN
		RAISE EXCEPTION 'TypeM needs 3 dimensions';
		RETURN 'fail';
	END IF;

	-- Verify SRID
	IF ( new_srid_in > 0 ) THEN
		IF new_srid_in > 998999 THEN
			RAISE EXCEPTION 'AddGeometryColumn() - SRID must be <= %', 998999;
		END IF;
		new_srid := new_srid_in;
		SELECT SRID INTO sr FROM spatial_ref_sys WHERE SRID = new_srid;
		IF NOT FOUND THEN
			RAISE EXCEPTION 'AddGeometryColumn() - invalid SRID';
			RETURN 'fail';
		END IF;
	ELSE
		new_srid := public.ST_SRID('POINT EMPTY'::public.geometry);
		IF ( new_srid_in != new_srid ) THEN
			RAISE NOTICE 'SRID value % converted to the officially unknown SRID value %', new_srid_in, new_srid;
		END IF;
	END IF;

	-- Verify schema
	IF ( schema_name IS NOT NULL AND schema_name != '' ) THEN
		sql := 'SELECT nspname FROM pg_namespace ' ||
			'WHERE text(nspname) = ' || quote_literal(schema_name) ||
			'LIMIT 1';
		RAISE DEBUG '%', sql;
		EXECUTE sql INTO real_schema;

		IF ( real_schema IS NULL ) THEN
			RAISE EXCEPTION 'Schema % is not a valid schemaname', quote_literal(schema_name);
			RETURN 'fail';
		END IF;
	END IF;

	IF ( real_schema IS NULL ) THEN
		RAISE DEBUG 'Detecting schema';
		sql := 'SELECT n.nspname AS schemaname ' ||
			'FROM pg_catalog.pg_class c ' ||
			  'JOIN pg_catalog.pg_namespace n ON n.oid = c.relnamespace ' ||
			'WHERE c.relkind = ' || quote_literal('r') ||
			' AND n.nspname NOT IN (' || quote_literal('pg_catalog') || ', ' || quote_literal('pg_toast') || ')' ||
			' AND pg_catalog.pg_table_is_visible(c.oid)' ||
			' AND c.relname = ' || quote_literal(table_name);
		RAISE DEBUG '%', sql;
		EXECUTE sql INTO real_schema;

		IF ( real_schema IS NULL ) THEN
			RAISE EXCEPTION 'Table % does not occur in the search_path', quote_literal(table_name);
			RETURN 'fail';
		END IF;
	END IF;

	-- Add geometry column to table
	IF use_typmod THEN
		 sql := 'ALTER TABLE ' ||
			quote_ident(real_schema) || '.' || quote_ident(table_name)
			|| ' ADD COLUMN ' || quote_ident(column_name) ||
			' geometry(' || public.postgis_type_name(new_type, new_dim) || ', ' || new_srid::text || ')';
		RAISE DEBUG '%', sql;
	ELSE
		sql := 'ALTER TABLE ' ||
			quote_ident(real_schema) || '.' || quote_ident(table_name)
			|| ' ADD COLUMN ' || quote_ident(column_name) ||
			' geometry ';
		RAISE DEBUG '%', sql;
	END IF;
	EXECUTE sql;

	IF NOT use_typmod THEN
		-- Add table CHECKs
		sql := 'ALTER TABLE ' ||
			quote_ident(real_schema) || '.' || quote_ident(table_name)
			|| ' ADD CONSTRAINT '
			|| quote_ident('enforce_srid_' || column_name)
			|| ' CHECK (st_srid(' || quote_ident(column_name) ||
			') = ' || new_srid::text || ')' ;
		RAISE DEBUG '%', sql;
		EXECUTE sql;

		sql := 'ALTER TABLE ' ||
			quote_ident(real_schema) || '.' || quote_ident(table_name)
			|| ' ADD CONSTRAINT '
			|| quote_ident('enforce_dims_' || column_name)
			|| ' CHECK (st_ndims(' || quote_ident(column_name) ||
			') = ' || new_dim::text || ')' ;
		RAISE DEBUG '%', sql;
		EXECUTE sql;

		IF ( NOT (new_type = 'GEOMETRY')) THEN
			sql := 'ALTER TABLE ' ||
				quote_ident(real_schema) || '.' || quote_ident(table_name) || ' ADD CONSTRAINT ' ||
				quote_ident('enforce_geotype_' || column_name) ||
				' CHECK (GeometryType(' ||
				quote_ident(column_name) || ')=' ||
				quote_literal(new_type) || ' OR (' ||
				quote_ident(column_name) || ') is null)';
			RAISE DEBUG '%', sql;
			EXECUTE sql;
		END IF;
	END IF;

	RETURN
		real_schema || '.' ||
		table_name || '.' || column_name ||
		' SRID:' || new_srid::text ||
		' TYPE:' || new_type ||
		' DIMS:' || new_dim::text || ' ';
END;
","CREATE OR REPLACE FUNCTION public.addgeometrycolumn(catalog_name character varying, schema_name character varying, table_name character varying, column_name character varying, new_srid_in integer, new_type character varying, new_dim integer, use_typmod boolean DEFAULT true)
 RETURNS text
 LANGUAGE plpgsql
 STRICT
AS $function$
DECLARE
	rec RECORD;
	sr varchar;
	real_schema name;
	sql text;
	new_srid integer;

BEGIN

	-- Verify geometry type
	IF (postgis_type_name(new_type,new_dim) IS NULL )
	THEN
		RAISE EXCEPTION 'Invalid type name ""%(%)"" - valid ones are:
	POINT, MULTIPOINT,
	LINESTRING, MULTILINESTRING,
	POLYGON, MULTIPOLYGON,
	CIRCULARSTRING, COMPOUNDCURVE, MULTICURVE,
	CURVEPOLYGON, MULTISURFACE,
	GEOMETRY, GEOMETRYCOLLECTION,
	POINTM, MULTIPOINTM,
	LINESTRINGM, MULTILINESTRINGM,
	POLYGONM, MULTIPOLYGONM,
	CIRCULARSTRINGM, COMPOUNDCURVEM, MULTICURVEM
	CURVEPOLYGONM, MULTISURFACEM, TRIANGLE, TRIANGLEM,
	POLYHEDRALSURFACE, POLYHEDRALSURFACEM, TIN, TINM
	or GEOMETRYCOLLECTIONM', new_type, new_dim;
		RETURN 'fail';
	END IF;

	-- Verify dimension
	IF ( (new_dim >4) OR (new_dim <2) ) THEN
		RAISE EXCEPTION 'invalid dimension';
		RETURN 'fail';
	END IF;

	IF ( (new_type LIKE '%M') AND (new_dim!=3) ) THEN
		RAISE EXCEPTION 'TypeM needs 3 dimensions';
		RETURN 'fail';
	END IF;

	-- Verify SRID
	IF ( new_srid_in > 0 ) THEN
		IF new_srid_in > 998999 THEN
			RAISE EXCEPTION 'AddGeometryColumn() - SRID must be <= %', 998999;
		END IF;
		new_srid := new_srid_in;
		SELECT SRID INTO sr FROM spatial_ref_sys WHERE SRID = new_srid;
		IF NOT FOUND THEN
			RAISE EXCEPTION 'AddGeometryColumn() - invalid SRID';
			RETURN 'fail';
		END IF;
	ELSE
		new_srid := public.ST_SRID('POINT EMPTY'::public.geometry);
		IF ( new_srid_in != new_srid ) THEN
			RAISE NOTICE 'SRID value % converted to the officially unknown SRID value %', new_srid_in, new_srid;
		END IF;
	END IF;

	-- Verify schema
	IF ( schema_name IS NOT NULL AND schema_name != '' ) THEN
		sql := 'SELECT nspname FROM pg_namespace ' ||
			'WHERE text(nspname) = ' || quote_literal(schema_name) ||
			'LIMIT 1';
		RAISE DEBUG '%', sql;
		EXECUTE sql INTO real_schema;

		IF ( real_schema IS NULL ) THEN
			RAISE EXCEPTION 'Schema % is not a valid schemaname', quote_literal(schema_name);
			RETURN 'fail';
		END IF;
	END IF;

	IF ( real_schema IS NULL ) THEN
		RAISE DEBUG 'Detecting schema';
		sql := 'SELECT n.nspname AS schemaname ' ||
			'FROM pg_catalog.pg_class c ' ||
			  'JOIN pg_catalog.pg_namespace n ON n.oid = c.relnamespace ' ||
			'WHERE c.relkind = ' || quote_literal('r') ||
			' AND n.nspname NOT IN (' || quote_literal('pg_catalog') || ', ' || quote_literal('pg_toast') || ')' ||
			' AND pg_catalog.pg_table_is_visible(c.oid)' ||
			' AND c.relname = ' || quote_literal(table_name);
		RAISE DEBUG '%', sql;
		EXECUTE sql INTO real_schema;

		IF ( real_schema IS NULL ) THEN
			RAISE EXCEPTION 'Table % does not occur in the search_path', quote_literal(table_name);
			RETURN 'fail';
		END IF;
	END IF;

	-- Add geometry column to table
	IF use_typmod THEN
		 sql := 'ALTER TABLE ' ||
			quote_ident(real_schema) || '.' || quote_ident(table_name)
			|| ' ADD COLUMN ' || quote_ident(column_name) ||
			' geometry(' || public.postgis_type_name(new_type, new_dim) || ', ' || new_srid::text || ')';
		RAISE DEBUG '%', sql;
	ELSE
		sql := 'ALTER TABLE ' ||
			quote_ident(real_schema) || '.' || quote_ident(table_name)
			|| ' ADD COLUMN ' || quote_ident(column_name) ||
			' geometry ';
		RAISE DEBUG '%', sql;
	END IF;
	EXECUTE sql;

	IF NOT use_typmod THEN
		-- Add table CHECKs
		sql := 'ALTER TABLE ' ||
			quote_ident(real_schema) || '.' || quote_ident(table_name)
			|| ' ADD CONSTRAINT '
			|| quote_ident('enforce_srid_' || column_name)
			|| ' CHECK (st_srid(' || quote_ident(column_name) ||
			') = ' || new_srid::text || ')' ;
		RAISE DEBUG '%', sql;
		EXECUTE sql;

		sql := 'ALTER TABLE ' ||
			quote_ident(real_schema) || '.' || quote_ident(table_name)
			|| ' ADD CONSTRAINT '
			|| quote_ident('enforce_dims_' || column_name)
			|| ' CHECK (st_ndims(' || quote_ident(column_name) ||
			') = ' || new_dim::text || ')' ;
		RAISE DEBUG '%', sql;
		EXECUTE sql;

		IF ( NOT (new_type = 'GEOMETRY')) THEN
			sql := 'ALTER TABLE ' ||
				quote_ident(real_schema) || '.' || quote_ident(table_name) || ' ADD CONSTRAINT ' ||
				quote_ident('enforce_geotype_' || column_name) ||
				' CHECK (GeometryType(' ||
				quote_ident(column_name) || ')=' ||
				quote_literal(new_type) || ' OR (' ||
				quote_ident(column_name) || ') is null)';
			RAISE DEBUG '%', sql;
			EXECUTE sql;
		END IF;
	END IF;

	RETURN
		real_schema || '.' ||
		table_name || '.' || column_name ||
		' SRID:' || new_srid::text ||
		' TYPE:' || new_type ||
		' DIMS:' || new_dim::text || ' ';
END;
$function$
"
addgeometrycolumn,"schema_name character varying, table_name character varying, column_name character varying, new_srid integer, new_type character varying, new_dim integer, use_typmod boolean DEFAULT true",text,plpgsql,"
DECLARE
	ret  text;
BEGIN
	SELECT public.AddGeometryColumn('',$1,$2,$3,$4,$5,$6,$7) into ret;
	RETURN ret;
END;
","CREATE OR REPLACE FUNCTION public.addgeometrycolumn(schema_name character varying, table_name character varying, column_name character varying, new_srid integer, new_type character varying, new_dim integer, use_typmod boolean DEFAULT true)
 RETURNS text
 LANGUAGE plpgsql
 STABLE STRICT
AS $function$
DECLARE
	ret  text;
BEGIN
	SELECT public.AddGeometryColumn('',$1,$2,$3,$4,$5,$6,$7) into ret;
	RETURN ret;
END;
$function$
"
addgeometrycolumn,"table_name character varying, column_name character varying, new_srid integer, new_type character varying, new_dim integer, use_typmod boolean DEFAULT true",text,plpgsql,"
DECLARE
	ret  text;
BEGIN
	SELECT public.AddGeometryColumn('','',$1,$2,$3,$4,$5, $6) into ret;
	RETURN ret;
END;
","CREATE OR REPLACE FUNCTION public.addgeometrycolumn(table_name character varying, column_name character varying, new_srid integer, new_type character varying, new_dim integer, use_typmod boolean DEFAULT true)
 RETURNS text
 LANGUAGE plpgsql
 STRICT
AS $function$
DECLARE
	ret  text;
BEGIN
	SELECT public.AddGeometryColumn('','',$1,$2,$3,$4,$5, $6) into ret;
	RETURN ret;
END;
$function$
"
box,geometry,box,c,LWGEOM_to_BOX,"CREATE OR REPLACE FUNCTION public.box(geometry)
 RETURNS box
 LANGUAGE c
 IMMUTABLE PARALLEL SAFE STRICT COST 50
AS '$libdir/postgis-3', $function$LWGEOM_to_BOX$function$
"
box,box3d,box,c,BOX3D_to_BOX,"CREATE OR REPLACE FUNCTION public.box(box3d)
 RETURNS box
 LANGUAGE c
 IMMUTABLE PARALLEL SAFE STRICT COST 50
AS '$libdir/postgis-3', $function$BOX3D_to_BOX$function$
"
box2d,box3d,box2d,c,BOX3D_to_BOX2D,"CREATE OR REPLACE FUNCTION public.box2d(box3d)
 RETURNS box2d
 LANGUAGE c
 IMMUTABLE PARALLEL SAFE STRICT COST 50
AS '$libdir/postgis-3', $function$BOX3D_to_BOX2D$function$
"
box2d,geometry,box2d,c,LWGEOM_to_BOX2D,"CREATE OR REPLACE FUNCTION public.box2d(geometry)
 RETURNS box2d
 LANGUAGE c
 IMMUTABLE PARALLEL SAFE STRICT COST 50
AS '$libdir/postgis-3', $function$LWGEOM_to_BOX2D$function$
"
box2d_in,cstring,box2d,c,BOX2D_in,"CREATE OR REPLACE FUNCTION public.box2d_in(cstring)
 RETURNS box2d
 LANGUAGE c
 IMMUTABLE PARALLEL SAFE STRICT
AS '$libdir/postgis-3', $function$BOX2D_in$function$
"
box2d_out,box2d,cstring,c,BOX2D_out,"CREATE OR REPLACE FUNCTION public.box2d_out(box2d)
 RETURNS cstring
 LANGUAGE c
 IMMUTABLE PARALLEL SAFE STRICT
AS '$libdir/postgis-3', $function$BOX2D_out$function$
"
box2df_in,cstring,box2df,c,box2df_in,"CREATE OR REPLACE FUNCTION public.box2df_in(cstring)
 RETURNS box2df
 LANGUAGE c
 IMMUTABLE PARALLEL SAFE STRICT
AS '$libdir/postgis-3', $function$box2df_in$function$
"
box2df_out,box2df,cstring,c,box2df_out,"CREATE OR REPLACE FUNCTION public.box2df_out(box2df)
 RETURNS cstring
 LANGUAGE c
 IMMUTABLE PARALLEL SAFE STRICT
AS '$libdir/postgis-3', $function$box2df_out$function$
"
box3d,geometry,box3d,c,LWGEOM_to_BOX3D,"CREATE OR REPLACE FUNCTION public.box3d(geometry)
 RETURNS box3d
 LANGUAGE c
 IMMUTABLE PARALLEL SAFE STRICT COST 50
AS '$libdir/postgis-3', $function$LWGEOM_to_BOX3D$function$
"
box3d,box2d,box3d,c,BOX2D_to_BOX3D,"CREATE OR REPLACE FUNCTION public.box3d(box2d)
 RETURNS box3d
 LANGUAGE c
 IMMUTABLE PARALLEL SAFE STRICT COST 50
AS '$libdir/postgis-3', $function$BOX2D_to_BOX3D$function$
"
box3d_in,cstring,box3d,c,BOX3D_in,"CREATE OR REPLACE FUNCTION public.box3d_in(cstring)
 RETURNS box3d
 LANGUAGE c
 IMMUTABLE PARALLEL SAFE STRICT
AS '$libdir/postgis-3', $function$BOX3D_in$function$
"
box3d_out,box3d,cstring,c,BOX3D_out,"CREATE OR REPLACE FUNCTION public.box3d_out(box3d)
 RETURNS cstring
 LANGUAGE c
 IMMUTABLE PARALLEL SAFE STRICT
AS '$libdir/postgis-3', $function$BOX3D_out$function$
"
box3dtobox,box3d,box,c,BOX3D_to_BOX,"CREATE OR REPLACE FUNCTION public.box3dtobox(box3d)
 RETURNS box
 LANGUAGE c
 IMMUTABLE PARALLEL SAFE STRICT COST 50
AS '$libdir/postgis-3', $function$BOX3D_to_BOX$function$
"
bytea,geography,bytea,c,LWGEOM_to_bytea,"CREATE OR REPLACE FUNCTION public.bytea(geography)
 RETURNS bytea
 LANGUAGE c
 IMMUTABLE PARALLEL SAFE STRICT
AS '$libdir/postgis-3', $function$LWGEOM_to_bytea$function$
"
bytea,geometry,bytea,c,LWGEOM_to_bytea,"CREATE OR REPLACE FUNCTION public.bytea(geometry)
 RETURNS bytea
 LANGUAGE c
 IMMUTABLE PARALLEL SAFE STRICT COST 50
AS '$libdir/postgis-3', $function$LWGEOM_to_bytea$function$
"
cash_dist,"money, money",money,c,cash_dist,"CREATE OR REPLACE FUNCTION public.cash_dist(money, money)
 RETURNS money
 LANGUAGE c
 IMMUTABLE PARALLEL SAFE STRICT
AS '$libdir/btree_gist', $function$cash_dist$function$
"
checkauth,"text, text",integer,sql," SELECT CheckAuth('', $1, $2) ","CREATE OR REPLACE FUNCTION public.checkauth(text, text)
 RETURNS integer
 LANGUAGE sql
AS $function$ SELECT CheckAuth('', $1, $2) $function$
"
checkauth,"text, text, text",integer,plpgsql,"
DECLARE
	schema text;
BEGIN
	IF NOT LongTransactionsEnabled() THEN
		RAISE EXCEPTION 'Long transaction support disabled, use EnableLongTransaction() to enable.';
	END IF;

	if ( $1 != '' ) THEN
		schema = $1;
	ELSE
		SELECT current_schema() into schema;
	END IF;

	-- TODO: check for an already existing trigger ?

	EXECUTE 'CREATE TRIGGER check_auth BEFORE UPDATE OR DELETE ON '
		|| quote_ident(schema) || '.' || quote_ident($2)
		||' FOR EACH ROW EXECUTE PROCEDURE CheckAuthTrigger('
		|| quote_literal($3) || ')';

	RETURN 0;
END;
","CREATE OR REPLACE FUNCTION public.checkauth(text, text, text)
 RETURNS integer
 LANGUAGE plpgsql
AS $function$
DECLARE
	schema text;
BEGIN
	IF NOT LongTransactionsEnabled() THEN
		RAISE EXCEPTION 'Long transaction support disabled, use EnableLongTransaction() to enable.';
	END IF;

	if ( $1 != '' ) THEN
		schema = $1;
	ELSE
		SELECT current_schema() into schema;
	END IF;

	-- TODO: check for an already existing trigger ?

	EXECUTE 'CREATE TRIGGER check_auth BEFORE UPDATE OR DELETE ON '
		|| quote_ident(schema) || '.' || quote_ident($2)
		||' FOR EACH ROW EXECUTE PROCEDURE CheckAuthTrigger('
		|| quote_literal($3) || ')';

	RETURN 0;
END;
$function$
"
checkauthtrigger,,trigger,c,check_authorization,"CREATE OR REPLACE FUNCTION public.checkauthtrigger()
 RETURNS trigger
 LANGUAGE c
AS '$libdir/postgis-3', $function$check_authorization$function$
"
contains_2d,"geometry, box2df",boolean,sql,SELECT $2 OPERATOR(public.@) $1;,"CREATE OR REPLACE FUNCTION public.contains_2d(geometry, box2df)
 RETURNS boolean
 LANGUAGE sql
 IMMUTABLE PARALLEL SAFE STRICT COST 1
AS $function$SELECT $2 OPERATOR(public.@) $1;$function$
"
contains_2d,"box2df, box2df",boolean,c,gserialized_contains_box2df_box2df_2d,"CREATE OR REPLACE FUNCTION public.contains_2d(box2df, box2df)
 RETURNS boolean
 LANGUAGE c
 IMMUTABLE PARALLEL SAFE STRICT
AS '$libdir/postgis-3', $function$gserialized_contains_box2df_box2df_2d$function$
"
contains_2d,"box2df, geometry",boolean,c,gserialized_contains_box2df_geom_2d,"CREATE OR REPLACE FUNCTION public.contains_2d(box2df, geometry)
 RETURNS boolean
 LANGUAGE c
 IMMUTABLE PARALLEL SAFE STRICT
AS '$libdir/postgis-3', $function$gserialized_contains_box2df_geom_2d$function$
"
date_dist,"date, date",integer,c,date_dist,"CREATE OR REPLACE FUNCTION public.date_dist(date, date)
 RETURNS integer
 LANGUAGE c
 IMMUTABLE PARALLEL SAFE STRICT
AS '$libdir/btree_gist', $function$date_dist$function$
"
disablelongtransactions,,text,plpgsql,"
DECLARE
	rec RECORD;

BEGIN

	--
	-- Drop all triggers applied by CheckAuth()
	--
	FOR rec IN
		SELECT c.relname, t.tgname, t.tgargs FROM pg_trigger t, pg_class c, pg_proc p
		WHERE p.proname = 'checkauthtrigger' and t.tgfoid = p.oid and t.tgrelid = c.oid
	LOOP
		EXECUTE 'DROP TRIGGER ' || quote_ident(rec.tgname) ||
			' ON ' || quote_ident(rec.relname);
	END LOOP;

	--
	-- Drop the authorization_table table
	--
	FOR rec IN SELECT * FROM pg_class WHERE relname = 'authorization_table' LOOP
		DROP TABLE authorization_table;
	END LOOP;

	--
	-- Drop the authorized_tables view
	--
	FOR rec IN SELECT * FROM pg_class WHERE relname = 'authorized_tables' LOOP
		DROP VIEW authorized_tables;
	END LOOP;

	RETURN 'Long transactions support disabled';
END;
","CREATE OR REPLACE FUNCTION public.disablelongtransactions()
 RETURNS text
 LANGUAGE plpgsql
AS $function$
DECLARE
	rec RECORD;

BEGIN

	--
	-- Drop all triggers applied by CheckAuth()
	--
	FOR rec IN
		SELECT c.relname, t.tgname, t.tgargs FROM pg_trigger t, pg_class c, pg_proc p
		WHERE p.proname = 'checkauthtrigger' and t.tgfoid = p.oid and t.tgrelid = c.oid
	LOOP
		EXECUTE 'DROP TRIGGER ' || quote_ident(rec.tgname) ||
			' ON ' || quote_ident(rec.relname);
	END LOOP;

	--
	-- Drop the authorization_table table
	--
	FOR rec IN SELECT * FROM pg_class WHERE relname = 'authorization_table' LOOP
		DROP TABLE authorization_table;
	END LOOP;

	--
	-- Drop the authorized_tables view
	--
	FOR rec IN SELECT * FROM pg_class WHERE relname = 'authorized_tables' LOOP
		DROP VIEW authorized_tables;
	END LOOP;

	RETURN 'Long transactions support disabled';
END;
$function$
"
dropgeometrycolumn,"table_name character varying, column_name character varying",text,plpgsql,"
DECLARE
	ret text;
BEGIN
	SELECT public.DropGeometryColumn('','',$1,$2) into ret;
	RETURN ret;
END;
","CREATE OR REPLACE FUNCTION public.dropgeometrycolumn(table_name character varying, column_name character varying)
 RETURNS text
 LANGUAGE plpgsql
 STRICT
AS $function$
DECLARE
	ret text;
BEGIN
	SELECT public.DropGeometryColumn('','',$1,$2) into ret;
	RETURN ret;
END;
$function$
"
dropgeometrycolumn,"schema_name character varying, table_name character varying, column_name character varying",text,plpgsql,"
DECLARE
	ret text;
BEGIN
	SELECT public.DropGeometryColumn('',$1,$2,$3) into ret;
	RETURN ret;
END;
","CREATE OR REPLACE FUNCTION public.dropgeometrycolumn(schema_name character varying, table_name character varying, column_name character varying)
 RETURNS text
 LANGUAGE plpgsql
 STRICT
AS $function$
DECLARE
	ret text;
BEGIN
	SELECT public.DropGeometryColumn('',$1,$2,$3) into ret;
	RETURN ret;
END;
$function$
"
dropgeometrycolumn,"catalog_name character varying, schema_name character varying, table_name character varying, column_name character varying",text,plpgsql,"
DECLARE
	myrec RECORD;
	okay boolean;
	real_schema name;

BEGIN

	-- Find, check or fix schema_name
	IF ( schema_name != '' ) THEN
		okay = false;

		FOR myrec IN SELECT nspname FROM pg_namespace WHERE text(nspname) = schema_name LOOP
			okay := true;
		END LOOP;

		IF ( okay <>  true ) THEN
			RAISE NOTICE 'Invalid schema name - using current_schema()';
			SELECT current_schema() into real_schema;
		ELSE
			real_schema = schema_name;
		END IF;
	ELSE
		SELECT current_schema() into real_schema;
	END IF;

	-- Find out if the column is in the geometry_columns table
	okay = false;
	FOR myrec IN SELECT * from public.geometry_columns where f_table_schema = text(real_schema) and f_table_name = table_name and f_geometry_column = column_name LOOP
		okay := true;
	END LOOP;
	IF (okay <> true) THEN
		RAISE EXCEPTION 'column not found in geometry_columns table';
		RETURN false;
	END IF;

	-- Remove table column
	EXECUTE 'ALTER TABLE ' || quote_ident(real_schema) || '.' ||
		quote_ident(table_name) || ' DROP COLUMN ' ||
		quote_ident(column_name);

	RETURN real_schema || '.' || table_name || '.' || column_name ||' effectively removed.';

END;
","CREATE OR REPLACE FUNCTION public.dropgeometrycolumn(catalog_name character varying, schema_name character varying, table_name character varying, column_name character varying)
 RETURNS text
 LANGUAGE plpgsql
 STRICT
AS $function$
DECLARE
	myrec RECORD;
	okay boolean;
	real_schema name;

BEGIN

	-- Find, check or fix schema_name
	IF ( schema_name != '' ) THEN
		okay = false;

		FOR myrec IN SELECT nspname FROM pg_namespace WHERE text(nspname) = schema_name LOOP
			okay := true;
		END LOOP;

		IF ( okay <>  true ) THEN
			RAISE NOTICE 'Invalid schema name - using current_schema()';
			SELECT current_schema() into real_schema;
		ELSE
			real_schema = schema_name;
		END IF;
	ELSE
		SELECT current_schema() into real_schema;
	END IF;

	-- Find out if the column is in the geometry_columns table
	okay = false;
	FOR myrec IN SELECT * from public.geometry_columns where f_table_schema = text(real_schema) and f_table_name = table_name and f_geometry_column = column_name LOOP
		okay := true;
	END LOOP;
	IF (okay <> true) THEN
		RAISE EXCEPTION 'column not found in geometry_columns table';
		RETURN false;
	END IF;

	-- Remove table column
	EXECUTE 'ALTER TABLE ' || quote_ident(real_schema) || '.' ||
		quote_ident(table_name) || ' DROP COLUMN ' ||
		quote_ident(column_name);

	RETURN real_schema || '.' || table_name || '.' || column_name ||' effectively removed.';

END;
$function$
"
dropgeometrytable,"schema_name character varying, table_name character varying",text,sql," SELECT public.DropGeometryTable('',$1,$2) ","CREATE OR REPLACE FUNCTION public.dropgeometrytable(schema_name character varying, table_name character varying)
 RETURNS text
 LANGUAGE sql
 STRICT
AS $function$ SELECT public.DropGeometryTable('',$1,$2) $function$
"
dropgeometrytable,table_name character varying,text,sql," SELECT public.DropGeometryTable('','',$1) ","CREATE OR REPLACE FUNCTION public.dropgeometrytable(table_name character varying)
 RETURNS text
 LANGUAGE sql
 STRICT
AS $function$ SELECT public.DropGeometryTable('','',$1) $function$
"
dropgeometrytable,"catalog_name character varying, schema_name character varying, table_name character varying",text,plpgsql,"
DECLARE
	real_schema name;

BEGIN

	IF ( schema_name = '' ) THEN
		SELECT current_schema() into real_schema;
	ELSE
		real_schema = schema_name;
	END IF;

	-- TODO: Should we warn if table doesn't exist probably instead just saying dropped
	-- Remove table
	EXECUTE 'DROP TABLE IF EXISTS '
		|| quote_ident(real_schema) || '.' ||
		quote_ident(table_name) || ' RESTRICT';

	RETURN
		real_schema || '.' ||
		table_name ||' dropped.';

END;
","CREATE OR REPLACE FUNCTION public.dropgeometrytable(catalog_name character varying, schema_name character varying, table_name character varying)
 RETURNS text
 LANGUAGE plpgsql
 STRICT
AS $function$
DECLARE
	real_schema name;

BEGIN

	IF ( schema_name = '' ) THEN
		SELECT current_schema() into real_schema;
	ELSE
		real_schema = schema_name;
	END IF;

	-- TODO: Should we warn if table doesn't exist probably instead just saying dropped
	-- Remove table
	EXECUTE 'DROP TABLE IF EXISTS '
		|| quote_ident(real_schema) || '.' ||
		quote_ident(table_name) || ' RESTRICT';

	RETURN
		real_schema || '.' ||
		table_name ||' dropped.';

END;
$function$
"
enablelongtransactions,,text,plpgsql,"
DECLARE
	""query"" text;
	exists bool;
	rec RECORD;

BEGIN

	exists = 'f';
	FOR rec IN SELECT * FROM pg_class WHERE relname = 'authorization_table'
	LOOP
		exists = 't';
	END LOOP;

	IF NOT exists
	THEN
		""query"" = 'CREATE TABLE authorization_table (
			toid oid, -- table oid
			rid text, -- row id
			expires timestamp,
			authid text
		)';
		EXECUTE ""query"";
	END IF;

	exists = 'f';
	FOR rec IN SELECT * FROM pg_class WHERE relname = 'authorized_tables'
	LOOP
		exists = 't';
	END LOOP;

	IF NOT exists THEN
		""query"" = 'CREATE VIEW authorized_tables AS ' ||
			'SELECT ' ||
			'n.nspname as schema, ' ||
			'c.relname as table, trim(' ||
			quote_literal(chr(92) || '000') ||
			' from t.tgargs) as id_column ' ||
			'FROM pg_trigger t, pg_class c, pg_proc p ' ||
			', pg_namespace n ' ||
			'WHERE p.proname = ' || quote_literal('checkauthtrigger') ||
			' AND c.relnamespace = n.oid' ||
			' AND t.tgfoid = p.oid and t.tgrelid = c.oid';
		EXECUTE ""query"";
	END IF;

	RETURN 'Long transactions support enabled';
END;
","CREATE OR REPLACE FUNCTION public.enablelongtransactions()
 RETURNS text
 LANGUAGE plpgsql
AS $function$
DECLARE
	""query"" text;
	exists bool;
	rec RECORD;

BEGIN

	exists = 'f';
	FOR rec IN SELECT * FROM pg_class WHERE relname = 'authorization_table'
	LOOP
		exists = 't';
	END LOOP;

	IF NOT exists
	THEN
		""query"" = 'CREATE TABLE authorization_table (
			toid oid, -- table oid
			rid text, -- row id
			expires timestamp,
			authid text
		)';
		EXECUTE ""query"";
	END IF;

	exists = 'f';
	FOR rec IN SELECT * FROM pg_class WHERE relname = 'authorized_tables'
	LOOP
		exists = 't';
	END LOOP;

	IF NOT exists THEN
		""query"" = 'CREATE VIEW authorized_tables AS ' ||
			'SELECT ' ||
			'n.nspname as schema, ' ||
			'c.relname as table, trim(' ||
			quote_literal(chr(92) || '000') ||
			' from t.tgargs) as id_column ' ||
			'FROM pg_trigger t, pg_class c, pg_proc p ' ||
			', pg_namespace n ' ||
			'WHERE p.proname = ' || quote_literal('checkauthtrigger') ||
			' AND c.relnamespace = n.oid' ||
			' AND t.tgfoid = p.oid and t.tgrelid = c.oid';
		EXECUTE ""query"";
	END IF;

	RETURN 'Long transactions support enabled';
END;
$function$
"
equals,"geom1 geometry, geom2 geometry",boolean,c,ST_Equals,"CREATE OR REPLACE FUNCTION public.equals(geom1 geometry, geom2 geometry)
 RETURNS boolean
 LANGUAGE c
 IMMUTABLE PARALLEL SAFE STRICT COST 500
AS '$libdir/postgis-3', $function$ST_Equals$function$
"
find_srid,"character varying, character varying, character varying",integer,plpgsql,"
DECLARE
	schem varchar =  $1;
	tabl varchar = $2;
	sr int4;
BEGIN
-- if the table contains a . and the schema is empty
-- split the table into a schema and a table
-- otherwise drop through to default behavior
	IF ( schem = '' and strpos(tabl,'.') > 0 ) THEN
	 schem = substr(tabl,1,strpos(tabl,'.')-1);
	 tabl = substr(tabl,length(schem)+2);
	END IF;

	select SRID into sr from public.geometry_columns where (f_table_schema = schem or schem = '') and f_table_name = tabl and f_geometry_column = $3;
	IF NOT FOUND THEN
	   RAISE EXCEPTION 'find_srid() - could not find the corresponding SRID - is the geometry registered in the GEOMETRY_COLUMNS table?  Is there an uppercase/lowercase mismatch?';
	END IF;
	return sr;
END;
","CREATE OR REPLACE FUNCTION public.find_srid(character varying, character varying, character varying)
 RETURNS integer
 LANGUAGE plpgsql
 STABLE PARALLEL SAFE STRICT
AS $function$
DECLARE
	schem varchar =  $1;
	tabl varchar = $2;
	sr int4;
BEGIN
-- if the table contains a . and the schema is empty
-- split the table into a schema and a table
-- otherwise drop through to default behavior
	IF ( schem = '' and strpos(tabl,'.') > 0 ) THEN
	 schem = substr(tabl,1,strpos(tabl,'.')-1);
	 tabl = substr(tabl,length(schem)+2);
	END IF;

	select SRID into sr from public.geometry_columns where (f_table_schema = schem or schem = '') and f_table_name = tabl and f_geometry_column = $3;
	IF NOT FOUND THEN
	   RAISE EXCEPTION 'find_srid() - could not find the corresponding SRID - is the geometry registered in the GEOMETRY_COLUMNS table?  Is there an uppercase/lowercase mismatch?';
	END IF;
	return sr;
END;
$function$
"
float4_dist,"real, real",real,c,float4_dist,"CREATE OR REPLACE FUNCTION public.float4_dist(real, real)
 RETURNS real
 LANGUAGE c
 IMMUTABLE PARALLEL SAFE STRICT
AS '$libdir/btree_gist', $function$float4_dist$function$
"
float8_dist,"double precision, double precision",double precision,c,float8_dist,"CREATE OR REPLACE FUNCTION public.float8_dist(double precision, double precision)
 RETURNS double precision
 LANGUAGE c
 IMMUTABLE PARALLEL SAFE STRICT
AS '$libdir/btree_gist', $function$float8_dist$function$
"
gbt_bit_compress,internal,internal,c,gbt_bit_compress,"CREATE OR REPLACE FUNCTION public.gbt_bit_compress(internal)
 RETURNS internal
 LANGUAGE c
 IMMUTABLE PARALLEL SAFE STRICT
AS '$libdir/btree_gist', $function$gbt_bit_compress$function$
"
gbt_bit_consistent,"internal, bit, smallint, oid, internal",boolean,c,gbt_bit_consistent,"CREATE OR REPLACE FUNCTION public.gbt_bit_consistent(internal, bit, smallint, oid, internal)
 RETURNS boolean
 LANGUAGE c
 IMMUTABLE PARALLEL SAFE STRICT
AS '$libdir/btree_gist', $function$gbt_bit_consistent$function$
"
gbt_bit_penalty,"internal, internal, internal",internal,c,gbt_bit_penalty,"CREATE OR REPLACE FUNCTION public.gbt_bit_penalty(internal, internal, internal)
 RETURNS internal
 LANGUAGE c
 IMMUTABLE PARALLEL SAFE STRICT
AS '$libdir/btree_gist', $function$gbt_bit_penalty$function$
"
gbt_bit_picksplit,"internal, internal",internal,c,gbt_bit_picksplit,"CREATE OR REPLACE FUNCTION public.gbt_bit_picksplit(internal, internal)
 RETURNS internal
 LANGUAGE c
 IMMUTABLE PARALLEL SAFE STRICT
AS '$libdir/btree_gist', $function$gbt_bit_picksplit$function$
"
gbt_bit_same,"gbtreekey_var, gbtreekey_var, internal",internal,c,gbt_bit_same,"CREATE OR REPLACE FUNCTION public.gbt_bit_same(gbtreekey_var, gbtreekey_var, internal)
 RETURNS internal
 LANGUAGE c
 IMMUTABLE PARALLEL SAFE STRICT
AS '$libdir/btree_gist', $function$gbt_bit_same$function$
"
gbt_bit_union,"internal, internal",gbtreekey_var,c,gbt_bit_union,"CREATE OR REPLACE FUNCTION public.gbt_bit_union(internal, internal)
 RETURNS gbtreekey_var
 LANGUAGE c
 IMMUTABLE PARALLEL SAFE STRICT
AS '$libdir/btree_gist', $function$gbt_bit_union$function$
"
gbt_bool_compress,internal,internal,c,gbt_bool_compress,"CREATE OR REPLACE FUNCTION public.gbt_bool_compress(internal)
 RETURNS internal
 LANGUAGE c
 IMMUTABLE STRICT
AS '$libdir/btree_gist', $function$gbt_bool_compress$function$
"
gbt_bool_consistent,"internal, boolean, smallint, oid, internal",boolean,c,gbt_bool_consistent,"CREATE OR REPLACE FUNCTION public.gbt_bool_consistent(internal, boolean, smallint, oid, internal)
 RETURNS boolean
 LANGUAGE c
 IMMUTABLE STRICT
AS '$libdir/btree_gist', $function$gbt_bool_consistent$function$
"
gbt_bool_fetch,internal,internal,c,gbt_bool_fetch,"CREATE OR REPLACE FUNCTION public.gbt_bool_fetch(internal)
 RETURNS internal
 LANGUAGE c
 IMMUTABLE STRICT
AS '$libdir/btree_gist', $function$gbt_bool_fetch$function$
"
gbt_bool_penalty,"internal, internal, internal",internal,c,gbt_bool_penalty,"CREATE OR REPLACE FUNCTION public.gbt_bool_penalty(internal, internal, internal)
 RETURNS internal
 LANGUAGE c
 IMMUTABLE STRICT
AS '$libdir/btree_gist', $function$gbt_bool_penalty$function$
"
gbt_bool_picksplit,"internal, internal",internal,c,gbt_bool_picksplit,"CREATE OR REPLACE FUNCTION public.gbt_bool_picksplit(internal, internal)
 RETURNS internal
 LANGUAGE c
 IMMUTABLE STRICT
AS '$libdir/btree_gist', $function$gbt_bool_picksplit$function$
"
gbt_bool_same,"gbtreekey2, gbtreekey2, internal",internal,c,gbt_bool_same,"CREATE OR REPLACE FUNCTION public.gbt_bool_same(gbtreekey2, gbtreekey2, internal)
 RETURNS internal
 LANGUAGE c
 IMMUTABLE STRICT
AS '$libdir/btree_gist', $function$gbt_bool_same$function$
"
gbt_bool_union,"internal, internal",gbtreekey2,c,gbt_bool_union,"CREATE OR REPLACE FUNCTION public.gbt_bool_union(internal, internal)
 RETURNS gbtreekey2
 LANGUAGE c
 IMMUTABLE STRICT
AS '$libdir/btree_gist', $function$gbt_bool_union$function$
"
gbt_bpchar_compress,internal,internal,c,gbt_bpchar_compress,"CREATE OR REPLACE FUNCTION public.gbt_bpchar_compress(internal)
 RETURNS internal
 LANGUAGE c
 IMMUTABLE PARALLEL SAFE STRICT
AS '$libdir/btree_gist', $function$gbt_bpchar_compress$function$
"
gbt_bpchar_consistent,"internal, character, smallint, oid, internal",boolean,c,gbt_bpchar_consistent,"CREATE OR REPLACE FUNCTION public.gbt_bpchar_consistent(internal, character, smallint, oid, internal)
 RETURNS boolean
 LANGUAGE c
 IMMUTABLE PARALLEL SAFE STRICT
AS '$libdir/btree_gist', $function$gbt_bpchar_consistent$function$
"
gbt_bytea_compress,internal,internal,c,gbt_bytea_compress,"CREATE OR REPLACE FUNCTION public.gbt_bytea_compress(internal)
 RETURNS internal
 LANGUAGE c
 IMMUTABLE PARALLEL SAFE STRICT
AS '$libdir/btree_gist', $function$gbt_bytea_compress$function$
"
gbt_bytea_consistent,"internal, bytea, smallint, oid, internal",boolean,c,gbt_bytea_consistent,"CREATE OR REPLACE FUNCTION public.gbt_bytea_consistent(internal, bytea, smallint, oid, internal)
 RETURNS boolean
 LANGUAGE c
 IMMUTABLE PARALLEL SAFE STRICT
AS '$libdir/btree_gist', $function$gbt_bytea_consistent$function$
"
gbt_bytea_penalty,"internal, internal, internal",internal,c,gbt_bytea_penalty,"CREATE OR REPLACE FUNCTION public.gbt_bytea_penalty(internal, internal, internal)
 RETURNS internal
 LANGUAGE c
 IMMUTABLE PARALLEL SAFE STRICT
AS '$libdir/btree_gist', $function$gbt_bytea_penalty$function$
"
gbt_bytea_picksplit,"internal, internal",internal,c,gbt_bytea_picksplit,"CREATE OR REPLACE FUNCTION public.gbt_bytea_picksplit(internal, internal)
 RETURNS internal
 LANGUAGE c
 IMMUTABLE PARALLEL SAFE STRICT
AS '$libdir/btree_gist', $function$gbt_bytea_picksplit$function$
"
gbt_bytea_same,"gbtreekey_var, gbtreekey_var, internal",internal,c,gbt_bytea_same,"CREATE OR REPLACE FUNCTION public.gbt_bytea_same(gbtreekey_var, gbtreekey_var, internal)
 RETURNS internal
 LANGUAGE c
 IMMUTABLE PARALLEL SAFE STRICT
AS '$libdir/btree_gist', $function$gbt_bytea_same$function$
"
gbt_bytea_union,"internal, internal",gbtreekey_var,c,gbt_bytea_union,"CREATE OR REPLACE FUNCTION public.gbt_bytea_union(internal, internal)
 RETURNS gbtreekey_var
 LANGUAGE c
 IMMUTABLE PARALLEL SAFE STRICT
AS '$libdir/btree_gist', $function$gbt_bytea_union$function$
"
gbt_cash_compress,internal,internal,c,gbt_cash_compress,"CREATE OR REPLACE FUNCTION public.gbt_cash_compress(internal)
 RETURNS internal
 LANGUAGE c
 IMMUTABLE PARALLEL SAFE STRICT
AS '$libdir/btree_gist', $function$gbt_cash_compress$function$
"
gbt_cash_consistent,"internal, money, smallint, oid, internal",boolean,c,gbt_cash_consistent,"CREATE OR REPLACE FUNCTION public.gbt_cash_consistent(internal, money, smallint, oid, internal)
 RETURNS boolean
 LANGUAGE c
 IMMUTABLE PARALLEL SAFE STRICT
AS '$libdir/btree_gist', $function$gbt_cash_consistent$function$
"
gbt_cash_distance,"internal, money, smallint, oid, internal",double precision,c,gbt_cash_distance,"CREATE OR REPLACE FUNCTION public.gbt_cash_distance(internal, money, smallint, oid, internal)
 RETURNS double precision
 LANGUAGE c
 IMMUTABLE PARALLEL SAFE STRICT
AS '$libdir/btree_gist', $function$gbt_cash_distance$function$
"
gbt_cash_fetch,internal,internal,c,gbt_cash_fetch,"CREATE OR REPLACE FUNCTION public.gbt_cash_fetch(internal)
 RETURNS internal
 LANGUAGE c
 IMMUTABLE PARALLEL SAFE STRICT
AS '$libdir/btree_gist', $function$gbt_cash_fetch$function$
"
gbt_cash_penalty,"internal, internal, internal",internal,c,gbt_cash_penalty,"CREATE OR REPLACE FUNCTION public.gbt_cash_penalty(internal, internal, internal)
 RETURNS internal
 LANGUAGE c
 IMMUTABLE PARALLEL SAFE STRICT
AS '$libdir/btree_gist', $function$gbt_cash_penalty$function$
"
gbt_cash_picksplit,"internal, internal",internal,c,gbt_cash_picksplit,"CREATE OR REPLACE FUNCTION public.gbt_cash_picksplit(internal, internal)
 RETURNS internal
 LANGUAGE c
 IMMUTABLE PARALLEL SAFE STRICT
AS '$libdir/btree_gist', $function$gbt_cash_picksplit$function$
"
gbt_cash_same,"gbtreekey16, gbtreekey16, internal",internal,c,gbt_cash_same,"CREATE OR REPLACE FUNCTION public.gbt_cash_same(gbtreekey16, gbtreekey16, internal)
 RETURNS internal
 LANGUAGE c
 IMMUTABLE PARALLEL SAFE STRICT
AS '$libdir/btree_gist', $function$gbt_cash_same$function$
"
gbt_cash_union,"internal, internal",gbtreekey16,c,gbt_cash_union,"CREATE OR REPLACE FUNCTION public.gbt_cash_union(internal, internal)
 RETURNS gbtreekey16
 LANGUAGE c
 IMMUTABLE PARALLEL SAFE STRICT
AS '$libdir/btree_gist', $function$gbt_cash_union$function$
"
gbt_date_compress,internal,internal,c,gbt_date_compress,"CREATE OR REPLACE FUNCTION public.gbt_date_compress(internal)
 RETURNS internal
 LANGUAGE c
 IMMUTABLE PARALLEL SAFE STRICT
AS '$libdir/btree_gist', $function$gbt_date_compress$function$
"
gbt_date_consistent,"internal, date, smallint, oid, internal",boolean,c,gbt_date_consistent,"CREATE OR REPLACE FUNCTION public.gbt_date_consistent(internal, date, smallint, oid, internal)
 RETURNS boolean
 LANGUAGE c
 IMMUTABLE PARALLEL SAFE STRICT
AS '$libdir/btree_gist', $function$gbt_date_consistent$function$
"
gbt_date_distance,"internal, date, smallint, oid, internal",double precision,c,gbt_date_distance,"CREATE OR REPLACE FUNCTION public.gbt_date_distance(internal, date, smallint, oid, internal)
 RETURNS double precision
 LANGUAGE c
 IMMUTABLE PARALLEL SAFE STRICT
AS '$libdir/btree_gist', $function$gbt_date_distance$function$
"
gbt_date_fetch,internal,internal,c,gbt_date_fetch,"CREATE OR REPLACE FUNCTION public.gbt_date_fetch(internal)
 RETURNS internal
 LANGUAGE c
 IMMUTABLE PARALLEL SAFE STRICT
AS '$libdir/btree_gist', $function$gbt_date_fetch$function$
"
gbt_date_penalty,"internal, internal, internal",internal,c,gbt_date_penalty,"CREATE OR REPLACE FUNCTION public.gbt_date_penalty(internal, internal, internal)
 RETURNS internal
 LANGUAGE c
 IMMUTABLE PARALLEL SAFE STRICT
AS '$libdir/btree_gist', $function$gbt_date_penalty$function$
"
gbt_date_picksplit,"internal, internal",internal,c,gbt_date_picksplit,"CREATE OR REPLACE FUNCTION public.gbt_date_picksplit(internal, internal)
 RETURNS internal
 LANGUAGE c
 IMMUTABLE PARALLEL SAFE STRICT
AS '$libdir/btree_gist', $function$gbt_date_picksplit$function$
"
gbt_date_same,"gbtreekey8, gbtreekey8, internal",internal,c,gbt_date_same,"CREATE OR REPLACE FUNCTION public.gbt_date_same(gbtreekey8, gbtreekey8, internal)
 RETURNS internal
 LANGUAGE c
 IMMUTABLE PARALLEL SAFE STRICT
AS '$libdir/btree_gist', $function$gbt_date_same$function$
"
gbt_date_union,"internal, internal",gbtreekey8,c,gbt_date_union,"CREATE OR REPLACE FUNCTION public.gbt_date_union(internal, internal)
 RETURNS gbtreekey8
 LANGUAGE c
 IMMUTABLE PARALLEL SAFE STRICT
AS '$libdir/btree_gist', $function$gbt_date_union$function$
"
gbt_decompress,internal,internal,c,gbt_decompress,"CREATE OR REPLACE FUNCTION public.gbt_decompress(internal)
 RETURNS internal
 LANGUAGE c
 IMMUTABLE PARALLEL SAFE STRICT
AS '$libdir/btree_gist', $function$gbt_decompress$function$
"
gbt_enum_compress,internal,internal,c,gbt_enum_compress,"CREATE OR REPLACE FUNCTION public.gbt_enum_compress(internal)
 RETURNS internal
 LANGUAGE c
 IMMUTABLE PARALLEL SAFE STRICT
AS '$libdir/btree_gist', $function$gbt_enum_compress$function$
"
gbt_enum_consistent,"internal, anyenum, smallint, oid, internal",boolean,c,gbt_enum_consistent,"CREATE OR REPLACE FUNCTION public.gbt_enum_consistent(internal, anyenum, smallint, oid, internal)
 RETURNS boolean
 LANGUAGE c
 IMMUTABLE PARALLEL SAFE STRICT
AS '$libdir/btree_gist', $function$gbt_enum_consistent$function$
"
gbt_enum_fetch,internal,internal,c,gbt_enum_fetch,"CREATE OR REPLACE FUNCTION public.gbt_enum_fetch(internal)
 RETURNS internal
 LANGUAGE c
 IMMUTABLE PARALLEL SAFE STRICT
AS '$libdir/btree_gist', $function$gbt_enum_fetch$function$
"
gbt_enum_penalty,"internal, internal, internal",internal,c,gbt_enum_penalty,"CREATE OR REPLACE FUNCTION public.gbt_enum_penalty(internal, internal, internal)
 RETURNS internal
 LANGUAGE c
 IMMUTABLE PARALLEL SAFE STRICT
AS '$libdir/btree_gist', $function$gbt_enum_penalty$function$
"
gbt_enum_picksplit,"internal, internal",internal,c,gbt_enum_picksplit,"CREATE OR REPLACE FUNCTION public.gbt_enum_picksplit(internal, internal)
 RETURNS internal
 LANGUAGE c
 IMMUTABLE PARALLEL SAFE STRICT
AS '$libdir/btree_gist', $function$gbt_enum_picksplit$function$
"
gbt_enum_same,"gbtreekey8, gbtreekey8, internal",internal,c,gbt_enum_same,"CREATE OR REPLACE FUNCTION public.gbt_enum_same(gbtreekey8, gbtreekey8, internal)
 RETURNS internal
 LANGUAGE c
 IMMUTABLE PARALLEL SAFE STRICT
AS '$libdir/btree_gist', $function$gbt_enum_same$function$
"
gbt_enum_union,"internal, internal",gbtreekey8,c,gbt_enum_union,"CREATE OR REPLACE FUNCTION public.gbt_enum_union(internal, internal)
 RETURNS gbtreekey8
 LANGUAGE c
 IMMUTABLE PARALLEL SAFE STRICT
AS '$libdir/btree_gist', $function$gbt_enum_union$function$
"
gbt_float4_compress,internal,internal,c,gbt_float4_compress,"CREATE OR REPLACE FUNCTION public.gbt_float4_compress(internal)
 RETURNS internal
 LANGUAGE c
 IMMUTABLE PARALLEL SAFE STRICT
AS '$libdir/btree_gist', $function$gbt_float4_compress$function$
"
gbt_float4_consistent,"internal, real, smallint, oid, internal",boolean,c,gbt_float4_consistent,"CREATE OR REPLACE FUNCTION public.gbt_float4_consistent(internal, real, smallint, oid, internal)
 RETURNS boolean
 LANGUAGE c
 IMMUTABLE PARALLEL SAFE STRICT
AS '$libdir/btree_gist', $function$gbt_float4_consistent$function$
"
gbt_float4_distance,"internal, real, smallint, oid, internal",double precision,c,gbt_float4_distance,"CREATE OR REPLACE FUNCTION public.gbt_float4_distance(internal, real, smallint, oid, internal)
 RETURNS double precision
 LANGUAGE c
 IMMUTABLE PARALLEL SAFE STRICT
AS '$libdir/btree_gist', $function$gbt_float4_distance$function$
"
gbt_float4_fetch,internal,internal,c,gbt_float4_fetch,"CREATE OR REPLACE FUNCTION public.gbt_float4_fetch(internal)
 RETURNS internal
 LANGUAGE c
 IMMUTABLE PARALLEL SAFE STRICT
AS '$libdir/btree_gist', $function$gbt_float4_fetch$function$
"
gbt_float4_penalty,"internal, internal, internal",internal,c,gbt_float4_penalty,"CREATE OR REPLACE FUNCTION public.gbt_float4_penalty(internal, internal, internal)
 RETURNS internal
 LANGUAGE c
 IMMUTABLE PARALLEL SAFE STRICT
AS '$libdir/btree_gist', $function$gbt_float4_penalty$function$
"
gbt_float4_picksplit,"internal, internal",internal,c,gbt_float4_picksplit,"CREATE OR REPLACE FUNCTION public.gbt_float4_picksplit(internal, internal)
 RETURNS internal
 LANGUAGE c
 IMMUTABLE PARALLEL SAFE STRICT
AS '$libdir/btree_gist', $function$gbt_float4_picksplit$function$
"
gbt_float4_same,"gbtreekey8, gbtreekey8, internal",internal,c,gbt_float4_same,"CREATE OR REPLACE FUNCTION public.gbt_float4_same(gbtreekey8, gbtreekey8, internal)
 RETURNS internal
 LANGUAGE c
 IMMUTABLE PARALLEL SAFE STRICT
AS '$libdir/btree_gist', $function$gbt_float4_same$function$
"
gbt_float4_union,"internal, internal",gbtreekey8,c,gbt_float4_union,"CREATE OR REPLACE FUNCTION public.gbt_float4_union(internal, internal)
 RETURNS gbtreekey8
 LANGUAGE c
 IMMUTABLE PARALLEL SAFE STRICT
AS '$libdir/btree_gist', $function$gbt_float4_union$function$
"
gbt_float8_compress,internal,internal,c,gbt_float8_compress,"CREATE OR REPLACE FUNCTION public.gbt_float8_compress(internal)
 RETURNS internal
 LANGUAGE c
 IMMUTABLE PARALLEL SAFE STRICT
AS '$libdir/btree_gist', $function$gbt_float8_compress$function$
"
gbt_float8_consistent,"internal, double precision, smallint, oid, internal",boolean,c,gbt_float8_consistent,"CREATE OR REPLACE FUNCTION public.gbt_float8_consistent(internal, double precision, smallint, oid, internal)
 RETURNS boolean
 LANGUAGE c
 IMMUTABLE PARALLEL SAFE STRICT
AS '$libdir/btree_gist', $function$gbt_float8_consistent$function$
"
gbt_float8_distance,"internal, double precision, smallint, oid, internal",double precision,c,gbt_float8_distance,"CREATE OR REPLACE FUNCTION public.gbt_float8_distance(internal, double precision, smallint, oid, internal)
 RETURNS double precision
 LANGUAGE c
 IMMUTABLE PARALLEL SAFE STRICT
AS '$libdir/btree_gist', $function$gbt_float8_distance$function$
"
gbt_float8_fetch,internal,internal,c,gbt_float8_fetch,"CREATE OR REPLACE FUNCTION public.gbt_float8_fetch(internal)
 RETURNS internal
 LANGUAGE c
 IMMUTABLE PARALLEL SAFE STRICT
AS '$libdir/btree_gist', $function$gbt_float8_fetch$function$
"
gbt_float8_penalty,"internal, internal, internal",internal,c,gbt_float8_penalty,"CREATE OR REPLACE FUNCTION public.gbt_float8_penalty(internal, internal, internal)
 RETURNS internal
 LANGUAGE c
 IMMUTABLE PARALLEL SAFE STRICT
AS '$libdir/btree_gist', $function$gbt_float8_penalty$function$
"
gbt_float8_picksplit,"internal, internal",internal,c,gbt_float8_picksplit,"CREATE OR REPLACE FUNCTION public.gbt_float8_picksplit(internal, internal)
 RETURNS internal
 LANGUAGE c
 IMMUTABLE PARALLEL SAFE STRICT
AS '$libdir/btree_gist', $function$gbt_float8_picksplit$function$
"
gbt_float8_same,"gbtreekey16, gbtreekey16, internal",internal,c,gbt_float8_same,"CREATE OR REPLACE FUNCTION public.gbt_float8_same(gbtreekey16, gbtreekey16, internal)
 RETURNS internal
 LANGUAGE c
 IMMUTABLE PARALLEL SAFE STRICT
AS '$libdir/btree_gist', $function$gbt_float8_same$function$
"
gbt_float8_union,"internal, internal",gbtreekey16,c,gbt_float8_union,"CREATE OR REPLACE FUNCTION public.gbt_float8_union(internal, internal)
 RETURNS gbtreekey16
 LANGUAGE c
 IMMUTABLE PARALLEL SAFE STRICT
AS '$libdir/btree_gist', $function$gbt_float8_union$function$
"
gbt_inet_compress,internal,internal,c,gbt_inet_compress,"CREATE OR REPLACE FUNCTION public.gbt_inet_compress(internal)
 RETURNS internal
 LANGUAGE c
 IMMUTABLE PARALLEL SAFE STRICT
AS '$libdir/btree_gist', $function$gbt_inet_compress$function$
"
gbt_inet_consistent,"internal, inet, smallint, oid, internal",boolean,c,gbt_inet_consistent,"CREATE OR REPLACE FUNCTION public.gbt_inet_consistent(internal, inet, smallint, oid, internal)
 RETURNS boolean
 LANGUAGE c
 IMMUTABLE PARALLEL SAFE STRICT
AS '$libdir/btree_gist', $function$gbt_inet_consistent$function$
"
gbt_inet_penalty,"internal, internal, internal",internal,c,gbt_inet_penalty,"CREATE OR REPLACE FUNCTION public.gbt_inet_penalty(internal, internal, internal)
 RETURNS internal
 LANGUAGE c
 IMMUTABLE PARALLEL SAFE STRICT
AS '$libdir/btree_gist', $function$gbt_inet_penalty$function$
"
gbt_inet_picksplit,"internal, internal",internal,c,gbt_inet_picksplit,"CREATE OR REPLACE FUNCTION public.gbt_inet_picksplit(internal, internal)
 RETURNS internal
 LANGUAGE c
 IMMUTABLE PARALLEL SAFE STRICT
AS '$libdir/btree_gist', $function$gbt_inet_picksplit$function$
"
gbt_inet_same,"gbtreekey16, gbtreekey16, internal",internal,c,gbt_inet_same,"CREATE OR REPLACE FUNCTION public.gbt_inet_same(gbtreekey16, gbtreekey16, internal)
 RETURNS internal
 LANGUAGE c
 IMMUTABLE PARALLEL SAFE STRICT
AS '$libdir/btree_gist', $function$gbt_inet_same$function$
"
gbt_inet_union,"internal, internal",gbtreekey16,c,gbt_inet_union,"CREATE OR REPLACE FUNCTION public.gbt_inet_union(internal, internal)
 RETURNS gbtreekey16
 LANGUAGE c
 IMMUTABLE PARALLEL SAFE STRICT
AS '$libdir/btree_gist', $function$gbt_inet_union$function$
"
gbt_int2_compress,internal,internal,c,gbt_int2_compress,"CREATE OR REPLACE FUNCTION public.gbt_int2_compress(internal)
 RETURNS internal
 LANGUAGE c
 IMMUTABLE PARALLEL SAFE STRICT
AS '$libdir/btree_gist', $function$gbt_int2_compress$function$
"
gbt_int2_consistent,"internal, smallint, smallint, oid, internal",boolean,c,gbt_int2_consistent,"CREATE OR REPLACE FUNCTION public.gbt_int2_consistent(internal, smallint, smallint, oid, internal)
 RETURNS boolean
 LANGUAGE c
 IMMUTABLE PARALLEL SAFE STRICT
AS '$libdir/btree_gist', $function$gbt_int2_consistent$function$
"
gbt_int2_distance,"internal, smallint, smallint, oid, internal",double precision,c,gbt_int2_distance,"CREATE OR REPLACE FUNCTION public.gbt_int2_distance(internal, smallint, smallint, oid, internal)
 RETURNS double precision
 LANGUAGE c
 IMMUTABLE PARALLEL SAFE STRICT
AS '$libdir/btree_gist', $function$gbt_int2_distance$function$
"
gbt_int2_fetch,internal,internal,c,gbt_int2_fetch,"CREATE OR REPLACE FUNCTION public.gbt_int2_fetch(internal)
 RETURNS internal
 LANGUAGE c
 IMMUTABLE PARALLEL SAFE STRICT
AS '$libdir/btree_gist', $function$gbt_int2_fetch$function$
"
gbt_int2_penalty,"internal, internal, internal",internal,c,gbt_int2_penalty,"CREATE OR REPLACE FUNCTION public.gbt_int2_penalty(internal, internal, internal)
 RETURNS internal
 LANGUAGE c
 IMMUTABLE PARALLEL SAFE STRICT
AS '$libdir/btree_gist', $function$gbt_int2_penalty$function$
"
gbt_int2_picksplit,"internal, internal",internal,c,gbt_int2_picksplit,"CREATE OR REPLACE FUNCTION public.gbt_int2_picksplit(internal, internal)
 RETURNS internal
 LANGUAGE c
 IMMUTABLE PARALLEL SAFE STRICT
AS '$libdir/btree_gist', $function$gbt_int2_picksplit$function$
"
gbt_int2_same,"gbtreekey4, gbtreekey4, internal",internal,c,gbt_int2_same,"CREATE OR REPLACE FUNCTION public.gbt_int2_same(gbtreekey4, gbtreekey4, internal)
 RETURNS internal
 LANGUAGE c
 IMMUTABLE PARALLEL SAFE STRICT
AS '$libdir/btree_gist', $function$gbt_int2_same$function$
"
gbt_int2_union,"internal, internal",gbtreekey4,c,gbt_int2_union,"CREATE OR REPLACE FUNCTION public.gbt_int2_union(internal, internal)
 RETURNS gbtreekey4
 LANGUAGE c
 IMMUTABLE PARALLEL SAFE STRICT
AS '$libdir/btree_gist', $function$gbt_int2_union$function$
"
gbt_int4_compress,internal,internal,c,gbt_int4_compress,"CREATE OR REPLACE FUNCTION public.gbt_int4_compress(internal)
 RETURNS internal
 LANGUAGE c
 IMMUTABLE PARALLEL SAFE STRICT
AS '$libdir/btree_gist', $function$gbt_int4_compress$function$
"
gbt_int4_consistent,"internal, integer, smallint, oid, internal",boolean,c,gbt_int4_consistent,"CREATE OR REPLACE FUNCTION public.gbt_int4_consistent(internal, integer, smallint, oid, internal)
 RETURNS boolean
 LANGUAGE c
 IMMUTABLE PARALLEL SAFE STRICT
AS '$libdir/btree_gist', $function$gbt_int4_consistent$function$
"
gbt_int4_distance,"internal, integer, smallint, oid, internal",double precision,c,gbt_int4_distance,"CREATE OR REPLACE FUNCTION public.gbt_int4_distance(internal, integer, smallint, oid, internal)
 RETURNS double precision
 LANGUAGE c
 IMMUTABLE PARALLEL SAFE STRICT
AS '$libdir/btree_gist', $function$gbt_int4_distance$function$
"
gbt_int4_fetch,internal,internal,c,gbt_int4_fetch,"CREATE OR REPLACE FUNCTION public.gbt_int4_fetch(internal)
 RETURNS internal
 LANGUAGE c
 IMMUTABLE PARALLEL SAFE STRICT
AS '$libdir/btree_gist', $function$gbt_int4_fetch$function$
"
gbt_int4_penalty,"internal, internal, internal",internal,c,gbt_int4_penalty,"CREATE OR REPLACE FUNCTION public.gbt_int4_penalty(internal, internal, internal)
 RETURNS internal
 LANGUAGE c
 IMMUTABLE PARALLEL SAFE STRICT
AS '$libdir/btree_gist', $function$gbt_int4_penalty$function$
"
gbt_int4_picksplit,"internal, internal",internal,c,gbt_int4_picksplit,"CREATE OR REPLACE FUNCTION public.gbt_int4_picksplit(internal, internal)
 RETURNS internal
 LANGUAGE c
 IMMUTABLE PARALLEL SAFE STRICT
AS '$libdir/btree_gist', $function$gbt_int4_picksplit$function$
"
gbt_int4_same,"gbtreekey8, gbtreekey8, internal",internal,c,gbt_int4_same,"CREATE OR REPLACE FUNCTION public.gbt_int4_same(gbtreekey8, gbtreekey8, internal)
 RETURNS internal
 LANGUAGE c
 IMMUTABLE PARALLEL SAFE STRICT
AS '$libdir/btree_gist', $function$gbt_int4_same$function$
"
gbt_int4_union,"internal, internal",gbtreekey8,c,gbt_int4_union,"CREATE OR REPLACE FUNCTION public.gbt_int4_union(internal, internal)
 RETURNS gbtreekey8
 LANGUAGE c
 IMMUTABLE PARALLEL SAFE STRICT
AS '$libdir/btree_gist', $function$gbt_int4_union$function$
"
gbt_int8_compress,internal,internal,c,gbt_int8_compress,"CREATE OR REPLACE FUNCTION public.gbt_int8_compress(internal)
 RETURNS internal
 LANGUAGE c
 IMMUTABLE PARALLEL SAFE STRICT
AS '$libdir/btree_gist', $function$gbt_int8_compress$function$
"
gbt_int8_consistent,"internal, bigint, smallint, oid, internal",boolean,c,gbt_int8_consistent,"CREATE OR REPLACE FUNCTION public.gbt_int8_consistent(internal, bigint, smallint, oid, internal)
 RETURNS boolean
 LANGUAGE c
 IMMUTABLE PARALLEL SAFE STRICT
AS '$libdir/btree_gist', $function$gbt_int8_consistent$function$
"
gbt_int8_distance,"internal, bigint, smallint, oid, internal",double precision,c,gbt_int8_distance,"CREATE OR REPLACE FUNCTION public.gbt_int8_distance(internal, bigint, smallint, oid, internal)
 RETURNS double precision
 LANGUAGE c
 IMMUTABLE PARALLEL SAFE STRICT
AS '$libdir/btree_gist', $function$gbt_int8_distance$function$
"
gbt_int8_fetch,internal,internal,c,gbt_int8_fetch,"CREATE OR REPLACE FUNCTION public.gbt_int8_fetch(internal)
 RETURNS internal
 LANGUAGE c
 IMMUTABLE PARALLEL SAFE STRICT
AS '$libdir/btree_gist', $function$gbt_int8_fetch$function$
"
gbt_int8_penalty,"internal, internal, internal",internal,c,gbt_int8_penalty,"CREATE OR REPLACE FUNCTION public.gbt_int8_penalty(internal, internal, internal)
 RETURNS internal
 LANGUAGE c
 IMMUTABLE PARALLEL SAFE STRICT
AS '$libdir/btree_gist', $function$gbt_int8_penalty$function$
"
gbt_int8_picksplit,"internal, internal",internal,c,gbt_int8_picksplit,"CREATE OR REPLACE FUNCTION public.gbt_int8_picksplit(internal, internal)
 RETURNS internal
 LANGUAGE c
 IMMUTABLE PARALLEL SAFE STRICT
AS '$libdir/btree_gist', $function$gbt_int8_picksplit$function$
"
gbt_int8_same,"gbtreekey16, gbtreekey16, internal",internal,c,gbt_int8_same,"CREATE OR REPLACE FUNCTION public.gbt_int8_same(gbtreekey16, gbtreekey16, internal)
 RETURNS internal
 LANGUAGE c
 IMMUTABLE PARALLEL SAFE STRICT
AS '$libdir/btree_gist', $function$gbt_int8_same$function$
"
gbt_int8_union,"internal, internal",gbtreekey16,c,gbt_int8_union,"CREATE OR REPLACE FUNCTION public.gbt_int8_union(internal, internal)
 RETURNS gbtreekey16
 LANGUAGE c
 IMMUTABLE PARALLEL SAFE STRICT
AS '$libdir/btree_gist', $function$gbt_int8_union$function$
"
gbt_intv_compress,internal,internal,c,gbt_intv_compress,"CREATE OR REPLACE FUNCTION public.gbt_intv_compress(internal)
 RETURNS internal
 LANGUAGE c
 IMMUTABLE PARALLEL SAFE STRICT
AS '$libdir/btree_gist', $function$gbt_intv_compress$function$
"
gbt_intv_consistent,"internal, interval, smallint, oid, internal",boolean,c,gbt_intv_consistent,"CREATE OR REPLACE FUNCTION public.gbt_intv_consistent(internal, interval, smallint, oid, internal)
 RETURNS boolean
 LANGUAGE c
 IMMUTABLE PARALLEL SAFE STRICT
AS '$libdir/btree_gist', $function$gbt_intv_consistent$function$
"
gbt_intv_decompress,internal,internal,c,gbt_intv_decompress,"CREATE OR REPLACE FUNCTION public.gbt_intv_decompress(internal)
 RETURNS internal
 LANGUAGE c
 IMMUTABLE PARALLEL SAFE STRICT
AS '$libdir/btree_gist', $function$gbt_intv_decompress$function$
"
gbt_intv_distance,"internal, interval, smallint, oid, internal",double precision,c,gbt_intv_distance,"CREATE OR REPLACE FUNCTION public.gbt_intv_distance(internal, interval, smallint, oid, internal)
 RETURNS double precision
 LANGUAGE c
 IMMUTABLE PARALLEL SAFE STRICT
AS '$libdir/btree_gist', $function$gbt_intv_distance$function$
"
gbt_intv_fetch,internal,internal,c,gbt_intv_fetch,"CREATE OR REPLACE FUNCTION public.gbt_intv_fetch(internal)
 RETURNS internal
 LANGUAGE c
 IMMUTABLE PARALLEL SAFE STRICT
AS '$libdir/btree_gist', $function$gbt_intv_fetch$function$
"
gbt_intv_penalty,"internal, internal, internal",internal,c,gbt_intv_penalty,"CREATE OR REPLACE FUNCTION public.gbt_intv_penalty(internal, internal, internal)
 RETURNS internal
 LANGUAGE c
 IMMUTABLE PARALLEL SAFE STRICT
AS '$libdir/btree_gist', $function$gbt_intv_penalty$function$
"
gbt_intv_picksplit,"internal, internal",internal,c,gbt_intv_picksplit,"CREATE OR REPLACE FUNCTION public.gbt_intv_picksplit(internal, internal)
 RETURNS internal
 LANGUAGE c
 IMMUTABLE PARALLEL SAFE STRICT
AS '$libdir/btree_gist', $function$gbt_intv_picksplit$function$
"
gbt_intv_same,"gbtreekey32, gbtreekey32, internal",internal,c,gbt_intv_same,"CREATE OR REPLACE FUNCTION public.gbt_intv_same(gbtreekey32, gbtreekey32, internal)
 RETURNS internal
 LANGUAGE c
 IMMUTABLE PARALLEL SAFE STRICT
AS '$libdir/btree_gist', $function$gbt_intv_same$function$
"
gbt_intv_union,"internal, internal",gbtreekey32,c,gbt_intv_union,"CREATE OR REPLACE FUNCTION public.gbt_intv_union(internal, internal)
 RETURNS gbtreekey32
 LANGUAGE c
 IMMUTABLE PARALLEL SAFE STRICT
AS '$libdir/btree_gist', $function$gbt_intv_union$function$
"
gbt_macad8_compress,internal,internal,c,gbt_macad8_compress,"CREATE OR REPLACE FUNCTION public.gbt_macad8_compress(internal)
 RETURNS internal
 LANGUAGE c
 IMMUTABLE PARALLEL SAFE STRICT
AS '$libdir/btree_gist', $function$gbt_macad8_compress$function$
"
gbt_macad8_consistent,"internal, macaddr8, smallint, oid, internal",boolean,c,gbt_macad8_consistent,"CREATE OR REPLACE FUNCTION public.gbt_macad8_consistent(internal, macaddr8, smallint, oid, internal)
 RETURNS boolean
 LANGUAGE c
 IMMUTABLE PARALLEL SAFE STRICT
AS '$libdir/btree_gist', $function$gbt_macad8_consistent$function$
"
gbt_macad8_fetch,internal,internal,c,gbt_macad8_fetch,"CREATE OR REPLACE FUNCTION public.gbt_macad8_fetch(internal)
 RETURNS internal
 LANGUAGE c
 IMMUTABLE PARALLEL SAFE STRICT
AS '$libdir/btree_gist', $function$gbt_macad8_fetch$function$
"
gbt_macad8_penalty,"internal, internal, internal",internal,c,gbt_macad8_penalty,"CREATE OR REPLACE FUNCTION public.gbt_macad8_penalty(internal, internal, internal)
 RETURNS internal
 LANGUAGE c
 IMMUTABLE PARALLEL SAFE STRICT
AS '$libdir/btree_gist', $function$gbt_macad8_penalty$function$
"
gbt_macad8_picksplit,"internal, internal",internal,c,gbt_macad8_picksplit,"CREATE OR REPLACE FUNCTION public.gbt_macad8_picksplit(internal, internal)
 RETURNS internal
 LANGUAGE c
 IMMUTABLE PARALLEL SAFE STRICT
AS '$libdir/btree_gist', $function$gbt_macad8_picksplit$function$
"
gbt_macad8_same,"gbtreekey16, gbtreekey16, internal",internal,c,gbt_macad8_same,"CREATE OR REPLACE FUNCTION public.gbt_macad8_same(gbtreekey16, gbtreekey16, internal)
 RETURNS internal
 LANGUAGE c
 IMMUTABLE PARALLEL SAFE STRICT
AS '$libdir/btree_gist', $function$gbt_macad8_same$function$
"
gbt_macad8_union,"internal, internal",gbtreekey16,c,gbt_macad8_union,"CREATE OR REPLACE FUNCTION public.gbt_macad8_union(internal, internal)
 RETURNS gbtreekey16
 LANGUAGE c
 IMMUTABLE PARALLEL SAFE STRICT
AS '$libdir/btree_gist', $function$gbt_macad8_union$function$
"
gbt_macad_compress,internal,internal,c,gbt_macad_compress,"CREATE OR REPLACE FUNCTION public.gbt_macad_compress(internal)
 RETURNS internal
 LANGUAGE c
 IMMUTABLE PARALLEL SAFE STRICT
AS '$libdir/btree_gist', $function$gbt_macad_compress$function$
"
gbt_macad_consistent,"internal, macaddr, smallint, oid, internal",boolean,c,gbt_macad_consistent,"CREATE OR REPLACE FUNCTION public.gbt_macad_consistent(internal, macaddr, smallint, oid, internal)
 RETURNS boolean
 LANGUAGE c
 IMMUTABLE PARALLEL SAFE STRICT
AS '$libdir/btree_gist', $function$gbt_macad_consistent$function$
"
gbt_macad_fetch,internal,internal,c,gbt_macad_fetch,"CREATE OR REPLACE FUNCTION public.gbt_macad_fetch(internal)
 RETURNS internal
 LANGUAGE c
 IMMUTABLE PARALLEL SAFE STRICT
AS '$libdir/btree_gist', $function$gbt_macad_fetch$function$
"
gbt_macad_penalty,"internal, internal, internal",internal,c,gbt_macad_penalty,"CREATE OR REPLACE FUNCTION public.gbt_macad_penalty(internal, internal, internal)
 RETURNS internal
 LANGUAGE c
 IMMUTABLE PARALLEL SAFE STRICT
AS '$libdir/btree_gist', $function$gbt_macad_penalty$function$
"
gbt_macad_picksplit,"internal, internal",internal,c,gbt_macad_picksplit,"CREATE OR REPLACE FUNCTION public.gbt_macad_picksplit(internal, internal)
 RETURNS internal
 LANGUAGE c
 IMMUTABLE PARALLEL SAFE STRICT
AS '$libdir/btree_gist', $function$gbt_macad_picksplit$function$
"
gbt_macad_same,"gbtreekey16, gbtreekey16, internal",internal,c,gbt_macad_same,"CREATE OR REPLACE FUNCTION public.gbt_macad_same(gbtreekey16, gbtreekey16, internal)
 RETURNS internal
 LANGUAGE c
 IMMUTABLE PARALLEL SAFE STRICT
AS '$libdir/btree_gist', $function$gbt_macad_same$function$
"
gbt_macad_union,"internal, internal",gbtreekey16,c,gbt_macad_union,"CREATE OR REPLACE FUNCTION public.gbt_macad_union(internal, internal)
 RETURNS gbtreekey16
 LANGUAGE c
 IMMUTABLE PARALLEL SAFE STRICT
AS '$libdir/btree_gist', $function$gbt_macad_union$function$
"
gbt_numeric_compress,internal,internal,c,gbt_numeric_compress,"CREATE OR REPLACE FUNCTION public.gbt_numeric_compress(internal)
 RETURNS internal
 LANGUAGE c
 IMMUTABLE PARALLEL SAFE STRICT
AS '$libdir/btree_gist', $function$gbt_numeric_compress$function$
"
gbt_numeric_consistent,"internal, numeric, smallint, oid, internal",boolean,c,gbt_numeric_consistent,"CREATE OR REPLACE FUNCTION public.gbt_numeric_consistent(internal, numeric, smallint, oid, internal)
 RETURNS boolean
 LANGUAGE c
 IMMUTABLE PARALLEL SAFE STRICT
AS '$libdir/btree_gist', $function$gbt_numeric_consistent$function$
"
gbt_numeric_penalty,"internal, internal, internal",internal,c,gbt_numeric_penalty,"CREATE OR REPLACE FUNCTION public.gbt_numeric_penalty(internal, internal, internal)
 RETURNS internal
 LANGUAGE c
 IMMUTABLE PARALLEL SAFE STRICT
AS '$libdir/btree_gist', $function$gbt_numeric_penalty$function$
"
gbt_numeric_picksplit,"internal, internal",internal,c,gbt_numeric_picksplit,"CREATE OR REPLACE FUNCTION public.gbt_numeric_picksplit(internal, internal)
 RETURNS internal
 LANGUAGE c
 IMMUTABLE PARALLEL SAFE STRICT
AS '$libdir/btree_gist', $function$gbt_numeric_picksplit$function$
"
gbt_numeric_same,"gbtreekey_var, gbtreekey_var, internal",internal,c,gbt_numeric_same,"CREATE OR REPLACE FUNCTION public.gbt_numeric_same(gbtreekey_var, gbtreekey_var, internal)
 RETURNS internal
 LANGUAGE c
 IMMUTABLE PARALLEL SAFE STRICT
AS '$libdir/btree_gist', $function$gbt_numeric_same$function$
"
gbt_numeric_union,"internal, internal",gbtreekey_var,c,gbt_numeric_union,"CREATE OR REPLACE FUNCTION public.gbt_numeric_union(internal, internal)
 RETURNS gbtreekey_var
 LANGUAGE c
 IMMUTABLE PARALLEL SAFE STRICT
AS '$libdir/btree_gist', $function$gbt_numeric_union$function$
"
gbt_oid_compress,internal,internal,c,gbt_oid_compress,"CREATE OR REPLACE FUNCTION public.gbt_oid_compress(internal)
 RETURNS internal
 LANGUAGE c
 IMMUTABLE PARALLEL SAFE STRICT
AS '$libdir/btree_gist', $function$gbt_oid_compress$function$
"
gbt_oid_consistent,"internal, oid, smallint, oid, internal",boolean,c,gbt_oid_consistent,"CREATE OR REPLACE FUNCTION public.gbt_oid_consistent(internal, oid, smallint, oid, internal)
 RETURNS boolean
 LANGUAGE c
 IMMUTABLE PARALLEL SAFE STRICT
AS '$libdir/btree_gist', $function$gbt_oid_consistent$function$
"
gbt_oid_distance,"internal, oid, smallint, oid, internal",double precision,c,gbt_oid_distance,"CREATE OR REPLACE FUNCTION public.gbt_oid_distance(internal, oid, smallint, oid, internal)
 RETURNS double precision
 LANGUAGE c
 IMMUTABLE PARALLEL SAFE STRICT
AS '$libdir/btree_gist', $function$gbt_oid_distance$function$
"
gbt_oid_fetch,internal,internal,c,gbt_oid_fetch,"CREATE OR REPLACE FUNCTION public.gbt_oid_fetch(internal)
 RETURNS internal
 LANGUAGE c
 IMMUTABLE PARALLEL SAFE STRICT
AS '$libdir/btree_gist', $function$gbt_oid_fetch$function$
"
gbt_oid_penalty,"internal, internal, internal",internal,c,gbt_oid_penalty,"CREATE OR REPLACE FUNCTION public.gbt_oid_penalty(internal, internal, internal)
 RETURNS internal
 LANGUAGE c
 IMMUTABLE PARALLEL SAFE STRICT
AS '$libdir/btree_gist', $function$gbt_oid_penalty$function$
"
gbt_oid_picksplit,"internal, internal",internal,c,gbt_oid_picksplit,"CREATE OR REPLACE FUNCTION public.gbt_oid_picksplit(internal, internal)
 RETURNS internal
 LANGUAGE c
 IMMUTABLE PARALLEL SAFE STRICT
AS '$libdir/btree_gist', $function$gbt_oid_picksplit$function$
"
gbt_oid_same,"gbtreekey8, gbtreekey8, internal",internal,c,gbt_oid_same,"CREATE OR REPLACE FUNCTION public.gbt_oid_same(gbtreekey8, gbtreekey8, internal)
 RETURNS internal
 LANGUAGE c
 IMMUTABLE PARALLEL SAFE STRICT
AS '$libdir/btree_gist', $function$gbt_oid_same$function$
"
gbt_oid_union,"internal, internal",gbtreekey8,c,gbt_oid_union,"CREATE OR REPLACE FUNCTION public.gbt_oid_union(internal, internal)
 RETURNS gbtreekey8
 LANGUAGE c
 IMMUTABLE PARALLEL SAFE STRICT
AS '$libdir/btree_gist', $function$gbt_oid_union$function$
"
gbt_text_compress,internal,internal,c,gbt_text_compress,"CREATE OR REPLACE FUNCTION public.gbt_text_compress(internal)
 RETURNS internal
 LANGUAGE c
 IMMUTABLE PARALLEL SAFE STRICT
AS '$libdir/btree_gist', $function$gbt_text_compress$function$
"
gbt_text_consistent,"internal, text, smallint, oid, internal",boolean,c,gbt_text_consistent,"CREATE OR REPLACE FUNCTION public.gbt_text_consistent(internal, text, smallint, oid, internal)
 RETURNS boolean
 LANGUAGE c
 IMMUTABLE PARALLEL SAFE STRICT
AS '$libdir/btree_gist', $function$gbt_text_consistent$function$
"
gbt_text_penalty,"internal, internal, internal",internal,c,gbt_text_penalty,"CREATE OR REPLACE FUNCTION public.gbt_text_penalty(internal, internal, internal)
 RETURNS internal
 LANGUAGE c
 IMMUTABLE PARALLEL SAFE STRICT
AS '$libdir/btree_gist', $function$gbt_text_penalty$function$
"
gbt_text_picksplit,"internal, internal",internal,c,gbt_text_picksplit,"CREATE OR REPLACE FUNCTION public.gbt_text_picksplit(internal, internal)
 RETURNS internal
 LANGUAGE c
 IMMUTABLE PARALLEL SAFE STRICT
AS '$libdir/btree_gist', $function$gbt_text_picksplit$function$
"
gbt_text_same,"gbtreekey_var, gbtreekey_var, internal",internal,c,gbt_text_same,"CREATE OR REPLACE FUNCTION public.gbt_text_same(gbtreekey_var, gbtreekey_var, internal)
 RETURNS internal
 LANGUAGE c
 IMMUTABLE PARALLEL SAFE STRICT
AS '$libdir/btree_gist', $function$gbt_text_same$function$
"
gbt_text_union,"internal, internal",gbtreekey_var,c,gbt_text_union,"CREATE OR REPLACE FUNCTION public.gbt_text_union(internal, internal)
 RETURNS gbtreekey_var
 LANGUAGE c
 IMMUTABLE PARALLEL SAFE STRICT
AS '$libdir/btree_gist', $function$gbt_text_union$function$
"
gbt_time_compress,internal,internal,c,gbt_time_compress,"CREATE OR REPLACE FUNCTION public.gbt_time_compress(internal)
 RETURNS internal
 LANGUAGE c
 IMMUTABLE PARALLEL SAFE STRICT
AS '$libdir/btree_gist', $function$gbt_time_compress$function$
"
gbt_time_consistent,"internal, time without time zone, smallint, oid, internal",boolean,c,gbt_time_consistent,"CREATE OR REPLACE FUNCTION public.gbt_time_consistent(internal, time without time zone, smallint, oid, internal)
 RETURNS boolean
 LANGUAGE c
 IMMUTABLE PARALLEL SAFE STRICT
AS '$libdir/btree_gist', $function$gbt_time_consistent$function$
"
gbt_time_distance,"internal, time without time zone, smallint, oid, internal",double precision,c,gbt_time_distance,"CREATE OR REPLACE FUNCTION public.gbt_time_distance(internal, time without time zone, smallint, oid, internal)
 RETURNS double precision
 LANGUAGE c
 IMMUTABLE PARALLEL SAFE STRICT
AS '$libdir/btree_gist', $function$gbt_time_distance$function$
"
gbt_time_fetch,internal,internal,c,gbt_time_fetch,"CREATE OR REPLACE FUNCTION public.gbt_time_fetch(internal)
 RETURNS internal
 LANGUAGE c
 IMMUTABLE PARALLEL SAFE STRICT
AS '$libdir/btree_gist', $function$gbt_time_fetch$function$
"
gbt_time_penalty,"internal, internal, internal",internal,c,gbt_time_penalty,"CREATE OR REPLACE FUNCTION public.gbt_time_penalty(internal, internal, internal)
 RETURNS internal
 LANGUAGE c
 IMMUTABLE PARALLEL SAFE STRICT
AS '$libdir/btree_gist', $function$gbt_time_penalty$function$
"
gbt_time_picksplit,"internal, internal",internal,c,gbt_time_picksplit,"CREATE OR REPLACE FUNCTION public.gbt_time_picksplit(internal, internal)
 RETURNS internal
 LANGUAGE c
 IMMUTABLE PARALLEL SAFE STRICT
AS '$libdir/btree_gist', $function$gbt_time_picksplit$function$
"
gbt_time_same,"gbtreekey16, gbtreekey16, internal",internal,c,gbt_time_same,"CREATE OR REPLACE FUNCTION public.gbt_time_same(gbtreekey16, gbtreekey16, internal)
 RETURNS internal
 LANGUAGE c
 IMMUTABLE PARALLEL SAFE STRICT
AS '$libdir/btree_gist', $function$gbt_time_same$function$
"
gbt_time_union,"internal, internal",gbtreekey16,c,gbt_time_union,"CREATE OR REPLACE FUNCTION public.gbt_time_union(internal, internal)
 RETURNS gbtreekey16
 LANGUAGE c
 IMMUTABLE PARALLEL SAFE STRICT
AS '$libdir/btree_gist', $function$gbt_time_union$function$
"
gbt_timetz_compress,internal,internal,c,gbt_timetz_compress,"CREATE OR REPLACE FUNCTION public.gbt_timetz_compress(internal)
 RETURNS internal
 LANGUAGE c
 IMMUTABLE PARALLEL SAFE STRICT
AS '$libdir/btree_gist', $function$gbt_timetz_compress$function$
"
gbt_timetz_consistent,"internal, time with time zone, smallint, oid, internal",boolean,c,gbt_timetz_consistent,"CREATE OR REPLACE FUNCTION public.gbt_timetz_consistent(internal, time with time zone, smallint, oid, internal)
 RETURNS boolean
 LANGUAGE c
 IMMUTABLE PARALLEL SAFE STRICT
AS '$libdir/btree_gist', $function$gbt_timetz_consistent$function$
"
gbt_ts_compress,internal,internal,c,gbt_ts_compress,"CREATE OR REPLACE FUNCTION public.gbt_ts_compress(internal)
 RETURNS internal
 LANGUAGE c
 IMMUTABLE PARALLEL SAFE STRICT
AS '$libdir/btree_gist', $function$gbt_ts_compress$function$
"
gbt_ts_consistent,"internal, timestamp without time zone, smallint, oid, internal",boolean,c,gbt_ts_consistent,"CREATE OR REPLACE FUNCTION public.gbt_ts_consistent(internal, timestamp without time zone, smallint, oid, internal)
 RETURNS boolean
 LANGUAGE c
 IMMUTABLE PARALLEL SAFE STRICT
AS '$libdir/btree_gist', $function$gbt_ts_consistent$function$
"
gbt_ts_distance,"internal, timestamp without time zone, smallint, oid, internal",double precision,c,gbt_ts_distance,"CREATE OR REPLACE FUNCTION public.gbt_ts_distance(internal, timestamp without time zone, smallint, oid, internal)
 RETURNS double precision
 LANGUAGE c
 IMMUTABLE PARALLEL SAFE STRICT
AS '$libdir/btree_gist', $function$gbt_ts_distance$function$
"
gbt_ts_fetch,internal,internal,c,gbt_ts_fetch,"CREATE OR REPLACE FUNCTION public.gbt_ts_fetch(internal)
 RETURNS internal
 LANGUAGE c
 IMMUTABLE PARALLEL SAFE STRICT
AS '$libdir/btree_gist', $function$gbt_ts_fetch$function$
"
gbt_ts_penalty,"internal, internal, internal",internal,c,gbt_ts_penalty,"CREATE OR REPLACE FUNCTION public.gbt_ts_penalty(internal, internal, internal)
 RETURNS internal
 LANGUAGE c
 IMMUTABLE PARALLEL SAFE STRICT
AS '$libdir/btree_gist', $function$gbt_ts_penalty$function$
"
gbt_ts_picksplit,"internal, internal",internal,c,gbt_ts_picksplit,"CREATE OR REPLACE FUNCTION public.gbt_ts_picksplit(internal, internal)
 RETURNS internal
 LANGUAGE c
 IMMUTABLE PARALLEL SAFE STRICT
AS '$libdir/btree_gist', $function$gbt_ts_picksplit$function$
"
gbt_ts_same,"gbtreekey16, gbtreekey16, internal",internal,c,gbt_ts_same,"CREATE OR REPLACE FUNCTION public.gbt_ts_same(gbtreekey16, gbtreekey16, internal)
 RETURNS internal
 LANGUAGE c
 IMMUTABLE PARALLEL SAFE STRICT
AS '$libdir/btree_gist', $function$gbt_ts_same$function$
"
gbt_ts_union,"internal, internal",gbtreekey16,c,gbt_ts_union,"CREATE OR REPLACE FUNCTION public.gbt_ts_union(internal, internal)
 RETURNS gbtreekey16
 LANGUAGE c
 IMMUTABLE PARALLEL SAFE STRICT
AS '$libdir/btree_gist', $function$gbt_ts_union$function$
"
gbt_tstz_compress,internal,internal,c,gbt_tstz_compress,"CREATE OR REPLACE FUNCTION public.gbt_tstz_compress(internal)
 RETURNS internal
 LANGUAGE c
 IMMUTABLE PARALLEL SAFE STRICT
AS '$libdir/btree_gist', $function$gbt_tstz_compress$function$
"
gbt_tstz_consistent,"internal, timestamp with time zone, smallint, oid, internal",boolean,c,gbt_tstz_consistent,"CREATE OR REPLACE FUNCTION public.gbt_tstz_consistent(internal, timestamp with time zone, smallint, oid, internal)
 RETURNS boolean
 LANGUAGE c
 IMMUTABLE PARALLEL SAFE STRICT
AS '$libdir/btree_gist', $function$gbt_tstz_consistent$function$
"
gbt_tstz_distance,"internal, timestamp with time zone, smallint, oid, internal",double precision,c,gbt_tstz_distance,"CREATE OR REPLACE FUNCTION public.gbt_tstz_distance(internal, timestamp with time zone, smallint, oid, internal)
 RETURNS double precision
 LANGUAGE c
 IMMUTABLE PARALLEL SAFE STRICT
AS '$libdir/btree_gist', $function$gbt_tstz_distance$function$
"
gbt_uuid_compress,internal,internal,c,gbt_uuid_compress,"CREATE OR REPLACE FUNCTION public.gbt_uuid_compress(internal)
 RETURNS internal
 LANGUAGE c
 IMMUTABLE PARALLEL SAFE STRICT
AS '$libdir/btree_gist', $function$gbt_uuid_compress$function$
"
gbt_uuid_consistent,"internal, uuid, smallint, oid, internal",boolean,c,gbt_uuid_consistent,"CREATE OR REPLACE FUNCTION public.gbt_uuid_consistent(internal, uuid, smallint, oid, internal)
 RETURNS boolean
 LANGUAGE c
 IMMUTABLE PARALLEL SAFE STRICT
AS '$libdir/btree_gist', $function$gbt_uuid_consistent$function$
"
gbt_uuid_fetch,internal,internal,c,gbt_uuid_fetch,"CREATE OR REPLACE FUNCTION public.gbt_uuid_fetch(internal)
 RETURNS internal
 LANGUAGE c
 IMMUTABLE PARALLEL SAFE STRICT
AS '$libdir/btree_gist', $function$gbt_uuid_fetch$function$
"
gbt_uuid_penalty,"internal, internal, internal",internal,c,gbt_uuid_penalty,"CREATE OR REPLACE FUNCTION public.gbt_uuid_penalty(internal, internal, internal)
 RETURNS internal
 LANGUAGE c
 IMMUTABLE PARALLEL SAFE STRICT
AS '$libdir/btree_gist', $function$gbt_uuid_penalty$function$
"
gbt_uuid_picksplit,"internal, internal",internal,c,gbt_uuid_picksplit,"CREATE OR REPLACE FUNCTION public.gbt_uuid_picksplit(internal, internal)
 RETURNS internal
 LANGUAGE c
 IMMUTABLE PARALLEL SAFE STRICT
AS '$libdir/btree_gist', $function$gbt_uuid_picksplit$function$
"
gbt_uuid_same,"gbtreekey32, gbtreekey32, internal",internal,c,gbt_uuid_same,"CREATE OR REPLACE FUNCTION public.gbt_uuid_same(gbtreekey32, gbtreekey32, internal)
 RETURNS internal
 LANGUAGE c
 IMMUTABLE PARALLEL SAFE STRICT
AS '$libdir/btree_gist', $function$gbt_uuid_same$function$
"
gbt_uuid_union,"internal, internal",gbtreekey32,c,gbt_uuid_union,"CREATE OR REPLACE FUNCTION public.gbt_uuid_union(internal, internal)
 RETURNS gbtreekey32
 LANGUAGE c
 IMMUTABLE PARALLEL SAFE STRICT
AS '$libdir/btree_gist', $function$gbt_uuid_union$function$
"
gbt_var_decompress,internal,internal,c,gbt_var_decompress,"CREATE OR REPLACE FUNCTION public.gbt_var_decompress(internal)
 RETURNS internal
 LANGUAGE c
 IMMUTABLE PARALLEL SAFE STRICT
AS '$libdir/btree_gist', $function$gbt_var_decompress$function$
"
gbt_var_fetch,internal,internal,c,gbt_var_fetch,"CREATE OR REPLACE FUNCTION public.gbt_var_fetch(internal)
 RETURNS internal
 LANGUAGE c
 IMMUTABLE PARALLEL SAFE STRICT
AS '$libdir/btree_gist', $function$gbt_var_fetch$function$
"
gbtreekey16_in,cstring,gbtreekey16,c,gbtreekey_in,"CREATE OR REPLACE FUNCTION public.gbtreekey16_in(cstring)
 RETURNS gbtreekey16
 LANGUAGE c
 IMMUTABLE PARALLEL SAFE STRICT
AS '$libdir/btree_gist', $function$gbtreekey_in$function$
"
gbtreekey16_out,gbtreekey16,cstring,c,gbtreekey_out,"CREATE OR REPLACE FUNCTION public.gbtreekey16_out(gbtreekey16)
 RETURNS cstring
 LANGUAGE c
 IMMUTABLE PARALLEL SAFE STRICT
AS '$libdir/btree_gist', $function$gbtreekey_out$function$
"
gbtreekey2_in,cstring,gbtreekey2,c,gbtreekey_in,"CREATE OR REPLACE FUNCTION public.gbtreekey2_in(cstring)
 RETURNS gbtreekey2
 LANGUAGE c
 IMMUTABLE PARALLEL SAFE STRICT
AS '$libdir/btree_gist', $function$gbtreekey_in$function$
"
gbtreekey2_out,gbtreekey2,cstring,c,gbtreekey_out,"CREATE OR REPLACE FUNCTION public.gbtreekey2_out(gbtreekey2)
 RETURNS cstring
 LANGUAGE c
 IMMUTABLE PARALLEL SAFE STRICT
AS '$libdir/btree_gist', $function$gbtreekey_out$function$
"
gbtreekey32_in,cstring,gbtreekey32,c,gbtreekey_in,"CREATE OR REPLACE FUNCTION public.gbtreekey32_in(cstring)
 RETURNS gbtreekey32
 LANGUAGE c
 IMMUTABLE PARALLEL SAFE STRICT
AS '$libdir/btree_gist', $function$gbtreekey_in$function$
"
gbtreekey32_out,gbtreekey32,cstring,c,gbtreekey_out,"CREATE OR REPLACE FUNCTION public.gbtreekey32_out(gbtreekey32)
 RETURNS cstring
 LANGUAGE c
 IMMUTABLE PARALLEL SAFE STRICT
AS '$libdir/btree_gist', $function$gbtreekey_out$function$
"
gbtreekey4_in,cstring,gbtreekey4,c,gbtreekey_in,"CREATE OR REPLACE FUNCTION public.gbtreekey4_in(cstring)
 RETURNS gbtreekey4
 LANGUAGE c
 IMMUTABLE PARALLEL SAFE STRICT
AS '$libdir/btree_gist', $function$gbtreekey_in$function$
"
gbtreekey4_out,gbtreekey4,cstring,c,gbtreekey_out,"CREATE OR REPLACE FUNCTION public.gbtreekey4_out(gbtreekey4)
 RETURNS cstring
 LANGUAGE c
 IMMUTABLE PARALLEL SAFE STRICT
AS '$libdir/btree_gist', $function$gbtreekey_out$function$
"
gbtreekey8_in,cstring,gbtreekey8,c,gbtreekey_in,"CREATE OR REPLACE FUNCTION public.gbtreekey8_in(cstring)
 RETURNS gbtreekey8
 LANGUAGE c
 IMMUTABLE PARALLEL SAFE STRICT
AS '$libdir/btree_gist', $function$gbtreekey_in$function$
"
gbtreekey8_out,gbtreekey8,cstring,c,gbtreekey_out,"CREATE OR REPLACE FUNCTION public.gbtreekey8_out(gbtreekey8)
 RETURNS cstring
 LANGUAGE c
 IMMUTABLE PARALLEL SAFE STRICT
AS '$libdir/btree_gist', $function$gbtreekey_out$function$
"
gbtreekey_var_in,cstring,gbtreekey_var,c,gbtreekey_in,"CREATE OR REPLACE FUNCTION public.gbtreekey_var_in(cstring)
 RETURNS gbtreekey_var
 LANGUAGE c
 IMMUTABLE PARALLEL SAFE STRICT
AS '$libdir/btree_gist', $function$gbtreekey_in$function$
"
gbtreekey_var_out,gbtreekey_var,cstring,c,gbtreekey_out,"CREATE OR REPLACE FUNCTION public.gbtreekey_var_out(gbtreekey_var)
 RETURNS cstring
 LANGUAGE c
 IMMUTABLE PARALLEL SAFE STRICT
AS '$libdir/btree_gist', $function$gbtreekey_out$function$
"
geog_brin_inclusion_add_value,"internal, internal, internal, internal",boolean,c,geog_brin_inclusion_add_value,"CREATE OR REPLACE FUNCTION public.geog_brin_inclusion_add_value(internal, internal, internal, internal)
 RETURNS boolean
 LANGUAGE c
AS '$libdir/postgis-3', $function$geog_brin_inclusion_add_value$function$
"
geography,"geography, integer, boolean",geography,c,geography_enforce_typmod,"CREATE OR REPLACE FUNCTION public.geography(geography, integer, boolean)
 RETURNS geography
 LANGUAGE c
 IMMUTABLE PARALLEL SAFE STRICT
AS '$libdir/postgis-3', $function$geography_enforce_typmod$function$
"
geography,geometry,geography,c,geography_from_geometry,"CREATE OR REPLACE FUNCTION public.geography(geometry)
 RETURNS geography
 LANGUAGE c
 IMMUTABLE PARALLEL SAFE STRICT
AS '$libdir/postgis-3', $function$geography_from_geometry$function$
"
geography,bytea,geography,c,geography_from_binary,"CREATE OR REPLACE FUNCTION public.geography(bytea)
 RETURNS geography
 LANGUAGE c
 IMMUTABLE PARALLEL SAFE STRICT
AS '$libdir/postgis-3', $function$geography_from_binary$function$
"
geography_analyze,internal,boolean,c,gserialized_analyze_nd,"CREATE OR REPLACE FUNCTION public.geography_analyze(internal)
 RETURNS boolean
 LANGUAGE c
 STRICT
AS '$libdir/postgis-3', $function$gserialized_analyze_nd$function$
"
geography_cmp,"geography, geography",integer,c,geography_cmp,"CREATE OR REPLACE FUNCTION public.geography_cmp(geography, geography)
 RETURNS integer
 LANGUAGE c
 IMMUTABLE PARALLEL SAFE STRICT
AS '$libdir/postgis-3', $function$geography_cmp$function$
"
geography_distance_knn,"geography, geography",double precision,c,geography_distance_knn,"CREATE OR REPLACE FUNCTION public.geography_distance_knn(geography, geography)
 RETURNS double precision
 LANGUAGE c
 IMMUTABLE PARALLEL SAFE STRICT COST 100
AS '$libdir/postgis-3', $function$geography_distance_knn$function$
"
geography_eq,"geography, geography",boolean,c,geography_eq,"CREATE OR REPLACE FUNCTION public.geography_eq(geography, geography)
 RETURNS boolean
 LANGUAGE c
 IMMUTABLE PARALLEL SAFE STRICT
AS '$libdir/postgis-3', $function$geography_eq$function$
"
geography_ge,"geography, geography",boolean,c,geography_ge,"CREATE OR REPLACE FUNCTION public.geography_ge(geography, geography)
 RETURNS boolean
 LANGUAGE c
 IMMUTABLE PARALLEL SAFE STRICT
AS '$libdir/postgis-3', $function$geography_ge$function$
"
geography_gist_compress,internal,internal,c,gserialized_gist_compress,"CREATE OR REPLACE FUNCTION public.geography_gist_compress(internal)
 RETURNS internal
 LANGUAGE c
AS '$libdir/postgis-3', $function$gserialized_gist_compress$function$
"
geography_gist_consistent,"internal, geography, integer",boolean,c,gserialized_gist_consistent,"CREATE OR REPLACE FUNCTION public.geography_gist_consistent(internal, geography, integer)
 RETURNS boolean
 LANGUAGE c
AS '$libdir/postgis-3', $function$gserialized_gist_consistent$function$
"
geography_gist_decompress,internal,internal,c,gserialized_gist_decompress,"CREATE OR REPLACE FUNCTION public.geography_gist_decompress(internal)
 RETURNS internal
 LANGUAGE c
AS '$libdir/postgis-3', $function$gserialized_gist_decompress$function$
"
geography_gist_distance,"internal, geography, integer",double precision,c,gserialized_gist_geog_distance,"CREATE OR REPLACE FUNCTION public.geography_gist_distance(internal, geography, integer)
 RETURNS double precision
 LANGUAGE c
AS '$libdir/postgis-3', $function$gserialized_gist_geog_distance$function$
"
geography_gist_penalty,"internal, internal, internal",internal,c,gserialized_gist_penalty,"CREATE OR REPLACE FUNCTION public.geography_gist_penalty(internal, internal, internal)
 RETURNS internal
 LANGUAGE c
AS '$libdir/postgis-3', $function$gserialized_gist_penalty$function$
"
geography_gist_picksplit,"internal, internal",internal,c,gserialized_gist_picksplit,"CREATE OR REPLACE FUNCTION public.geography_gist_picksplit(internal, internal)
 RETURNS internal
 LANGUAGE c
AS '$libdir/postgis-3', $function$gserialized_gist_picksplit$function$
"
geography_gist_same,"box2d, box2d, internal",internal,c,gserialized_gist_same,"CREATE OR REPLACE FUNCTION public.geography_gist_same(box2d, box2d, internal)
 RETURNS internal
 LANGUAGE c
AS '$libdir/postgis-3', $function$gserialized_gist_same$function$
"
geography_gist_union,"bytea, internal",internal,c,gserialized_gist_union,"CREATE OR REPLACE FUNCTION public.geography_gist_union(bytea, internal)
 RETURNS internal
 LANGUAGE c
AS '$libdir/postgis-3', $function$gserialized_gist_union$function$
"
geography_gt,"geography, geography",boolean,c,geography_gt,"CREATE OR REPLACE FUNCTION public.geography_gt(geography, geography)
 RETURNS boolean
 LANGUAGE c
 IMMUTABLE PARALLEL SAFE STRICT
AS '$libdir/postgis-3', $function$geography_gt$function$
"
geography_in,"cstring, oid, integer",geography,c,geography_in,"CREATE OR REPLACE FUNCTION public.geography_in(cstring, oid, integer)
 RETURNS geography
 LANGUAGE c
 IMMUTABLE PARALLEL SAFE STRICT
AS '$libdir/postgis-3', $function$geography_in$function$
"
geography_le,"geography, geography",boolean,c,geography_le,"CREATE OR REPLACE FUNCTION public.geography_le(geography, geography)
 RETURNS boolean
 LANGUAGE c
 IMMUTABLE PARALLEL SAFE STRICT
AS '$libdir/postgis-3', $function$geography_le$function$
"
geography_lt,"geography, geography",boolean,c,geography_lt,"CREATE OR REPLACE FUNCTION public.geography_lt(geography, geography)
 RETURNS boolean
 LANGUAGE c
 IMMUTABLE PARALLEL SAFE STRICT
AS '$libdir/postgis-3', $function$geography_lt$function$
"
geography_out,geography,cstring,c,geography_out,"CREATE OR REPLACE FUNCTION public.geography_out(geography)
 RETURNS cstring
 LANGUAGE c
 IMMUTABLE PARALLEL SAFE STRICT
AS '$libdir/postgis-3', $function$geography_out$function$
"
geography_overlaps,"geography, geography",boolean,c,gserialized_overlaps,"CREATE OR REPLACE FUNCTION public.geography_overlaps(geography, geography)
 RETURNS boolean
 LANGUAGE c
 IMMUTABLE PARALLEL SAFE STRICT
AS '$libdir/postgis-3', $function$gserialized_overlaps$function$
"
geography_recv,"internal, oid, integer",geography,c,geography_recv,"CREATE OR REPLACE FUNCTION public.geography_recv(internal, oid, integer)
 RETURNS geography
 LANGUAGE c
 IMMUTABLE PARALLEL SAFE STRICT
AS '$libdir/postgis-3', $function$geography_recv$function$
"
geography_send,geography,bytea,c,geography_send,"CREATE OR REPLACE FUNCTION public.geography_send(geography)
 RETURNS bytea
 LANGUAGE c
 IMMUTABLE PARALLEL SAFE STRICT
AS '$libdir/postgis-3', $function$geography_send$function$
"
geography_spgist_choose_nd,"internal, internal",void,c,gserialized_spgist_choose_nd,"CREATE OR REPLACE FUNCTION public.geography_spgist_choose_nd(internal, internal)
 RETURNS void
 LANGUAGE c
 IMMUTABLE PARALLEL SAFE STRICT
AS '$libdir/postgis-3', $function$gserialized_spgist_choose_nd$function$
"
geography_spgist_compress_nd,internal,internal,c,gserialized_spgist_compress_nd,"CREATE OR REPLACE FUNCTION public.geography_spgist_compress_nd(internal)
 RETURNS internal
 LANGUAGE c
 IMMUTABLE PARALLEL SAFE STRICT
AS '$libdir/postgis-3', $function$gserialized_spgist_compress_nd$function$
"
geography_spgist_config_nd,"internal, internal",void,c,gserialized_spgist_config_nd,"CREATE OR REPLACE FUNCTION public.geography_spgist_config_nd(internal, internal)
 RETURNS void
 LANGUAGE c
 IMMUTABLE PARALLEL SAFE STRICT
AS '$libdir/postgis-3', $function$gserialized_spgist_config_nd$function$
"
geography_spgist_inner_consistent_nd,"internal, internal",void,c,gserialized_spgist_inner_consistent_nd,"CREATE OR REPLACE FUNCTION public.geography_spgist_inner_consistent_nd(internal, internal)
 RETURNS void
 LANGUAGE c
 IMMUTABLE PARALLEL SAFE STRICT
AS '$libdir/postgis-3', $function$gserialized_spgist_inner_consistent_nd$function$
"
geography_spgist_leaf_consistent_nd,"internal, internal",boolean,c,gserialized_spgist_leaf_consistent_nd,"CREATE OR REPLACE FUNCTION public.geography_spgist_leaf_consistent_nd(internal, internal)
 RETURNS boolean
 LANGUAGE c
 IMMUTABLE PARALLEL SAFE STRICT
AS '$libdir/postgis-3', $function$gserialized_spgist_leaf_consistent_nd$function$
"
geography_spgist_picksplit_nd,"internal, internal",void,c,gserialized_spgist_picksplit_nd,"CREATE OR REPLACE FUNCTION public.geography_spgist_picksplit_nd(internal, internal)
 RETURNS void
 LANGUAGE c
 IMMUTABLE PARALLEL SAFE STRICT
AS '$libdir/postgis-3', $function$gserialized_spgist_picksplit_nd$function$
"
geography_typmod_in,cstring[],integer,c,geography_typmod_in,"CREATE OR REPLACE FUNCTION public.geography_typmod_in(cstring[])
 RETURNS integer
 LANGUAGE c
 IMMUTABLE PARALLEL SAFE STRICT
AS '$libdir/postgis-3', $function$geography_typmod_in$function$
"
geography_typmod_out,integer,cstring,c,postgis_typmod_out,"CREATE OR REPLACE FUNCTION public.geography_typmod_out(integer)
 RETURNS cstring
 LANGUAGE c
 IMMUTABLE PARALLEL SAFE STRICT
AS '$libdir/postgis-3', $function$postgis_typmod_out$function$
"
geom2d_brin_inclusion_add_value,"internal, internal, internal, internal",boolean,c,geom2d_brin_inclusion_add_value,"CREATE OR REPLACE FUNCTION public.geom2d_brin_inclusion_add_value(internal, internal, internal, internal)
 RETURNS boolean
 LANGUAGE c
 PARALLEL SAFE
AS '$libdir/postgis-3', $function$geom2d_brin_inclusion_add_value$function$
"
geom3d_brin_inclusion_add_value,"internal, internal, internal, internal",boolean,c,geom3d_brin_inclusion_add_value,"CREATE OR REPLACE FUNCTION public.geom3d_brin_inclusion_add_value(internal, internal, internal, internal)
 RETURNS boolean
 LANGUAGE c
 PARALLEL SAFE
AS '$libdir/postgis-3', $function$geom3d_brin_inclusion_add_value$function$
"
geom4d_brin_inclusion_add_value,"internal, internal, internal, internal",boolean,c,geom4d_brin_inclusion_add_value,"CREATE OR REPLACE FUNCTION public.geom4d_brin_inclusion_add_value(internal, internal, internal, internal)
 RETURNS boolean
 LANGUAGE c
 PARALLEL SAFE
AS '$libdir/postgis-3', $function$geom4d_brin_inclusion_add_value$function$
"
geometry,box3d,geometry,c,BOX3D_to_LWGEOM,"CREATE OR REPLACE FUNCTION public.geometry(box3d)
 RETURNS geometry
 LANGUAGE c
 IMMUTABLE PARALLEL SAFE STRICT COST 50
AS '$libdir/postgis-3', $function$BOX3D_to_LWGEOM$function$
"
geometry,bytea,geometry,c,LWGEOM_from_bytea,"CREATE OR REPLACE FUNCTION public.geometry(bytea)
 RETURNS geometry
 LANGUAGE c
 IMMUTABLE PARALLEL SAFE STRICT COST 50
AS '$libdir/postgis-3', $function$LWGEOM_from_bytea$function$
"
geometry,geography,geometry,c,geometry_from_geography,"CREATE OR REPLACE FUNCTION public.geometry(geography)
 RETURNS geometry
 LANGUAGE c
 IMMUTABLE PARALLEL SAFE STRICT
AS '$libdir/postgis-3', $function$geometry_from_geography$function$
"
geometry,polygon,geometry,c,polygon_to_geometry,"CREATE OR REPLACE FUNCTION public.geometry(polygon)
 RETURNS geometry
 LANGUAGE c
 IMMUTABLE PARALLEL SAFE STRICT
AS '$libdir/postgis-3', $function$polygon_to_geometry$function$
"
geometry,path,geometry,c,path_to_geometry,"CREATE OR REPLACE FUNCTION public.geometry(path)
 RETURNS geometry
 LANGUAGE c
 IMMUTABLE PARALLEL SAFE STRICT
AS '$libdir/postgis-3', $function$path_to_geometry$function$
"
geometry,point,geometry,c,point_to_geometry,"CREATE OR REPLACE FUNCTION public.geometry(point)
 RETURNS geometry
 LANGUAGE c
 IMMUTABLE PARALLEL SAFE STRICT
AS '$libdir/postgis-3', $function$point_to_geometry$function$
"
geometry,"geometry, integer, boolean",geometry,c,geometry_enforce_typmod,"CREATE OR REPLACE FUNCTION public.geometry(geometry, integer, boolean)
 RETURNS geometry
 LANGUAGE c
 IMMUTABLE PARALLEL SAFE STRICT
AS '$libdir/postgis-3', $function$geometry_enforce_typmod$function$
"
geometry,box2d,geometry,c,BOX2D_to_LWGEOM,"CREATE OR REPLACE FUNCTION public.geometry(box2d)
 RETURNS geometry
 LANGUAGE c
 IMMUTABLE PARALLEL SAFE STRICT COST 50
AS '$libdir/postgis-3', $function$BOX2D_to_LWGEOM$function$
"
geometry,text,geometry,c,parse_WKT_lwgeom,"CREATE OR REPLACE FUNCTION public.geometry(text)
 RETURNS geometry
 LANGUAGE c
 IMMUTABLE PARALLEL SAFE STRICT COST 50
AS '$libdir/postgis-3', $function$parse_WKT_lwgeom$function$
"
geometry_above,"geom1 geometry, geom2 geometry",boolean,c,gserialized_above_2d,"CREATE OR REPLACE FUNCTION public.geometry_above(geom1 geometry, geom2 geometry)
 RETURNS boolean
 LANGUAGE c
 IMMUTABLE PARALLEL SAFE STRICT
AS '$libdir/postgis-3', $function$gserialized_above_2d$function$
"
geometry_analyze,internal,boolean,c,gserialized_analyze_nd,"CREATE OR REPLACE FUNCTION public.geometry_analyze(internal)
 RETURNS boolean
 LANGUAGE c
 STRICT
AS '$libdir/postgis-3', $function$gserialized_analyze_nd$function$
"
geometry_below,"geom1 geometry, geom2 geometry",boolean,c,gserialized_below_2d,"CREATE OR REPLACE FUNCTION public.geometry_below(geom1 geometry, geom2 geometry)
 RETURNS boolean
 LANGUAGE c
 IMMUTABLE PARALLEL SAFE STRICT
AS '$libdir/postgis-3', $function$gserialized_below_2d$function$
"
geometry_cmp,"geom1 geometry, geom2 geometry",integer,c,lwgeom_cmp,"CREATE OR REPLACE FUNCTION public.geometry_cmp(geom1 geometry, geom2 geometry)
 RETURNS integer
 LANGUAGE c
 IMMUTABLE PARALLEL SAFE STRICT
AS '$libdir/postgis-3', $function$lwgeom_cmp$function$
"
geometry_contained_3d,"geom1 geometry, geom2 geometry",boolean,c,gserialized_contained_3d,"CREATE OR REPLACE FUNCTION public.geometry_contained_3d(geom1 geometry, geom2 geometry)
 RETURNS boolean
 LANGUAGE c
 IMMUTABLE PARALLEL SAFE STRICT
AS '$libdir/postgis-3', $function$gserialized_contained_3d$function$
"
geometry_contains,"geom1 geometry, geom2 geometry",boolean,c,gserialized_contains_2d,"CREATE OR REPLACE FUNCTION public.geometry_contains(geom1 geometry, geom2 geometry)
 RETURNS boolean
 LANGUAGE c
 IMMUTABLE PARALLEL SAFE STRICT
AS '$libdir/postgis-3', $function$gserialized_contains_2d$function$
"
geometry_contains_3d,"geom1 geometry, geom2 geometry",boolean,c,gserialized_contains_3d,"CREATE OR REPLACE FUNCTION public.geometry_contains_3d(geom1 geometry, geom2 geometry)
 RETURNS boolean
 LANGUAGE c
 IMMUTABLE PARALLEL SAFE STRICT
AS '$libdir/postgis-3', $function$gserialized_contains_3d$function$
"
geometry_contains_nd,"geometry, geometry",boolean,c,gserialized_contains,"CREATE OR REPLACE FUNCTION public.geometry_contains_nd(geometry, geometry)
 RETURNS boolean
 LANGUAGE c
 IMMUTABLE PARALLEL SAFE STRICT
AS '$libdir/postgis-3', $function$gserialized_contains$function$
"
geometry_distance_box,"geom1 geometry, geom2 geometry",double precision,c,gserialized_distance_box_2d,"CREATE OR REPLACE FUNCTION public.geometry_distance_box(geom1 geometry, geom2 geometry)
 RETURNS double precision
 LANGUAGE c
 IMMUTABLE PARALLEL SAFE STRICT
AS '$libdir/postgis-3', $function$gserialized_distance_box_2d$function$
"
geometry_distance_centroid,"geom1 geometry, geom2 geometry",double precision,c,ST_Distance,"CREATE OR REPLACE FUNCTION public.geometry_distance_centroid(geom1 geometry, geom2 geometry)
 RETURNS double precision
 LANGUAGE c
 IMMUTABLE PARALLEL SAFE STRICT COST 500
AS '$libdir/postgis-3', $function$ST_Distance$function$
"
geometry_distance_centroid_nd,"geometry, geometry",double precision,c,gserialized_distance_nd,"CREATE OR REPLACE FUNCTION public.geometry_distance_centroid_nd(geometry, geometry)
 RETURNS double precision
 LANGUAGE c
 IMMUTABLE PARALLEL SAFE STRICT
AS '$libdir/postgis-3', $function$gserialized_distance_nd$function$
"
geometry_distance_cpa,"geometry, geometry",double precision,c,ST_DistanceCPA,"CREATE OR REPLACE FUNCTION public.geometry_distance_cpa(geometry, geometry)
 RETURNS double precision
 LANGUAGE c
 IMMUTABLE PARALLEL SAFE STRICT COST 10000
AS '$libdir/postgis-3', $function$ST_DistanceCPA$function$
"
geometry_eq,"geom1 geometry, geom2 geometry",boolean,c,lwgeom_eq,"CREATE OR REPLACE FUNCTION public.geometry_eq(geom1 geometry, geom2 geometry)
 RETURNS boolean
 LANGUAGE c
 IMMUTABLE PARALLEL SAFE STRICT
AS '$libdir/postgis-3', $function$lwgeom_eq$function$
"
geometry_ge,"geom1 geometry, geom2 geometry",boolean,c,lwgeom_ge,"CREATE OR REPLACE FUNCTION public.geometry_ge(geom1 geometry, geom2 geometry)
 RETURNS boolean
 LANGUAGE c
 IMMUTABLE PARALLEL SAFE STRICT
AS '$libdir/postgis-3', $function$lwgeom_ge$function$
"
geometry_gist_compress_2d,internal,internal,c,gserialized_gist_compress_2d,"CREATE OR REPLACE FUNCTION public.geometry_gist_compress_2d(internal)
 RETURNS internal
 LANGUAGE c
 PARALLEL SAFE
AS '$libdir/postgis-3', $function$gserialized_gist_compress_2d$function$
"
geometry_gist_compress_nd,internal,internal,c,gserialized_gist_compress,"CREATE OR REPLACE FUNCTION public.geometry_gist_compress_nd(internal)
 RETURNS internal
 LANGUAGE c
 PARALLEL SAFE
AS '$libdir/postgis-3', $function$gserialized_gist_compress$function$
"
geometry_gist_consistent_2d,"internal, geometry, integer",boolean,c,gserialized_gist_consistent_2d,"CREATE OR REPLACE FUNCTION public.geometry_gist_consistent_2d(internal, geometry, integer)
 RETURNS boolean
 LANGUAGE c
 PARALLEL SAFE
AS '$libdir/postgis-3', $function$gserialized_gist_consistent_2d$function$
"
geometry_gist_consistent_nd,"internal, geometry, integer",boolean,c,gserialized_gist_consistent,"CREATE OR REPLACE FUNCTION public.geometry_gist_consistent_nd(internal, geometry, integer)
 RETURNS boolean
 LANGUAGE c
 PARALLEL SAFE
AS '$libdir/postgis-3', $function$gserialized_gist_consistent$function$
"
geometry_gist_decompress_2d,internal,internal,c,gserialized_gist_decompress_2d,"CREATE OR REPLACE FUNCTION public.geometry_gist_decompress_2d(internal)
 RETURNS internal
 LANGUAGE c
 PARALLEL SAFE
AS '$libdir/postgis-3', $function$gserialized_gist_decompress_2d$function$
"
geometry_gist_decompress_nd,internal,internal,c,gserialized_gist_decompress,"CREATE OR REPLACE FUNCTION public.geometry_gist_decompress_nd(internal)
 RETURNS internal
 LANGUAGE c
 PARALLEL SAFE
AS '$libdir/postgis-3', $function$gserialized_gist_decompress$function$
"
geometry_gist_distance_2d,"internal, geometry, integer",double precision,c,gserialized_gist_distance_2d,"CREATE OR REPLACE FUNCTION public.geometry_gist_distance_2d(internal, geometry, integer)
 RETURNS double precision
 LANGUAGE c
 PARALLEL SAFE
AS '$libdir/postgis-3', $function$gserialized_gist_distance_2d$function$
"
geometry_gist_distance_nd,"internal, geometry, integer",double precision,c,gserialized_gist_distance,"CREATE OR REPLACE FUNCTION public.geometry_gist_distance_nd(internal, geometry, integer)
 RETURNS double precision
 LANGUAGE c
 PARALLEL SAFE
AS '$libdir/postgis-3', $function$gserialized_gist_distance$function$
"
geometry_gist_penalty_2d,"internal, internal, internal",internal,c,gserialized_gist_penalty_2d,"CREATE OR REPLACE FUNCTION public.geometry_gist_penalty_2d(internal, internal, internal)
 RETURNS internal
 LANGUAGE c
 PARALLEL SAFE
AS '$libdir/postgis-3', $function$gserialized_gist_penalty_2d$function$
"
geometry_gist_penalty_nd,"internal, internal, internal",internal,c,gserialized_gist_penalty,"CREATE OR REPLACE FUNCTION public.geometry_gist_penalty_nd(internal, internal, internal)
 RETURNS internal
 LANGUAGE c
 PARALLEL SAFE
AS '$libdir/postgis-3', $function$gserialized_gist_penalty$function$
"
geometry_gist_picksplit_2d,"internal, internal",internal,c,gserialized_gist_picksplit_2d,"CREATE OR REPLACE FUNCTION public.geometry_gist_picksplit_2d(internal, internal)
 RETURNS internal
 LANGUAGE c
 PARALLEL SAFE
AS '$libdir/postgis-3', $function$gserialized_gist_picksplit_2d$function$
"
geometry_gist_picksplit_nd,"internal, internal",internal,c,gserialized_gist_picksplit,"CREATE OR REPLACE FUNCTION public.geometry_gist_picksplit_nd(internal, internal)
 RETURNS internal
 LANGUAGE c
 PARALLEL SAFE
AS '$libdir/postgis-3', $function$gserialized_gist_picksplit$function$
"
geometry_gist_same_2d,"geom1 geometry, geom2 geometry, internal",internal,c,gserialized_gist_same_2d,"CREATE OR REPLACE FUNCTION public.geometry_gist_same_2d(geom1 geometry, geom2 geometry, internal)
 RETURNS internal
 LANGUAGE c
 PARALLEL SAFE
AS '$libdir/postgis-3', $function$gserialized_gist_same_2d$function$
"
geometry_gist_same_nd,"geometry, geometry, internal",internal,c,gserialized_gist_same,"CREATE OR REPLACE FUNCTION public.geometry_gist_same_nd(geometry, geometry, internal)
 RETURNS internal
 LANGUAGE c
 PARALLEL SAFE
AS '$libdir/postgis-3', $function$gserialized_gist_same$function$
"
geometry_gist_sortsupport_2d,internal,void,c,gserialized_gist_sortsupport_2d,"CREATE OR REPLACE FUNCTION public.geometry_gist_sortsupport_2d(internal)
 RETURNS void
 LANGUAGE c
 STRICT
AS '$libdir/postgis-3', $function$gserialized_gist_sortsupport_2d$function$
"
geometry_gist_union_2d,"bytea, internal",internal,c,gserialized_gist_union_2d,"CREATE OR REPLACE FUNCTION public.geometry_gist_union_2d(bytea, internal)
 RETURNS internal
 LANGUAGE c
 PARALLEL SAFE
AS '$libdir/postgis-3', $function$gserialized_gist_union_2d$function$
"
geometry_gist_union_nd,"bytea, internal",internal,c,gserialized_gist_union,"CREATE OR REPLACE FUNCTION public.geometry_gist_union_nd(bytea, internal)
 RETURNS internal
 LANGUAGE c
 PARALLEL SAFE
AS '$libdir/postgis-3', $function$gserialized_gist_union$function$
"
geometry_gt,"geom1 geometry, geom2 geometry",boolean,c,lwgeom_gt,"CREATE OR REPLACE FUNCTION public.geometry_gt(geom1 geometry, geom2 geometry)
 RETURNS boolean
 LANGUAGE c
 IMMUTABLE PARALLEL SAFE STRICT
AS '$libdir/postgis-3', $function$lwgeom_gt$function$
"
geometry_hash,geometry,integer,c,lwgeom_hash,"CREATE OR REPLACE FUNCTION public.geometry_hash(geometry)
 RETURNS integer
 LANGUAGE c
 IMMUTABLE PARALLEL SAFE STRICT
AS '$libdir/postgis-3', $function$lwgeom_hash$function$
"
geometry_in,cstring,geometry,c,LWGEOM_in,"CREATE OR REPLACE FUNCTION public.geometry_in(cstring)
 RETURNS geometry
 LANGUAGE c
 IMMUTABLE PARALLEL SAFE STRICT
AS '$libdir/postgis-3', $function$LWGEOM_in$function$
"
geometry_le,"geom1 geometry, geom2 geometry",boolean,c,lwgeom_le,"CREATE OR REPLACE FUNCTION public.geometry_le(geom1 geometry, geom2 geometry)
 RETURNS boolean
 LANGUAGE c
 IMMUTABLE PARALLEL SAFE STRICT
AS '$libdir/postgis-3', $function$lwgeom_le$function$
"
geometry_left,"geom1 geometry, geom2 geometry",boolean,c,gserialized_left_2d,"CREATE OR REPLACE FUNCTION public.geometry_left(geom1 geometry, geom2 geometry)
 RETURNS boolean
 LANGUAGE c
 IMMUTABLE PARALLEL SAFE STRICT
AS '$libdir/postgis-3', $function$gserialized_left_2d$function$
"
geometry_lt,"geom1 geometry, geom2 geometry",boolean,c,lwgeom_lt,"CREATE OR REPLACE FUNCTION public.geometry_lt(geom1 geometry, geom2 geometry)
 RETURNS boolean
 LANGUAGE c
 IMMUTABLE PARALLEL SAFE STRICT
AS '$libdir/postgis-3', $function$lwgeom_lt$function$
"
geometry_out,geometry,cstring,c,LWGEOM_out,"CREATE OR REPLACE FUNCTION public.geometry_out(geometry)
 RETURNS cstring
 LANGUAGE c
 IMMUTABLE PARALLEL SAFE STRICT
AS '$libdir/postgis-3', $function$LWGEOM_out$function$
"
geometry_overabove,"geom1 geometry, geom2 geometry",boolean,c,gserialized_overabove_2d,"CREATE OR REPLACE FUNCTION public.geometry_overabove(geom1 geometry, geom2 geometry)
 RETURNS boolean
 LANGUAGE c
 IMMUTABLE PARALLEL SAFE STRICT
AS '$libdir/postgis-3', $function$gserialized_overabove_2d$function$
"
geometry_overbelow,"geom1 geometry, geom2 geometry",boolean,c,gserialized_overbelow_2d,"CREATE OR REPLACE FUNCTION public.geometry_overbelow(geom1 geometry, geom2 geometry)
 RETURNS boolean
 LANGUAGE c
 IMMUTABLE PARALLEL SAFE STRICT
AS '$libdir/postgis-3', $function$gserialized_overbelow_2d$function$
"
geometry_overlaps,"geom1 geometry, geom2 geometry",boolean,c,gserialized_overlaps_2d,"CREATE OR REPLACE FUNCTION public.geometry_overlaps(geom1 geometry, geom2 geometry)
 RETURNS boolean
 LANGUAGE c
 IMMUTABLE PARALLEL SAFE STRICT
AS '$libdir/postgis-3', $function$gserialized_overlaps_2d$function$
"
geometry_overlaps_3d,"geom1 geometry, geom2 geometry",boolean,c,gserialized_overlaps_3d,"CREATE OR REPLACE FUNCTION public.geometry_overlaps_3d(geom1 geometry, geom2 geometry)
 RETURNS boolean
 LANGUAGE c
 IMMUTABLE PARALLEL SAFE STRICT
AS '$libdir/postgis-3', $function$gserialized_overlaps_3d$function$
"
geometry_overlaps_nd,"geometry, geometry",boolean,c,gserialized_overlaps,"CREATE OR REPLACE FUNCTION public.geometry_overlaps_nd(geometry, geometry)
 RETURNS boolean
 LANGUAGE c
 IMMUTABLE PARALLEL SAFE STRICT
AS '$libdir/postgis-3', $function$gserialized_overlaps$function$
"
geometry_overleft,"geom1 geometry, geom2 geometry",boolean,c,gserialized_overleft_2d,"CREATE OR REPLACE FUNCTION public.geometry_overleft(geom1 geometry, geom2 geometry)
 RETURNS boolean
 LANGUAGE c
 IMMUTABLE PARALLEL SAFE STRICT
AS '$libdir/postgis-3', $function$gserialized_overleft_2d$function$
"
geometry_overright,"geom1 geometry, geom2 geometry",boolean,c,gserialized_overright_2d,"CREATE OR REPLACE FUNCTION public.geometry_overright(geom1 geometry, geom2 geometry)
 RETURNS boolean
 LANGUAGE c
 IMMUTABLE PARALLEL SAFE STRICT
AS '$libdir/postgis-3', $function$gserialized_overright_2d$function$
"
geometry_recv,internal,geometry,c,LWGEOM_recv,"CREATE OR REPLACE FUNCTION public.geometry_recv(internal)
 RETURNS geometry
 LANGUAGE c
 IMMUTABLE PARALLEL SAFE STRICT
AS '$libdir/postgis-3', $function$LWGEOM_recv$function$
"
geometry_right,"geom1 geometry, geom2 geometry",boolean,c,gserialized_right_2d,"CREATE OR REPLACE FUNCTION public.geometry_right(geom1 geometry, geom2 geometry)
 RETURNS boolean
 LANGUAGE c
 IMMUTABLE PARALLEL SAFE STRICT
AS '$libdir/postgis-3', $function$gserialized_right_2d$function$
"
geometry_same,"geom1 geometry, geom2 geometry",boolean,c,gserialized_same_2d,"CREATE OR REPLACE FUNCTION public.geometry_same(geom1 geometry, geom2 geometry)
 RETURNS boolean
 LANGUAGE c
 IMMUTABLE PARALLEL SAFE STRICT
AS '$libdir/postgis-3', $function$gserialized_same_2d$function$
"
geometry_same_3d,"geom1 geometry, geom2 geometry",boolean,c,gserialized_same_3d,"CREATE OR REPLACE FUNCTION public.geometry_same_3d(geom1 geometry, geom2 geometry)
 RETURNS boolean
 LANGUAGE c
 IMMUTABLE PARALLEL SAFE STRICT
AS '$libdir/postgis-3', $function$gserialized_same_3d$function$
"
geometry_same_nd,"geometry, geometry",boolean,c,gserialized_same,"CREATE OR REPLACE FUNCTION public.geometry_same_nd(geometry, geometry)
 RETURNS boolean
 LANGUAGE c
 IMMUTABLE PARALLEL SAFE STRICT
AS '$libdir/postgis-3', $function$gserialized_same$function$
"
geometry_send,geometry,bytea,c,LWGEOM_send,"CREATE OR REPLACE FUNCTION public.geometry_send(geometry)
 RETURNS bytea
 LANGUAGE c
 IMMUTABLE PARALLEL SAFE STRICT
AS '$libdir/postgis-3', $function$LWGEOM_send$function$
"
geometry_sortsupport,internal,void,c,lwgeom_sortsupport,"CREATE OR REPLACE FUNCTION public.geometry_sortsupport(internal)
 RETURNS void
 LANGUAGE c
 IMMUTABLE PARALLEL SAFE STRICT
AS '$libdir/postgis-3', $function$lwgeom_sortsupport$function$
"
geometry_spgist_choose_2d,"internal, internal",void,c,gserialized_spgist_choose_2d,"CREATE OR REPLACE FUNCTION public.geometry_spgist_choose_2d(internal, internal)
 RETURNS void
 LANGUAGE c
 IMMUTABLE PARALLEL SAFE STRICT
AS '$libdir/postgis-3', $function$gserialized_spgist_choose_2d$function$
"
geometry_spgist_choose_3d,"internal, internal",void,c,gserialized_spgist_choose_3d,"CREATE OR REPLACE FUNCTION public.geometry_spgist_choose_3d(internal, internal)
 RETURNS void
 LANGUAGE c
 IMMUTABLE PARALLEL SAFE STRICT
AS '$libdir/postgis-3', $function$gserialized_spgist_choose_3d$function$
"
geometry_spgist_choose_nd,"internal, internal",void,c,gserialized_spgist_choose_nd,"CREATE OR REPLACE FUNCTION public.geometry_spgist_choose_nd(internal, internal)
 RETURNS void
 LANGUAGE c
 IMMUTABLE PARALLEL SAFE STRICT
AS '$libdir/postgis-3', $function$gserialized_spgist_choose_nd$function$
"
geometry_spgist_compress_2d,internal,internal,c,gserialized_spgist_compress_2d,"CREATE OR REPLACE FUNCTION public.geometry_spgist_compress_2d(internal)
 RETURNS internal
 LANGUAGE c
 IMMUTABLE PARALLEL SAFE STRICT
AS '$libdir/postgis-3', $function$gserialized_spgist_compress_2d$function$
"
geometry_spgist_compress_3d,internal,internal,c,gserialized_spgist_compress_3d,"CREATE OR REPLACE FUNCTION public.geometry_spgist_compress_3d(internal)
 RETURNS internal
 LANGUAGE c
 IMMUTABLE PARALLEL SAFE STRICT
AS '$libdir/postgis-3', $function$gserialized_spgist_compress_3d$function$
"
geometry_spgist_compress_nd,internal,internal,c,gserialized_spgist_compress_nd,"CREATE OR REPLACE FUNCTION public.geometry_spgist_compress_nd(internal)
 RETURNS internal
 LANGUAGE c
 IMMUTABLE PARALLEL SAFE STRICT
AS '$libdir/postgis-3', $function$gserialized_spgist_compress_nd$function$
"
geometry_spgist_config_2d,"internal, internal",void,c,gserialized_spgist_config_2d,"CREATE OR REPLACE FUNCTION public.geometry_spgist_config_2d(internal, internal)
 RETURNS void
 LANGUAGE c
 IMMUTABLE PARALLEL SAFE STRICT
AS '$libdir/postgis-3', $function$gserialized_spgist_config_2d$function$
"
geometry_spgist_config_3d,"internal, internal",void,c,gserialized_spgist_config_3d,"CREATE OR REPLACE FUNCTION public.geometry_spgist_config_3d(internal, internal)
 RETURNS void
 LANGUAGE c
 IMMUTABLE PARALLEL SAFE STRICT
AS '$libdir/postgis-3', $function$gserialized_spgist_config_3d$function$
"
geometry_spgist_config_nd,"internal, internal",void,c,gserialized_spgist_config_nd,"CREATE OR REPLACE FUNCTION public.geometry_spgist_config_nd(internal, internal)
 RETURNS void
 LANGUAGE c
 IMMUTABLE PARALLEL SAFE STRICT
AS '$libdir/postgis-3', $function$gserialized_spgist_config_nd$function$
"
geometry_spgist_inner_consistent_2d,"internal, internal",void,c,gserialized_spgist_inner_consistent_2d,"CREATE OR REPLACE FUNCTION public.geometry_spgist_inner_consistent_2d(internal, internal)
 RETURNS void
 LANGUAGE c
 IMMUTABLE PARALLEL SAFE STRICT
AS '$libdir/postgis-3', $function$gserialized_spgist_inner_consistent_2d$function$
"
geometry_spgist_inner_consistent_3d,"internal, internal",void,c,gserialized_spgist_inner_consistent_3d,"CREATE OR REPLACE FUNCTION public.geometry_spgist_inner_consistent_3d(internal, internal)
 RETURNS void
 LANGUAGE c
 IMMUTABLE PARALLEL SAFE STRICT
AS '$libdir/postgis-3', $function$gserialized_spgist_inner_consistent_3d$function$
"
geometry_spgist_inner_consistent_nd,"internal, internal",void,c,gserialized_spgist_inner_consistent_nd,"CREATE OR REPLACE FUNCTION public.geometry_spgist_inner_consistent_nd(internal, internal)
 RETURNS void
 LANGUAGE c
 IMMUTABLE PARALLEL SAFE STRICT
AS '$libdir/postgis-3', $function$gserialized_spgist_inner_consistent_nd$function$
"
geometry_spgist_leaf_consistent_2d,"internal, internal",boolean,c,gserialized_spgist_leaf_consistent_2d,"CREATE OR REPLACE FUNCTION public.geometry_spgist_leaf_consistent_2d(internal, internal)
 RETURNS boolean
 LANGUAGE c
 IMMUTABLE PARALLEL SAFE STRICT
AS '$libdir/postgis-3', $function$gserialized_spgist_leaf_consistent_2d$function$
"
geometry_spgist_leaf_consistent_3d,"internal, internal",boolean,c,gserialized_spgist_leaf_consistent_3d,"CREATE OR REPLACE FUNCTION public.geometry_spgist_leaf_consistent_3d(internal, internal)
 RETURNS boolean
 LANGUAGE c
 IMMUTABLE PARALLEL SAFE STRICT
AS '$libdir/postgis-3', $function$gserialized_spgist_leaf_consistent_3d$function$
"
geometry_spgist_leaf_consistent_nd,"internal, internal",boolean,c,gserialized_spgist_leaf_consistent_nd,"CREATE OR REPLACE FUNCTION public.geometry_spgist_leaf_consistent_nd(internal, internal)
 RETURNS boolean
 LANGUAGE c
 IMMUTABLE PARALLEL SAFE STRICT
AS '$libdir/postgis-3', $function$gserialized_spgist_leaf_consistent_nd$function$
"
geometry_spgist_picksplit_2d,"internal, internal",void,c,gserialized_spgist_picksplit_2d,"CREATE OR REPLACE FUNCTION public.geometry_spgist_picksplit_2d(internal, internal)
 RETURNS void
 LANGUAGE c
 IMMUTABLE PARALLEL SAFE STRICT
AS '$libdir/postgis-3', $function$gserialized_spgist_picksplit_2d$function$
"
geometry_spgist_picksplit_3d,"internal, internal",void,c,gserialized_spgist_picksplit_3d,"CREATE OR REPLACE FUNCTION public.geometry_spgist_picksplit_3d(internal, internal)
 RETURNS void
 LANGUAGE c
 IMMUTABLE PARALLEL SAFE STRICT
AS '$libdir/postgis-3', $function$gserialized_spgist_picksplit_3d$function$
"
geometry_spgist_picksplit_nd,"internal, internal",void,c,gserialized_spgist_picksplit_nd,"CREATE OR REPLACE FUNCTION public.geometry_spgist_picksplit_nd(internal, internal)
 RETURNS void
 LANGUAGE c
 IMMUTABLE PARALLEL SAFE STRICT
AS '$libdir/postgis-3', $function$gserialized_spgist_picksplit_nd$function$
"
geometry_typmod_in,cstring[],integer,c,geometry_typmod_in,"CREATE OR REPLACE FUNCTION public.geometry_typmod_in(cstring[])
 RETURNS integer
 LANGUAGE c
 IMMUTABLE PARALLEL SAFE STRICT
AS '$libdir/postgis-3', $function$geometry_typmod_in$function$
"
geometry_typmod_out,integer,cstring,c,postgis_typmod_out,"CREATE OR REPLACE FUNCTION public.geometry_typmod_out(integer)
 RETURNS cstring
 LANGUAGE c
 IMMUTABLE PARALLEL SAFE STRICT
AS '$libdir/postgis-3', $function$postgis_typmod_out$function$
"
geometry_within,"geom1 geometry, geom2 geometry",boolean,c,gserialized_within_2d,"CREATE OR REPLACE FUNCTION public.geometry_within(geom1 geometry, geom2 geometry)
 RETURNS boolean
 LANGUAGE c
 IMMUTABLE PARALLEL SAFE STRICT
AS '$libdir/postgis-3', $function$gserialized_within_2d$function$
"
geometry_within_nd,"geometry, geometry",boolean,c,gserialized_within,"CREATE OR REPLACE FUNCTION public.geometry_within_nd(geometry, geometry)
 RETURNS boolean
 LANGUAGE c
 IMMUTABLE PARALLEL SAFE STRICT
AS '$libdir/postgis-3', $function$gserialized_within$function$
"
geometrytype,geography,text,c,LWGEOM_getTYPE,"CREATE OR REPLACE FUNCTION public.geometrytype(geography)
 RETURNS text
 LANGUAGE c
 IMMUTABLE PARALLEL SAFE STRICT
AS '$libdir/postgis-3', $function$LWGEOM_getTYPE$function$
"
geometrytype,geometry,text,c,LWGEOM_getTYPE,"CREATE OR REPLACE FUNCTION public.geometrytype(geometry)
 RETURNS text
 LANGUAGE c
 IMMUTABLE PARALLEL SAFE STRICT
AS '$libdir/postgis-3', $function$LWGEOM_getTYPE$function$
"
geomfromewkb,bytea,geometry,c,LWGEOMFromEWKB,"CREATE OR REPLACE FUNCTION public.geomfromewkb(bytea)
 RETURNS geometry
 LANGUAGE c
 IMMUTABLE PARALLEL SAFE STRICT COST 50
AS '$libdir/postgis-3', $function$LWGEOMFromEWKB$function$
"
geomfromewkt,text,geometry,c,parse_WKT_lwgeom,"CREATE OR REPLACE FUNCTION public.geomfromewkt(text)
 RETURNS geometry
 LANGUAGE c
 IMMUTABLE PARALLEL SAFE STRICT COST 50
AS '$libdir/postgis-3', $function$parse_WKT_lwgeom$function$
"
get_proj4_from_srid,integer,text,plpgsql,"
	BEGIN
	RETURN proj4text::text FROM public.spatial_ref_sys WHERE srid= $1;
	END;
	","CREATE OR REPLACE FUNCTION public.get_proj4_from_srid(integer)
 RETURNS text
 LANGUAGE plpgsql
 IMMUTABLE PARALLEL SAFE STRICT
AS $function$
	BEGIN
	RETURN proj4text::text FROM public.spatial_ref_sys WHERE srid= $1;
	END;
	$function$
"
gettransactionid,,xid,c,getTransactionID,"CREATE OR REPLACE FUNCTION public.gettransactionid()
 RETURNS xid
 LANGUAGE c
AS '$libdir/postgis-3', $function$getTransactionID$function$
"
gidx_in,cstring,gidx,c,gidx_in,"CREATE OR REPLACE FUNCTION public.gidx_in(cstring)
 RETURNS gidx
 LANGUAGE c
 IMMUTABLE PARALLEL SAFE STRICT
AS '$libdir/postgis-3', $function$gidx_in$function$
"
gidx_out,gidx,cstring,c,gidx_out,"CREATE OR REPLACE FUNCTION public.gidx_out(gidx)
 RETURNS cstring
 LANGUAGE c
 IMMUTABLE PARALLEL SAFE STRICT
AS '$libdir/postgis-3', $function$gidx_out$function$
"
gserialized_gist_joinsel_2d,"internal, oid, internal, smallint",double precision,c,gserialized_gist_joinsel_2d,"CREATE OR REPLACE FUNCTION public.gserialized_gist_joinsel_2d(internal, oid, internal, smallint)
 RETURNS double precision
 LANGUAGE c
 PARALLEL SAFE
AS '$libdir/postgis-3', $function$gserialized_gist_joinsel_2d$function$
"
gserialized_gist_joinsel_nd,"internal, oid, internal, smallint",double precision,c,gserialized_gist_joinsel_nd,"CREATE OR REPLACE FUNCTION public.gserialized_gist_joinsel_nd(internal, oid, internal, smallint)
 RETURNS double precision
 LANGUAGE c
 PARALLEL SAFE
AS '$libdir/postgis-3', $function$gserialized_gist_joinsel_nd$function$
"
gserialized_gist_sel_2d,"internal, oid, internal, integer",double precision,c,gserialized_gist_sel_2d,"CREATE OR REPLACE FUNCTION public.gserialized_gist_sel_2d(internal, oid, internal, integer)
 RETURNS double precision
 LANGUAGE c
 PARALLEL SAFE
AS '$libdir/postgis-3', $function$gserialized_gist_sel_2d$function$
"
gserialized_gist_sel_nd,"internal, oid, internal, integer",double precision,c,gserialized_gist_sel_nd,"CREATE OR REPLACE FUNCTION public.gserialized_gist_sel_nd(internal, oid, internal, integer)
 RETURNS double precision
 LANGUAGE c
 PARALLEL SAFE
AS '$libdir/postgis-3', $function$gserialized_gist_sel_nd$function$
"
has_completed_booking,"p_userid integer, p_targettype reviewtargettype, p_targetid integer",boolean,plpgsql,"
BEGIN
  RETURN CASE p_targettype

    -- A user may review a court if they completed a court booking for it.
    WHEN 'court' THEN EXISTS (
      SELECT 1
      FROM   courtbooking  cb
      JOIN   courtavailability ca ON ca.availabilityid = cb.availabilityid
      WHERE  cb.userid        = p_userid
        AND  ca.courtid       = p_targetid
        AND  cb.bookingstatus = 'completed'::sessionstatus
    )

    -- A user may review an event if they joined and its session completed.
    WHEN 'event' THEN EXISTS (
      SELECT 1
      FROM   eventbooking eb
      WHERE  eb.userid        = p_userid
        AND  eb.eventid       = p_targetid
        AND  eb.bookingstatus = 'completed'::sessionstatus
    )

    -- A user may review a training session if their attendance completed.
    WHEN 'trainingsession' THEN EXISTS (
      SELECT 1
      FROM   tsbookings tb
      WHERE  tb.userid        = p_userid
        AND  tb.sessionid     = p_targetid
        AND  tb.bookingstatus = 'completed'::sessionstatus
    )

    ELSE FALSE
  END;
END;
","CREATE OR REPLACE FUNCTION public.has_completed_booking(p_userid integer, p_targettype reviewtargettype, p_targetid integer)
 RETURNS boolean
 LANGUAGE plpgsql
 STABLE SECURITY DEFINER
 SET search_path TO 'public'
AS $function$
BEGIN
  RETURN CASE p_targettype

    -- A user may review a court if they completed a court booking for it.
    WHEN 'court' THEN EXISTS (
      SELECT 1
      FROM   courtbooking  cb
      JOIN   courtavailability ca ON ca.availabilityid = cb.availabilityid
      WHERE  cb.userid        = p_userid
        AND  ca.courtid       = p_targetid
        AND  cb.bookingstatus = 'completed'::sessionstatus
    )

    -- A user may review an event if they joined and its session completed.
    WHEN 'event' THEN EXISTS (
      SELECT 1
      FROM   eventbooking eb
      WHERE  eb.userid        = p_userid
        AND  eb.eventid       = p_targetid
        AND  eb.bookingstatus = 'completed'::sessionstatus
    )

    -- A user may review a training session if their attendance completed.
    WHEN 'trainingsession' THEN EXISTS (
      SELECT 1
      FROM   tsbookings tb
      WHERE  tb.userid        = p_userid
        AND  tb.sessionid     = p_targetid
        AND  tb.bookingstatus = 'completed'::sessionstatus
    )

    ELSE FALSE
  END;
END;
$function$
"
int2_dist,"smallint, smallint",smallint,c,int2_dist,"CREATE OR REPLACE FUNCTION public.int2_dist(smallint, smallint)
 RETURNS smallint
 LANGUAGE c
 IMMUTABLE PARALLEL SAFE STRICT
AS '$libdir/btree_gist', $function$int2_dist$function$
"
int4_dist,"integer, integer",integer,c,int4_dist,"CREATE OR REPLACE FUNCTION public.int4_dist(integer, integer)
 RETURNS integer
 LANGUAGE c
 IMMUTABLE PARALLEL SAFE STRICT
AS '$libdir/btree_gist', $function$int4_dist$function$
"
int8_dist,"bigint, bigint",bigint,c,int8_dist,"CREATE OR REPLACE FUNCTION public.int8_dist(bigint, bigint)
 RETURNS bigint
 LANGUAGE c
 IMMUTABLE PARALLEL SAFE STRICT
AS '$libdir/btree_gist', $function$int8_dist$function$
"
interval_dist,"interval, interval",interval,c,interval_dist,"CREATE OR REPLACE FUNCTION public.interval_dist(interval, interval)
 RETURNS interval
 LANGUAGE c
 IMMUTABLE PARALLEL SAFE STRICT
AS '$libdir/btree_gist', $function$interval_dist$function$
"
is_contained_2d,"box2df, box2df",boolean,c,gserialized_contains_box2df_box2df_2d,"CREATE OR REPLACE FUNCTION public.is_contained_2d(box2df, box2df)
 RETURNS boolean
 LANGUAGE c
 IMMUTABLE PARALLEL SAFE STRICT
AS '$libdir/postgis-3', $function$gserialized_contains_box2df_box2df_2d$function$
"
is_contained_2d,"geometry, box2df",boolean,sql,SELECT $2 OPERATOR(public.~) $1;,"CREATE OR REPLACE FUNCTION public.is_contained_2d(geometry, box2df)
 RETURNS boolean
 LANGUAGE sql
 IMMUTABLE PARALLEL SAFE STRICT COST 1
AS $function$SELECT $2 OPERATOR(public.~) $1;$function$
"
is_contained_2d,"box2df, geometry",boolean,c,gserialized_within_box2df_geom_2d,"CREATE OR REPLACE FUNCTION public.is_contained_2d(box2df, geometry)
 RETURNS boolean
 LANGUAGE c
 IMMUTABLE PARALLEL SAFE STRICT
AS '$libdir/postgis-3', $function$gserialized_within_box2df_geom_2d$function$
"
json,geometry,json,c,geometry_to_json,"CREATE OR REPLACE FUNCTION public.""json""(geometry)
 RETURNS json
 LANGUAGE c
 IMMUTABLE PARALLEL SAFE STRICT COST 500
AS '$libdir/postgis-3', $function$geometry_to_json$function$
"
jsonb,geometry,jsonb,c,geometry_to_jsonb,"CREATE OR REPLACE FUNCTION public.jsonb(geometry)
 RETURNS jsonb
 LANGUAGE c
 IMMUTABLE PARALLEL SAFE STRICT COST 500
AS '$libdir/postgis-3', $function$geometry_to_jsonb$function$
"
lockrow,"text, text, text, text, timestamp without time zone",integer,plpgsql,"
DECLARE
	myschema alias for $1;
	mytable alias for $2;
	myrid   alias for $3;
	authid alias for $4;
	expires alias for $5;
	ret int;
	mytoid oid;
	myrec RECORD;

BEGIN

	IF NOT LongTransactionsEnabled() THEN
		RAISE EXCEPTION 'Long transaction support disabled, use EnableLongTransaction() to enable.';
	END IF;

	EXECUTE 'DELETE FROM authorization_table WHERE expires < now()';

	SELECT c.oid INTO mytoid FROM pg_class c, pg_namespace n
		WHERE c.relname = mytable
		AND c.relnamespace = n.oid
		AND n.nspname = myschema;

	-- RAISE NOTICE 'toid: %', mytoid;

	FOR myrec IN SELECT * FROM authorization_table WHERE
		toid = mytoid AND rid = myrid
	LOOP
		IF myrec.authid != authid THEN
			RETURN 0;
		ELSE
			RETURN 1;
		END IF;
	END LOOP;

	EXECUTE 'INSERT INTO authorization_table VALUES ('||
		quote_literal(mytoid::text)||','||quote_literal(myrid)||
		','||quote_literal(expires::text)||
		','||quote_literal(authid) ||')';

	GET DIAGNOSTICS ret = ROW_COUNT;

	RETURN ret;
END;
","CREATE OR REPLACE FUNCTION public.lockrow(text, text, text, text, timestamp without time zone)
 RETURNS integer
 LANGUAGE plpgsql
 STRICT
AS $function$
DECLARE
	myschema alias for $1;
	mytable alias for $2;
	myrid   alias for $3;
	authid alias for $4;
	expires alias for $5;
	ret int;
	mytoid oid;
	myrec RECORD;

BEGIN

	IF NOT LongTransactionsEnabled() THEN
		RAISE EXCEPTION 'Long transaction support disabled, use EnableLongTransaction() to enable.';
	END IF;

	EXECUTE 'DELETE FROM authorization_table WHERE expires < now()';

	SELECT c.oid INTO mytoid FROM pg_class c, pg_namespace n
		WHERE c.relname = mytable
		AND c.relnamespace = n.oid
		AND n.nspname = myschema;

	-- RAISE NOTICE 'toid: %', mytoid;

	FOR myrec IN SELECT * FROM authorization_table WHERE
		toid = mytoid AND rid = myrid
	LOOP
		IF myrec.authid != authid THEN
			RETURN 0;
		ELSE
			RETURN 1;
		END IF;
	END LOOP;

	EXECUTE 'INSERT INTO authorization_table VALUES ('||
		quote_literal(mytoid::text)||','||quote_literal(myrid)||
		','||quote_literal(expires::text)||
		','||quote_literal(authid) ||')';

	GET DIAGNOSTICS ret = ROW_COUNT;

	RETURN ret;
END;
$function$
"
lockrow,"text, text, text, text",integer,sql," SELECT LockRow($1, $2, $3, $4, now()::timestamp+'1:00'); ","CREATE OR REPLACE FUNCTION public.lockrow(text, text, text, text)
 RETURNS integer
 LANGUAGE sql
 STRICT
AS $function$ SELECT LockRow($1, $2, $3, $4, now()::timestamp+'1:00'); $function$
"
lockrow,"text, text, text",integer,sql," SELECT LockRow(current_schema(), $1, $2, $3, now()::timestamp+'1:00'); ","CREATE OR REPLACE FUNCTION public.lockrow(text, text, text)
 RETURNS integer
 LANGUAGE sql
 STRICT
AS $function$ SELECT LockRow(current_schema(), $1, $2, $3, now()::timestamp+'1:00'); $function$
"
lockrow,"text, text, text, timestamp without time zone",integer,sql," SELECT LockRow(current_schema(), $1, $2, $3, $4); ","CREATE OR REPLACE FUNCTION public.lockrow(text, text, text, timestamp without time zone)
 RETURNS integer
 LANGUAGE sql
 STRICT
AS $function$ SELECT LockRow(current_schema(), $1, $2, $3, $4); $function$
"
longtransactionsenabled,,boolean,plpgsql,"
DECLARE
	rec RECORD;
BEGIN
	FOR rec IN SELECT oid FROM pg_class WHERE relname = 'authorized_tables'
	LOOP
		return 't';
	END LOOP;
	return 'f';
END;
","CREATE OR REPLACE FUNCTION public.longtransactionsenabled()
 RETURNS boolean
 LANGUAGE plpgsql
AS $function$
DECLARE
	rec RECORD;
BEGIN
	FOR rec IN SELECT oid FROM pg_class WHERE relname = 'authorized_tables'
	LOOP
		return 't';
	END LOOP;
	return 'f';
END;
$function$
"
merge_accounts,"p_primary_userid integer, p_secondary_userid integer",jsonb,plpgsql,"
DECLARE
    v_primary_info     RECORD;
    v_secondary_info   RECORD;
    v_primary_unver    RECORD;
    v_secondary_unver  RECORD;
    v_copy_phone       VARCHAR;
    v_copy_email       TEXT;
BEGIN
    -- ── Guard ───────────────────────────────────────────────────────────────
    IF p_primary_userid IS NULL OR p_secondary_userid IS NULL THEN
        RAISE EXCEPTION 'Both userids must be non-null' USING ERRCODE = 'P0001';
    END IF;

    IF p_primary_userid = p_secondary_userid THEN
        RETURN jsonb_build_object('ok', true, 'message', 'same_account');
    END IF;

    -- Verify both users exist
    IF NOT EXISTS (SELECT 1 FROM public.users WHERE userid = p_primary_userid) THEN
        RAISE EXCEPTION 'Primary user % not found', p_primary_userid USING ERRCODE = 'P0001';
    END IF;
    IF NOT EXISTS (SELECT 1 FROM public.users WHERE userid = p_secondary_userid) THEN
        RAISE EXCEPTION 'Secondary user % not found', p_secondary_userid USING ERRCODE = 'P0001';
    END IF;

    -- ── Snapshot userinfo and unverified rows before any mutations ──────────
    SELECT * INTO v_primary_info   FROM public.userinfo WHERE userid = p_primary_userid  LIMIT 1;
    SELECT * INTO v_secondary_info FROM public.userinfo WHERE userid = p_secondary_userid LIMIT 1;

    SELECT * INTO v_primary_unver   FROM public.unverified_users WHERE userid = p_primary_userid  LIMIT 1;
    SELECT * INTO v_secondary_unver FROM public.unverified_users WHERE userid = p_secondary_userid LIMIT 1;

    -- ── 1. Court bookings ───────────────────────────────────────────────────
    UPDATE public.courtbooking
    SET userid = p_primary_userid
    WHERE userid = p_secondary_userid;

    -- ── 2. Event bookings ───────────────────────────────────────────────────
    UPDATE public.eventbooking
    SET userid = p_primary_userid
    WHERE userid = p_secondary_userid;

    -- ── 3. Training session bookings ────────────────────────────────────────
    UPDATE public.tsbookings
    SET userid = p_primary_userid
    WHERE userid = p_secondary_userid;

    -- ── 4. Favourite courts (deduplicate: skip if primary already has it) ───
    UPDATE public.favouritecourts fc
    SET userid = p_primary_userid
    WHERE fc.userid = p_secondary_userid
      AND NOT EXISTS (
          SELECT 1 FROM public.favouritecourts fc2
          WHERE fc2.userid = p_primary_userid AND fc2.courtid = fc.courtid
      );
    -- Remove any remaining secondary duplicates
    DELETE FROM public.favouritecourts WHERE userid = p_secondary_userid;

    -- ── 5. Reviews ──────────────────────────────────────────────────────────
    UPDATE public.reviews
    SET userid = p_primary_userid
    WHERE userid = p_secondary_userid;

    -- ── 6. Review reactions ─────────────────────────────────────────────────
    UPDATE public.review_reactions
    SET userid = p_primary_userid
    WHERE userid = p_secondary_userid;

    -- ── 7. Notifications ────────────────────────────────────────────────────
    UPDATE public.notifications
    SET userid = p_primary_userid
    WHERE userid = p_secondary_userid;

    -- ── 8. User devices ─────────────────────────────────────────────────────
    UPDATE public.user_devices
    SET userid = p_primary_userid
    WHERE userid = p_secondary_userid;

    -- ── 9. User tokens ──────────────────────────────────────────────────────
    UPDATE public.user_tokens
    SET userid = p_primary_userid
    WHERE userid = p_secondary_userid;

    -- ── 10. Block list ──────────────────────────────────────────────────────
    UPDATE public.block_list
    SET blocked_userid = p_primary_userid
    WHERE blocked_userid = p_secondary_userid;

    UPDATE public.block_list
    SET blocked_by_userid = p_primary_userid
    WHERE blocked_by_userid = p_secondary_userid;

    -- Remove self-blocks created by migration
    DELETE FROM public.block_list
    WHERE blocked_userid = blocked_by_userid;

    -- ── 11. Auth providers (deduplicate: keep primary's on provider conflict) 
    UPDATE public.user_auth_providers
    SET userid = p_primary_userid
    WHERE userid = p_secondary_userid
      AND NOT EXISTS (
          SELECT 1 FROM public.user_auth_providers ap2
          WHERE ap2.userid = p_primary_userid
            AND ap2.provider = user_auth_providers.provider
      );
    -- Remove any remaining secondary duplicates (primary's row was kept)
    DELETE FROM public.user_auth_providers WHERE userid = p_secondary_userid;

    -- ── 12. Userlogin rows ──────────────────────────────────────────────────
    UPDATE public.userlogin
    SET userid = p_primary_userid
    WHERE userid = p_secondary_userid;

    -- ── 13. Migrate courts/events/sessions owned by secondary (FK safety) ───
    UPDATE public.courts
    SET ownerid = p_primary_userid
    WHERE ownerid = p_secondary_userid;

    UPDATE public.events
    SET organizerid = p_primary_userid
    WHERE organizerid = p_secondary_userid;

    UPDATE public.trainingsessions
    SET coachid = p_primary_userid
    WHERE coachid = p_secondary_userid;

    -- ── 14. Unverified_users merge ──────────────────────────────────────────
    IF v_secondary_unver IS NOT NULL THEN
        IF v_primary_unver IS NOT NULL THEN
            -- Determine values to copy (only if primary has NULL, safely releasing
            -- the UNIQUE constraint on secondary first to avoid conflicts).
            v_copy_phone := CASE
                WHEN v_primary_unver.phone IS NULL THEN v_secondary_unver.phone
                ELSE NULL
            END;
            v_copy_email := CASE
                WHEN v_primary_unver.email IS NULL THEN v_secondary_unver.email
                ELSE NULL
            END;

            -- Release secondary unique values before updating primary
            IF v_copy_phone IS NOT NULL THEN
                UPDATE public.unverified_users SET phone = NULL WHERE userid = p_secondary_userid;
            END IF;
            IF v_copy_email IS NOT NULL THEN
                UPDATE public.unverified_users SET email = NULL WHERE userid = p_secondary_userid;
            END IF;

            -- Merge into primary: fill nulls + take most favorable verification flags
            UPDATE public.unverified_users SET
                phone        = COALESCE(phone, v_copy_phone),
                email        = COALESCE(email, v_copy_email),
                email_verified = (email_verified OR v_secondary_unver.email_verified),
                phone_verified = (phone_verified OR v_secondary_unver.phone_verified)
            WHERE userid = p_primary_userid;

            -- Delete secondary row
            DELETE FROM public.unverified_users WHERE userid = p_secondary_userid;
        ELSE
            -- Primary has no unverified row → just reassign secondary's row
            UPDATE public.unverified_users SET userid = p_primary_userid WHERE userid = p_secondary_userid;
        END IF;
    END IF;

    -- ── 15. Userinfo merge (primary wins; only fill nulls from secondary) ───
    IF v_primary_info IS NOT NULL AND v_secondary_info IS NOT NULL THEN
        UPDATE public.userinfo SET
            contactnumber = COALESCE(contactnumber, v_secondary_info.contactnumber)
            -- name, email, pfp: primary always wins — no update needed
        WHERE userid = p_primary_userid;
        DELETE FROM public.userinfo WHERE userid = p_secondary_userid;
    ELSIF v_secondary_info IS NOT NULL THEN
        -- No primary userinfo row (unusual) — migrate secondary's row
        UPDATE public.userinfo SET userid = p_primary_userid WHERE userid = p_secondary_userid;
    END IF;

    -- ── 16. Delete secondary users row (last — all FKs now migrated) ────────
    DELETE FROM public.users WHERE userid = p_secondary_userid;

    RETURN jsonb_build_object(
        'ok',               true,
        'primary_userid',   p_primary_userid,
        'secondary_userid', p_secondary_userid
    );

EXCEPTION WHEN OTHERS THEN
    -- Any error rolls back the entire transaction automatically (plpgsql default)
    RAISE EXCEPTION 'merge_accounts failed: % (SQLSTATE: %)', SQLERRM, SQLSTATE
        USING ERRCODE = SQLSTATE;
END;
","CREATE OR REPLACE FUNCTION public.merge_accounts(p_primary_userid integer, p_secondary_userid integer)
 RETURNS jsonb
 LANGUAGE plpgsql
 SECURITY DEFINER
AS $function$
DECLARE
    v_primary_info     RECORD;
    v_secondary_info   RECORD;
    v_primary_unver    RECORD;
    v_secondary_unver  RECORD;
    v_copy_phone       VARCHAR;
    v_copy_email       TEXT;
BEGIN
    -- ── Guard ───────────────────────────────────────────────────────────────
    IF p_primary_userid IS NULL OR p_secondary_userid IS NULL THEN
        RAISE EXCEPTION 'Both userids must be non-null' USING ERRCODE = 'P0001';
    END IF;

    IF p_primary_userid = p_secondary_userid THEN
        RETURN jsonb_build_object('ok', true, 'message', 'same_account');
    END IF;

    -- Verify both users exist
    IF NOT EXISTS (SELECT 1 FROM public.users WHERE userid = p_primary_userid) THEN
        RAISE EXCEPTION 'Primary user % not found', p_primary_userid USING ERRCODE = 'P0001';
    END IF;
    IF NOT EXISTS (SELECT 1 FROM public.users WHERE userid = p_secondary_userid) THEN
        RAISE EXCEPTION 'Secondary user % not found', p_secondary_userid USING ERRCODE = 'P0001';
    END IF;

    -- ── Snapshot userinfo and unverified rows before any mutations ──────────
    SELECT * INTO v_primary_info   FROM public.userinfo WHERE userid = p_primary_userid  LIMIT 1;
    SELECT * INTO v_secondary_info FROM public.userinfo WHERE userid = p_secondary_userid LIMIT 1;

    SELECT * INTO v_primary_unver   FROM public.unverified_users WHERE userid = p_primary_userid  LIMIT 1;
    SELECT * INTO v_secondary_unver FROM public.unverified_users WHERE userid = p_secondary_userid LIMIT 1;

    -- ── 1. Court bookings ───────────────────────────────────────────────────
    UPDATE public.courtbooking
    SET userid = p_primary_userid
    WHERE userid = p_secondary_userid;

    -- ── 2. Event bookings ───────────────────────────────────────────────────
    UPDATE public.eventbooking
    SET userid = p_primary_userid
    WHERE userid = p_secondary_userid;

    -- ── 3. Training session bookings ────────────────────────────────────────
    UPDATE public.tsbookings
    SET userid = p_primary_userid
    WHERE userid = p_secondary_userid;

    -- ── 4. Favourite courts (deduplicate: skip if primary already has it) ───
    UPDATE public.favouritecourts fc
    SET userid = p_primary_userid
    WHERE fc.userid = p_secondary_userid
      AND NOT EXISTS (
          SELECT 1 FROM public.favouritecourts fc2
          WHERE fc2.userid = p_primary_userid AND fc2.courtid = fc.courtid
      );
    -- Remove any remaining secondary duplicates
    DELETE FROM public.favouritecourts WHERE userid = p_secondary_userid;

    -- ── 5. Reviews ──────────────────────────────────────────────────────────
    UPDATE public.reviews
    SET userid = p_primary_userid
    WHERE userid = p_secondary_userid;

    -- ── 6. Review reactions ─────────────────────────────────────────────────
    UPDATE public.review_reactions
    SET userid = p_primary_userid
    WHERE userid = p_secondary_userid;

    -- ── 7. Notifications ────────────────────────────────────────────────────
    UPDATE public.notifications
    SET userid = p_primary_userid
    WHERE userid = p_secondary_userid;

    -- ── 8. User devices ─────────────────────────────────────────────────────
    UPDATE public.user_devices
    SET userid = p_primary_userid
    WHERE userid = p_secondary_userid;

    -- ── 9. User tokens ──────────────────────────────────────────────────────
    UPDATE public.user_tokens
    SET userid = p_primary_userid
    WHERE userid = p_secondary_userid;

    -- ── 10. Block list ──────────────────────────────────────────────────────
    UPDATE public.block_list
    SET blocked_userid = p_primary_userid
    WHERE blocked_userid = p_secondary_userid;

    UPDATE public.block_list
    SET blocked_by_userid = p_primary_userid
    WHERE blocked_by_userid = p_secondary_userid;

    -- Remove self-blocks created by migration
    DELETE FROM public.block_list
    WHERE blocked_userid = blocked_by_userid;

    -- ── 11. Auth providers (deduplicate: keep primary's on provider conflict) 
    UPDATE public.user_auth_providers
    SET userid = p_primary_userid
    WHERE userid = p_secondary_userid
      AND NOT EXISTS (
          SELECT 1 FROM public.user_auth_providers ap2
          WHERE ap2.userid = p_primary_userid
            AND ap2.provider = user_auth_providers.provider
      );
    -- Remove any remaining secondary duplicates (primary's row was kept)
    DELETE FROM public.user_auth_providers WHERE userid = p_secondary_userid;

    -- ── 12. Userlogin rows ──────────────────────────────────────────────────
    UPDATE public.userlogin
    SET userid = p_primary_userid
    WHERE userid = p_secondary_userid;

    -- ── 13. Migrate courts/events/sessions owned by secondary (FK safety) ───
    UPDATE public.courts
    SET ownerid = p_primary_userid
    WHERE ownerid = p_secondary_userid;

    UPDATE public.events
    SET organizerid = p_primary_userid
    WHERE organizerid = p_secondary_userid;

    UPDATE public.trainingsessions
    SET coachid = p_primary_userid
    WHERE coachid = p_secondary_userid;

    -- ── 14. Unverified_users merge ──────────────────────────────────────────
    IF v_secondary_unver IS NOT NULL THEN
        IF v_primary_unver IS NOT NULL THEN
            -- Determine values to copy (only if primary has NULL, safely releasing
            -- the UNIQUE constraint on secondary first to avoid conflicts).
            v_copy_phone := CASE
                WHEN v_primary_unver.phone IS NULL THEN v_secondary_unver.phone
                ELSE NULL
            END;
            v_copy_email := CASE
                WHEN v_primary_unver.email IS NULL THEN v_secondary_unver.email
                ELSE NULL
            END;

            -- Release secondary unique values before updating primary
            IF v_copy_phone IS NOT NULL THEN
                UPDATE public.unverified_users SET phone = NULL WHERE userid = p_secondary_userid;
            END IF;
            IF v_copy_email IS NOT NULL THEN
                UPDATE public.unverified_users SET email = NULL WHERE userid = p_secondary_userid;
            END IF;

            -- Merge into primary: fill nulls + take most favorable verification flags
            UPDATE public.unverified_users SET
                phone        = COALESCE(phone, v_copy_phone),
                email        = COALESCE(email, v_copy_email),
                email_verified = (email_verified OR v_secondary_unver.email_verified),
                phone_verified = (phone_verified OR v_secondary_unver.phone_verified)
            WHERE userid = p_primary_userid;

            -- Delete secondary row
            DELETE FROM public.unverified_users WHERE userid = p_secondary_userid;
        ELSE
            -- Primary has no unverified row → just reassign secondary's row
            UPDATE public.unverified_users SET userid = p_primary_userid WHERE userid = p_secondary_userid;
        END IF;
    END IF;

    -- ── 15. Userinfo merge (primary wins; only fill nulls from secondary) ───
    IF v_primary_info IS NOT NULL AND v_secondary_info IS NOT NULL THEN
        UPDATE public.userinfo SET
            contactnumber = COALESCE(contactnumber, v_secondary_info.contactnumber)
            -- name, email, pfp: primary always wins — no update needed
        WHERE userid = p_primary_userid;
        DELETE FROM public.userinfo WHERE userid = p_secondary_userid;
    ELSIF v_secondary_info IS NOT NULL THEN
        -- No primary userinfo row (unusual) — migrate secondary's row
        UPDATE public.userinfo SET userid = p_primary_userid WHERE userid = p_secondary_userid;
    END IF;

    -- ── 16. Delete secondary users row (last — all FKs now migrated) ────────
    DELETE FROM public.users WHERE userid = p_secondary_userid;

    RETURN jsonb_build_object(
        'ok',               true,
        'primary_userid',   p_primary_userid,
        'secondary_userid', p_secondary_userid
    );

EXCEPTION WHEN OTHERS THEN
    -- Any error rolls back the entire transaction automatically (plpgsql default)
    RAISE EXCEPTION 'merge_accounts failed: % (SQLSTATE: %)', SQLERRM, SQLSTATE
        USING ERRCODE = SQLSTATE;
END;
$function$
"
next_gap_id,"p_table regclass, p_column name, p_start integer",integer,plpgsql,"
DECLARE
  v_next integer;
BEGIN
  PERFORM pg_advisory_xact_lock(hashtext(p_table::text));

  EXECUTE format(
    $SQL$
    WITH bounds AS (
      SELECT
        GREATEST(%1$s, COALESCE(MIN(%2$I), %1$s)) AS start_id,
        COALESCE(MAX(%2$I), %1$s - 1) AS max_id
      FROM %3$s
    ),
    missing AS (
      SELECT gs AS id
      FROM bounds
      JOIN generate_series(bounds.start_id, bounds.max_id + 1) AS gs ON true
      LEFT JOIN %3$s t ON t.%2$I = gs
      WHERE t.%2$I IS NULL
      ORDER BY gs
      LIMIT 1
    )
    SELECT id FROM missing
    $SQL$,
    p_start, p_column, p_table
  )
  INTO v_next;

  IF v_next IS NULL THEN
    v_next := p_start;
  END IF;

  RETURN v_next;
END;
","CREATE OR REPLACE FUNCTION public.next_gap_id(p_table regclass, p_column name, p_start integer)
 RETURNS integer
 LANGUAGE plpgsql
AS $function$
DECLARE
  v_next integer;
BEGIN
  PERFORM pg_advisory_xact_lock(hashtext(p_table::text));

  EXECUTE format(
    $SQL$
    WITH bounds AS (
      SELECT
        GREATEST(%1$s, COALESCE(MIN(%2$I), %1$s)) AS start_id,
        COALESCE(MAX(%2$I), %1$s - 1) AS max_id
      FROM %3$s
    ),
    missing AS (
      SELECT gs AS id
      FROM bounds
      JOIN generate_series(bounds.start_id, bounds.max_id + 1) AS gs ON true
      LEFT JOIN %3$s t ON t.%2$I = gs
      WHERE t.%2$I IS NULL
      ORDER BY gs
      LIMIT 1
    )
    SELECT id FROM missing
    $SQL$,
    p_start, p_column, p_table
  )
  INTO v_next;

  IF v_next IS NULL THEN
    v_next := p_start;
  END IF;

  RETURN v_next;
END;
$function$
"
oid_dist,"oid, oid",oid,c,oid_dist,"CREATE OR REPLACE FUNCTION public.oid_dist(oid, oid)
 RETURNS oid
 LANGUAGE c
 IMMUTABLE PARALLEL SAFE STRICT
AS '$libdir/btree_gist', $function$oid_dist$function$
"
overlaps_2d,"box2df, geometry",boolean,c,gserialized_overlaps_box2df_geom_2d,"CREATE OR REPLACE FUNCTION public.overlaps_2d(box2df, geometry)
 RETURNS boolean
 LANGUAGE c
 IMMUTABLE PARALLEL SAFE STRICT
AS '$libdir/postgis-3', $function$gserialized_overlaps_box2df_geom_2d$function$
"
overlaps_2d,"geometry, box2df",boolean,sql,SELECT $2 OPERATOR(public.&&) $1;,"CREATE OR REPLACE FUNCTION public.overlaps_2d(geometry, box2df)
 RETURNS boolean
 LANGUAGE sql
 IMMUTABLE PARALLEL SAFE STRICT COST 1
AS $function$SELECT $2 OPERATOR(public.&&) $1;$function$
"
overlaps_2d,"box2df, box2df",boolean,c,gserialized_contains_box2df_box2df_2d,"CREATE OR REPLACE FUNCTION public.overlaps_2d(box2df, box2df)
 RETURNS boolean
 LANGUAGE c
 IMMUTABLE PARALLEL SAFE STRICT
AS '$libdir/postgis-3', $function$gserialized_contains_box2df_box2df_2d$function$
"
overlaps_geog,"geography, gidx",boolean,sql,SELECT $2 OPERATOR(public.&&) $1;,"CREATE OR REPLACE FUNCTION public.overlaps_geog(geography, gidx)
 RETURNS boolean
 LANGUAGE sql
 IMMUTABLE STRICT
AS $function$SELECT $2 OPERATOR(public.&&) $1;$function$
"
overlaps_geog,"gidx, geography",boolean,c,gserialized_gidx_geog_overlaps,"CREATE OR REPLACE FUNCTION public.overlaps_geog(gidx, geography)
 RETURNS boolean
 LANGUAGE c
 IMMUTABLE STRICT
AS '$libdir/postgis-3', $function$gserialized_gidx_geog_overlaps$function$
"
overlaps_geog,"gidx, gidx",boolean,c,gserialized_gidx_gidx_overlaps,"CREATE OR REPLACE FUNCTION public.overlaps_geog(gidx, gidx)
 RETURNS boolean
 LANGUAGE c
 IMMUTABLE STRICT
AS '$libdir/postgis-3', $function$gserialized_gidx_gidx_overlaps$function$
"
overlaps_nd,"gidx, gidx",boolean,c,gserialized_gidx_gidx_overlaps,"CREATE OR REPLACE FUNCTION public.overlaps_nd(gidx, gidx)
 RETURNS boolean
 LANGUAGE c
 IMMUTABLE PARALLEL SAFE STRICT
AS '$libdir/postgis-3', $function$gserialized_gidx_gidx_overlaps$function$
"
overlaps_nd,"geometry, gidx",boolean,sql,SELECT $2 OPERATOR(public.&&&) $1;,"CREATE OR REPLACE FUNCTION public.overlaps_nd(geometry, gidx)
 RETURNS boolean
 LANGUAGE sql
 IMMUTABLE PARALLEL SAFE STRICT COST 1
AS $function$SELECT $2 OPERATOR(public.&&&) $1;$function$
"
overlaps_nd,"gidx, geometry",boolean,c,gserialized_gidx_geom_overlaps,"CREATE OR REPLACE FUNCTION public.overlaps_nd(gidx, geometry)
 RETURNS boolean
 LANGUAGE c
 IMMUTABLE PARALLEL SAFE STRICT
AS '$libdir/postgis-3', $function$gserialized_gidx_geom_overlaps$function$
"
path,geometry,path,c,geometry_to_path,"CREATE OR REPLACE FUNCTION public.path(geometry)
 RETURNS path
 LANGUAGE c
 IMMUTABLE PARALLEL SAFE STRICT
AS '$libdir/postgis-3', $function$geometry_to_path$function$
"
pgis_asflatgeobuf_finalfn,internal,bytea,c,pgis_asflatgeobuf_finalfn,"CREATE OR REPLACE FUNCTION public.pgis_asflatgeobuf_finalfn(internal)
 RETURNS bytea
 LANGUAGE c
 IMMUTABLE PARALLEL SAFE COST 500
AS '$libdir/postgis-3', $function$pgis_asflatgeobuf_finalfn$function$
"
pgis_asflatgeobuf_transfn,"internal, anyelement",internal,c,pgis_asflatgeobuf_transfn,"CREATE OR REPLACE FUNCTION public.pgis_asflatgeobuf_transfn(internal, anyelement)
 RETURNS internal
 LANGUAGE c
 IMMUTABLE PARALLEL SAFE COST 50
AS '$libdir/postgis-3', $function$pgis_asflatgeobuf_transfn$function$
"
pgis_asflatgeobuf_transfn,"internal, anyelement, boolean",internal,c,pgis_asflatgeobuf_transfn,"CREATE OR REPLACE FUNCTION public.pgis_asflatgeobuf_transfn(internal, anyelement, boolean)
 RETURNS internal
 LANGUAGE c
 IMMUTABLE PARALLEL SAFE COST 50
AS '$libdir/postgis-3', $function$pgis_asflatgeobuf_transfn$function$
"
pgis_asflatgeobuf_transfn,"internal, anyelement, boolean, text",internal,c,pgis_asflatgeobuf_transfn,"CREATE OR REPLACE FUNCTION public.pgis_asflatgeobuf_transfn(internal, anyelement, boolean, text)
 RETURNS internal
 LANGUAGE c
 IMMUTABLE PARALLEL SAFE COST 50
AS '$libdir/postgis-3', $function$pgis_asflatgeobuf_transfn$function$
"
pgis_asgeobuf_finalfn,internal,bytea,c,pgis_asgeobuf_finalfn,"CREATE OR REPLACE FUNCTION public.pgis_asgeobuf_finalfn(internal)
 RETURNS bytea
 LANGUAGE c
 IMMUTABLE PARALLEL SAFE COST 500
AS '$libdir/postgis-3', $function$pgis_asgeobuf_finalfn$function$
"
pgis_asgeobuf_transfn,"internal, anyelement",internal,c,pgis_asgeobuf_transfn,"CREATE OR REPLACE FUNCTION public.pgis_asgeobuf_transfn(internal, anyelement)
 RETURNS internal
 LANGUAGE c
 IMMUTABLE PARALLEL SAFE COST 50
AS '$libdir/postgis-3', $function$pgis_asgeobuf_transfn$function$
"
pgis_asgeobuf_transfn,"internal, anyelement, text",internal,c,pgis_asgeobuf_transfn,"CREATE OR REPLACE FUNCTION public.pgis_asgeobuf_transfn(internal, anyelement, text)
 RETURNS internal
 LANGUAGE c
 IMMUTABLE PARALLEL SAFE COST 50
AS '$libdir/postgis-3', $function$pgis_asgeobuf_transfn$function$
"
pgis_asmvt_combinefn,"internal, internal",internal,c,pgis_asmvt_combinefn,"CREATE OR REPLACE FUNCTION public.pgis_asmvt_combinefn(internal, internal)
 RETURNS internal
 LANGUAGE c
 IMMUTABLE PARALLEL SAFE COST 500
AS '$libdir/postgis-3', $function$pgis_asmvt_combinefn$function$
"
pgis_asmvt_deserialfn,"bytea, internal",internal,c,pgis_asmvt_deserialfn,"CREATE OR REPLACE FUNCTION public.pgis_asmvt_deserialfn(bytea, internal)
 RETURNS internal
 LANGUAGE c
 IMMUTABLE PARALLEL SAFE COST 500
AS '$libdir/postgis-3', $function$pgis_asmvt_deserialfn$function$
"
pgis_asmvt_finalfn,internal,bytea,c,pgis_asmvt_finalfn,"CREATE OR REPLACE FUNCTION public.pgis_asmvt_finalfn(internal)
 RETURNS bytea
 LANGUAGE c
 IMMUTABLE PARALLEL SAFE COST 500
AS '$libdir/postgis-3', $function$pgis_asmvt_finalfn$function$
"
pgis_asmvt_serialfn,internal,bytea,c,pgis_asmvt_serialfn,"CREATE OR REPLACE FUNCTION public.pgis_asmvt_serialfn(internal)
 RETURNS bytea
 LANGUAGE c
 IMMUTABLE PARALLEL SAFE COST 500
AS '$libdir/postgis-3', $function$pgis_asmvt_serialfn$function$
"
pgis_asmvt_transfn,"internal, anyelement, text, integer, text, text",internal,c,pgis_asmvt_transfn,"CREATE OR REPLACE FUNCTION public.pgis_asmvt_transfn(internal, anyelement, text, integer, text, text)
 RETURNS internal
 LANGUAGE c
 IMMUTABLE PARALLEL SAFE COST 500
AS '$libdir/postgis-3', $function$pgis_asmvt_transfn$function$
"
pgis_asmvt_transfn,"internal, anyelement, text, integer",internal,c,pgis_asmvt_transfn,"CREATE OR REPLACE FUNCTION public.pgis_asmvt_transfn(internal, anyelement, text, integer)
 RETURNS internal
 LANGUAGE c
 IMMUTABLE PARALLEL SAFE COST 500
AS '$libdir/postgis-3', $function$pgis_asmvt_transfn$function$
"
pgis_asmvt_transfn,"internal, anyelement, text",internal,c,pgis_asmvt_transfn,"CREATE OR REPLACE FUNCTION public.pgis_asmvt_transfn(internal, anyelement, text)
 RETURNS internal
 LANGUAGE c
 IMMUTABLE PARALLEL SAFE COST 500
AS '$libdir/postgis-3', $function$pgis_asmvt_transfn$function$
"
pgis_asmvt_transfn,"internal, anyelement, text, integer, text",internal,c,pgis_asmvt_transfn,"CREATE OR REPLACE FUNCTION public.pgis_asmvt_transfn(internal, anyelement, text, integer, text)
 RETURNS internal
 LANGUAGE c
 IMMUTABLE PARALLEL SAFE COST 500
AS '$libdir/postgis-3', $function$pgis_asmvt_transfn$function$
"
pgis_asmvt_transfn,"internal, anyelement",internal,c,pgis_asmvt_transfn,"CREATE OR REPLACE FUNCTION public.pgis_asmvt_transfn(internal, anyelement)
 RETURNS internal
 LANGUAGE c
 IMMUTABLE PARALLEL SAFE COST 500
AS '$libdir/postgis-3', $function$pgis_asmvt_transfn$function$
"
pgis_geometry_accum_transfn,"internal, geometry, double precision, integer",internal,c,pgis_geometry_accum_transfn,"CREATE OR REPLACE FUNCTION public.pgis_geometry_accum_transfn(internal, geometry, double precision, integer)
 RETURNS internal
 LANGUAGE c
 PARALLEL SAFE COST 50
AS '$libdir/postgis-3', $function$pgis_geometry_accum_transfn$function$
"
pgis_geometry_accum_transfn,"internal, geometry",internal,c,pgis_geometry_accum_transfn,"CREATE OR REPLACE FUNCTION public.pgis_geometry_accum_transfn(internal, geometry)
 RETURNS internal
 LANGUAGE c
 PARALLEL SAFE COST 50
AS '$libdir/postgis-3', $function$pgis_geometry_accum_transfn$function$
"
pgis_geometry_accum_transfn,"internal, geometry, double precision",internal,c,pgis_geometry_accum_transfn,"CREATE OR REPLACE FUNCTION public.pgis_geometry_accum_transfn(internal, geometry, double precision)
 RETURNS internal
 LANGUAGE c
 PARALLEL SAFE COST 50
AS '$libdir/postgis-3', $function$pgis_geometry_accum_transfn$function$
"
pgis_geometry_clusterintersecting_finalfn,internal,geometry[],c,pgis_geometry_clusterintersecting_finalfn,"CREATE OR REPLACE FUNCTION public.pgis_geometry_clusterintersecting_finalfn(internal)
 RETURNS geometry[]
 LANGUAGE c
 PARALLEL SAFE COST 500
AS '$libdir/postgis-3', $function$pgis_geometry_clusterintersecting_finalfn$function$
"
pgis_geometry_clusterwithin_finalfn,internal,geometry[],c,pgis_geometry_clusterwithin_finalfn,"CREATE OR REPLACE FUNCTION public.pgis_geometry_clusterwithin_finalfn(internal)
 RETURNS geometry[]
 LANGUAGE c
 PARALLEL SAFE COST 500
AS '$libdir/postgis-3', $function$pgis_geometry_clusterwithin_finalfn$function$
"
pgis_geometry_collect_finalfn,internal,geometry,c,pgis_geometry_collect_finalfn,"CREATE OR REPLACE FUNCTION public.pgis_geometry_collect_finalfn(internal)
 RETURNS geometry
 LANGUAGE c
 PARALLEL SAFE COST 500
AS '$libdir/postgis-3', $function$pgis_geometry_collect_finalfn$function$
"
pgis_geometry_makeline_finalfn,internal,geometry,c,pgis_geometry_makeline_finalfn,"CREATE OR REPLACE FUNCTION public.pgis_geometry_makeline_finalfn(internal)
 RETURNS geometry
 LANGUAGE c
 PARALLEL SAFE COST 500
AS '$libdir/postgis-3', $function$pgis_geometry_makeline_finalfn$function$
"
pgis_geometry_polygonize_finalfn,internal,geometry,c,pgis_geometry_polygonize_finalfn,"CREATE OR REPLACE FUNCTION public.pgis_geometry_polygonize_finalfn(internal)
 RETURNS geometry
 LANGUAGE c
 PARALLEL SAFE COST 500
AS '$libdir/postgis-3', $function$pgis_geometry_polygonize_finalfn$function$
"
pgis_geometry_union_parallel_combinefn,"internal, internal",internal,c,pgis_geometry_union_parallel_combinefn,"CREATE OR REPLACE FUNCTION public.pgis_geometry_union_parallel_combinefn(internal, internal)
 RETURNS internal
 LANGUAGE c
 IMMUTABLE PARALLEL SAFE
AS '$libdir/postgis-3', $function$pgis_geometry_union_parallel_combinefn$function$
"
pgis_geometry_union_parallel_deserialfn,"bytea, internal",internal,c,pgis_geometry_union_parallel_deserialfn,"CREATE OR REPLACE FUNCTION public.pgis_geometry_union_parallel_deserialfn(bytea, internal)
 RETURNS internal
 LANGUAGE c
 IMMUTABLE PARALLEL SAFE STRICT
AS '$libdir/postgis-3', $function$pgis_geometry_union_parallel_deserialfn$function$
"
pgis_geometry_union_parallel_finalfn,internal,geometry,c,pgis_geometry_union_parallel_finalfn,"CREATE OR REPLACE FUNCTION public.pgis_geometry_union_parallel_finalfn(internal)
 RETURNS geometry
 LANGUAGE c
 IMMUTABLE PARALLEL SAFE STRICT COST 10000
AS '$libdir/postgis-3', $function$pgis_geometry_union_parallel_finalfn$function$
"
pgis_geometry_union_parallel_serialfn,internal,bytea,c,pgis_geometry_union_parallel_serialfn,"CREATE OR REPLACE FUNCTION public.pgis_geometry_union_parallel_serialfn(internal)
 RETURNS bytea
 LANGUAGE c
 IMMUTABLE PARALLEL SAFE STRICT
AS '$libdir/postgis-3', $function$pgis_geometry_union_parallel_serialfn$function$
"
pgis_geometry_union_parallel_transfn,"internal, geometry, double precision",internal,c,pgis_geometry_union_parallel_transfn,"CREATE OR REPLACE FUNCTION public.pgis_geometry_union_parallel_transfn(internal, geometry, double precision)
 RETURNS internal
 LANGUAGE c
 IMMUTABLE PARALLEL SAFE COST 50
AS '$libdir/postgis-3', $function$pgis_geometry_union_parallel_transfn$function$
"
pgis_geometry_union_parallel_transfn,"internal, geometry",internal,c,pgis_geometry_union_parallel_transfn,"CREATE OR REPLACE FUNCTION public.pgis_geometry_union_parallel_transfn(internal, geometry)
 RETURNS internal
 LANGUAGE c
 IMMUTABLE PARALLEL SAFE
AS '$libdir/postgis-3', $function$pgis_geometry_union_parallel_transfn$function$
"
point,geometry,point,c,geometry_to_point,"CREATE OR REPLACE FUNCTION public.point(geometry)
 RETURNS point
 LANGUAGE c
 IMMUTABLE PARALLEL SAFE STRICT
AS '$libdir/postgis-3', $function$geometry_to_point$function$
"
polygon,geometry,polygon,c,geometry_to_polygon,"CREATE OR REPLACE FUNCTION public.polygon(geometry)
 RETURNS polygon
 LANGUAGE c
 IMMUTABLE PARALLEL SAFE STRICT
AS '$libdir/postgis-3', $function$geometry_to_polygon$function$
"
populate_geometry_columns,"tbl_oid oid, use_typmod boolean DEFAULT true",integer,plpgsql,"
DECLARE
	gcs		 RECORD;
	gc		  RECORD;
	gc_old	  RECORD;
	gsrid	   integer;
	gndims	  integer;
	gtype	   text;
	query	   text;
	gc_is_valid boolean;
	inserted	integer;
	constraint_successful boolean := false;

BEGIN
	inserted := 0;

	-- Iterate through all geometry columns in this table
	FOR gcs IN
	SELECT n.nspname, c.relname, a.attname, c.relkind
		FROM pg_class c,
			 pg_attribute a,
			 pg_type t,
			 pg_namespace n
		WHERE c.relkind IN('r', 'f', 'p')
		AND t.typname = 'geometry'
		AND a.attisdropped = false
		AND a.atttypid = t.oid
		AND a.attrelid = c.oid
		AND c.relnamespace = n.oid
		AND n.nspname NOT ILIKE 'pg_temp%'
		AND c.oid = tbl_oid
	LOOP

		RAISE DEBUG 'Processing column %.%.%', gcs.nspname, gcs.relname, gcs.attname;

		gc_is_valid := true;
		-- Find the srid, coord_dimension, and type of current geometry
		-- in geometry_columns -- which is now a view

		SELECT type, srid, coord_dimension, gcs.relkind INTO gc_old
			FROM geometry_columns
			WHERE f_table_schema = gcs.nspname AND f_table_name = gcs.relname AND f_geometry_column = gcs.attname;

		IF upper(gc_old.type) = 'GEOMETRY' THEN
		-- This is an unconstrained geometry we need to do something
		-- We need to figure out what to set the type by inspecting the data
			EXECUTE 'SELECT public.ST_srid(' || quote_ident(gcs.attname) || ') As srid, public.GeometryType(' || quote_ident(gcs.attname) || ') As type, public.ST_NDims(' || quote_ident(gcs.attname) || ') As dims ' ||
					 ' FROM ONLY ' || quote_ident(gcs.nspname) || '.' || quote_ident(gcs.relname) ||
					 ' WHERE ' || quote_ident(gcs.attname) || ' IS NOT NULL LIMIT 1;'
				INTO gc;
			IF gc IS NULL THEN -- there is no data so we can not determine geometry type
				RAISE WARNING 'No data in table %.%, so no information to determine geometry type and srid', gcs.nspname, gcs.relname;
				RETURN 0;
			END IF;
			gsrid := gc.srid; gtype := gc.type; gndims := gc.dims;

			IF use_typmod THEN
				BEGIN
					EXECUTE 'ALTER TABLE ' || quote_ident(gcs.nspname) || '.' || quote_ident(gcs.relname) || ' ALTER COLUMN ' || quote_ident(gcs.attname) ||
						' TYPE geometry(' || postgis_type_name(gtype, gndims, true) || ', ' || gsrid::text  || ') ';
					inserted := inserted + 1;
				EXCEPTION
						WHEN invalid_parameter_value OR feature_not_supported THEN
						RAISE WARNING 'Could not convert ''%'' in ''%.%'' to use typmod with srid %, type %: %', quote_ident(gcs.attname), quote_ident(gcs.nspname), quote_ident(gcs.relname), gsrid, postgis_type_name(gtype, gndims, true), SQLERRM;
							gc_is_valid := false;
				END;

			ELSE
				-- Try to apply srid check to column
				constraint_successful = false;
				IF (gsrid > 0 AND postgis_constraint_srid(gcs.nspname, gcs.relname,gcs.attname) IS NULL ) THEN
					BEGIN
						EXECUTE 'ALTER TABLE ONLY ' || quote_ident(gcs.nspname) || '.' || quote_ident(gcs.relname) ||
								 ' ADD CONSTRAINT ' || quote_ident('enforce_srid_' || gcs.attname) ||
								 ' CHECK (ST_srid(' || quote_ident(gcs.attname) || ') = ' || gsrid || ')';
						constraint_successful := true;
					EXCEPTION
						WHEN check_violation THEN
							RAISE WARNING 'Not inserting ''%'' in ''%.%'' into geometry_columns: could not apply constraint CHECK (st_srid(%) = %)', quote_ident(gcs.attname), quote_ident(gcs.nspname), quote_ident(gcs.relname), quote_ident(gcs.attname), gsrid;
							gc_is_valid := false;
					END;
				END IF;

				-- Try to apply ndims check to column
				IF (gndims IS NOT NULL AND postgis_constraint_dims(gcs.nspname, gcs.relname,gcs.attname) IS NULL ) THEN
					BEGIN
						EXECUTE 'ALTER TABLE ONLY ' || quote_ident(gcs.nspname) || '.' || quote_ident(gcs.relname) || '
								 ADD CONSTRAINT ' || quote_ident('enforce_dims_' || gcs.attname) || '
								 CHECK (st_ndims(' || quote_ident(gcs.attname) || ') = '||gndims||')';
						constraint_successful := true;
					EXCEPTION
						WHEN check_violation THEN
							RAISE WARNING 'Not inserting ''%'' in ''%.%'' into geometry_columns: could not apply constraint CHECK (st_ndims(%) = %)', quote_ident(gcs.attname), quote_ident(gcs.nspname), quote_ident(gcs.relname), quote_ident(gcs.attname), gndims;
							gc_is_valid := false;
					END;
				END IF;

				-- Try to apply geometrytype check to column
				IF (gtype IS NOT NULL AND postgis_constraint_type(gcs.nspname, gcs.relname,gcs.attname) IS NULL ) THEN
					BEGIN
						EXECUTE 'ALTER TABLE ONLY ' || quote_ident(gcs.nspname) || '.' || quote_ident(gcs.relname) || '
						ADD CONSTRAINT ' || quote_ident('enforce_geotype_' || gcs.attname) || '
						CHECK (geometrytype(' || quote_ident(gcs.attname) || ') = ' || quote_literal(gtype) || ')';
						constraint_successful := true;
					EXCEPTION
						WHEN check_violation THEN
							-- No geometry check can be applied. This column contains a number of geometry types.
							RAISE WARNING 'Could not add geometry type check (%) to table column: %.%.%', gtype, quote_ident(gcs.nspname),quote_ident(gcs.relname),quote_ident(gcs.attname);
					END;
				END IF;
				 --only count if we were successful in applying at least one constraint
				IF constraint_successful THEN
					inserted := inserted + 1;
				END IF;
			END IF;
		END IF;

	END LOOP;

	RETURN inserted;
END

","CREATE OR REPLACE FUNCTION public.populate_geometry_columns(tbl_oid oid, use_typmod boolean DEFAULT true)
 RETURNS integer
 LANGUAGE plpgsql
AS $function$
DECLARE
	gcs		 RECORD;
	gc		  RECORD;
	gc_old	  RECORD;
	gsrid	   integer;
	gndims	  integer;
	gtype	   text;
	query	   text;
	gc_is_valid boolean;
	inserted	integer;
	constraint_successful boolean := false;

BEGIN
	inserted := 0;

	-- Iterate through all geometry columns in this table
	FOR gcs IN
	SELECT n.nspname, c.relname, a.attname, c.relkind
		FROM pg_class c,
			 pg_attribute a,
			 pg_type t,
			 pg_namespace n
		WHERE c.relkind IN('r', 'f', 'p')
		AND t.typname = 'geometry'
		AND a.attisdropped = false
		AND a.atttypid = t.oid
		AND a.attrelid = c.oid
		AND c.relnamespace = n.oid
		AND n.nspname NOT ILIKE 'pg_temp%'
		AND c.oid = tbl_oid
	LOOP

		RAISE DEBUG 'Processing column %.%.%', gcs.nspname, gcs.relname, gcs.attname;

		gc_is_valid := true;
		-- Find the srid, coord_dimension, and type of current geometry
		-- in geometry_columns -- which is now a view

		SELECT type, srid, coord_dimension, gcs.relkind INTO gc_old
			FROM geometry_columns
			WHERE f_table_schema = gcs.nspname AND f_table_name = gcs.relname AND f_geometry_column = gcs.attname;

		IF upper(gc_old.type) = 'GEOMETRY' THEN
		-- This is an unconstrained geometry we need to do something
		-- We need to figure out what to set the type by inspecting the data
			EXECUTE 'SELECT public.ST_srid(' || quote_ident(gcs.attname) || ') As srid, public.GeometryType(' || quote_ident(gcs.attname) || ') As type, public.ST_NDims(' || quote_ident(gcs.attname) || ') As dims ' ||
					 ' FROM ONLY ' || quote_ident(gcs.nspname) || '.' || quote_ident(gcs.relname) ||
					 ' WHERE ' || quote_ident(gcs.attname) || ' IS NOT NULL LIMIT 1;'
				INTO gc;
			IF gc IS NULL THEN -- there is no data so we can not determine geometry type
				RAISE WARNING 'No data in table %.%, so no information to determine geometry type and srid', gcs.nspname, gcs.relname;
				RETURN 0;
			END IF;
			gsrid := gc.srid; gtype := gc.type; gndims := gc.dims;

			IF use_typmod THEN
				BEGIN
					EXECUTE 'ALTER TABLE ' || quote_ident(gcs.nspname) || '.' || quote_ident(gcs.relname) || ' ALTER COLUMN ' || quote_ident(gcs.attname) ||
						' TYPE geometry(' || postgis_type_name(gtype, gndims, true) || ', ' || gsrid::text  || ') ';
					inserted := inserted + 1;
				EXCEPTION
						WHEN invalid_parameter_value OR feature_not_supported THEN
						RAISE WARNING 'Could not convert ''%'' in ''%.%'' to use typmod with srid %, type %: %', quote_ident(gcs.attname), quote_ident(gcs.nspname), quote_ident(gcs.relname), gsrid, postgis_type_name(gtype, gndims, true), SQLERRM;
							gc_is_valid := false;
				END;

			ELSE
				-- Try to apply srid check to column
				constraint_successful = false;
				IF (gsrid > 0 AND postgis_constraint_srid(gcs.nspname, gcs.relname,gcs.attname) IS NULL ) THEN
					BEGIN
						EXECUTE 'ALTER TABLE ONLY ' || quote_ident(gcs.nspname) || '.' || quote_ident(gcs.relname) ||
								 ' ADD CONSTRAINT ' || quote_ident('enforce_srid_' || gcs.attname) ||
								 ' CHECK (ST_srid(' || quote_ident(gcs.attname) || ') = ' || gsrid || ')';
						constraint_successful := true;
					EXCEPTION
						WHEN check_violation THEN
							RAISE WARNING 'Not inserting ''%'' in ''%.%'' into geometry_columns: could not apply constraint CHECK (st_srid(%) = %)', quote_ident(gcs.attname), quote_ident(gcs.nspname), quote_ident(gcs.relname), quote_ident(gcs.attname), gsrid;
							gc_is_valid := false;
					END;
				END IF;

				-- Try to apply ndims check to column
				IF (gndims IS NOT NULL AND postgis_constraint_dims(gcs.nspname, gcs.relname,gcs.attname) IS NULL ) THEN
					BEGIN
						EXECUTE 'ALTER TABLE ONLY ' || quote_ident(gcs.nspname) || '.' || quote_ident(gcs.relname) || '
								 ADD CONSTRAINT ' || quote_ident('enforce_dims_' || gcs.attname) || '
								 CHECK (st_ndims(' || quote_ident(gcs.attname) || ') = '||gndims||')';
						constraint_successful := true;
					EXCEPTION
						WHEN check_violation THEN
							RAISE WARNING 'Not inserting ''%'' in ''%.%'' into geometry_columns: could not apply constraint CHECK (st_ndims(%) = %)', quote_ident(gcs.attname), quote_ident(gcs.nspname), quote_ident(gcs.relname), quote_ident(gcs.attname), gndims;
							gc_is_valid := false;
					END;
				END IF;

				-- Try to apply geometrytype check to column
				IF (gtype IS NOT NULL AND postgis_constraint_type(gcs.nspname, gcs.relname,gcs.attname) IS NULL ) THEN
					BEGIN
						EXECUTE 'ALTER TABLE ONLY ' || quote_ident(gcs.nspname) || '.' || quote_ident(gcs.relname) || '
						ADD CONSTRAINT ' || quote_ident('enforce_geotype_' || gcs.attname) || '
						CHECK (geometrytype(' || quote_ident(gcs.attname) || ') = ' || quote_literal(gtype) || ')';
						constraint_successful := true;
					EXCEPTION
						WHEN check_violation THEN
							-- No geometry check can be applied. This column contains a number of geometry types.
							RAISE WARNING 'Could not add geometry type check (%) to table column: %.%.%', gtype, quote_ident(gcs.nspname),quote_ident(gcs.relname),quote_ident(gcs.attname);
					END;
				END IF;
				 --only count if we were successful in applying at least one constraint
				IF constraint_successful THEN
					inserted := inserted + 1;
				END IF;
			END IF;
		END IF;

	END LOOP;

	RETURN inserted;
END

$function$
"
populate_geometry_columns,use_typmod boolean DEFAULT true,text,plpgsql,"
DECLARE
	inserted	integer;
	oldcount	integer;
	probed	  integer;
	stale	   integer;
	gcs		 RECORD;
	gc		  RECORD;
	gsrid	   integer;
	gndims	  integer;
	gtype	   text;
	query	   text;
	gc_is_valid boolean;

BEGIN
	SELECT count(*) INTO oldcount FROM public.geometry_columns;
	inserted := 0;

	-- Count the number of geometry columns in all tables and views
	SELECT count(DISTINCT c.oid) INTO probed
	FROM pg_class c,
		 pg_attribute a,
		 pg_type t,
		 pg_namespace n
	WHERE c.relkind IN('r','v','f', 'p')
		AND t.typname = 'geometry'
		AND a.attisdropped = false
		AND a.atttypid = t.oid
		AND a.attrelid = c.oid
		AND c.relnamespace = n.oid
		AND n.nspname NOT ILIKE 'pg_temp%' AND c.relname != 'raster_columns' ;

	-- Iterate through all non-dropped geometry columns
	RAISE DEBUG 'Processing Tables.....';

	FOR gcs IN
	SELECT DISTINCT ON (c.oid) c.oid, n.nspname, c.relname
		FROM pg_class c,
			 pg_attribute a,
			 pg_type t,
			 pg_namespace n
		WHERE c.relkind IN( 'r', 'f', 'p')
		AND t.typname = 'geometry'
		AND a.attisdropped = false
		AND a.atttypid = t.oid
		AND a.attrelid = c.oid
		AND c.relnamespace = n.oid
		AND n.nspname NOT ILIKE 'pg_temp%' AND c.relname != 'raster_columns'
	LOOP

		inserted := inserted + public.populate_geometry_columns(gcs.oid, use_typmod);
	END LOOP;

	IF oldcount > inserted THEN
		stale = oldcount-inserted;
	ELSE
		stale = 0;
	END IF;

	RETURN 'probed:' ||probed|| ' inserted:'||inserted;
END

","CREATE OR REPLACE FUNCTION public.populate_geometry_columns(use_typmod boolean DEFAULT true)
 RETURNS text
 LANGUAGE plpgsql
AS $function$
DECLARE
	inserted	integer;
	oldcount	integer;
	probed	  integer;
	stale	   integer;
	gcs		 RECORD;
	gc		  RECORD;
	gsrid	   integer;
	gndims	  integer;
	gtype	   text;
	query	   text;
	gc_is_valid boolean;

BEGIN
	SELECT count(*) INTO oldcount FROM public.geometry_columns;
	inserted := 0;

	-- Count the number of geometry columns in all tables and views
	SELECT count(DISTINCT c.oid) INTO probed
	FROM pg_class c,
		 pg_attribute a,
		 pg_type t,
		 pg_namespace n
	WHERE c.relkind IN('r','v','f', 'p')
		AND t.typname = 'geometry'
		AND a.attisdropped = false
		AND a.atttypid = t.oid
		AND a.attrelid = c.oid
		AND c.relnamespace = n.oid
		AND n.nspname NOT ILIKE 'pg_temp%' AND c.relname != 'raster_columns' ;

	-- Iterate through all non-dropped geometry columns
	RAISE DEBUG 'Processing Tables.....';

	FOR gcs IN
	SELECT DISTINCT ON (c.oid) c.oid, n.nspname, c.relname
		FROM pg_class c,
			 pg_attribute a,
			 pg_type t,
			 pg_namespace n
		WHERE c.relkind IN( 'r', 'f', 'p')
		AND t.typname = 'geometry'
		AND a.attisdropped = false
		AND a.atttypid = t.oid
		AND a.attrelid = c.oid
		AND c.relnamespace = n.oid
		AND n.nspname NOT ILIKE 'pg_temp%' AND c.relname != 'raster_columns'
	LOOP

		inserted := inserted + public.populate_geometry_columns(gcs.oid, use_typmod);
	END LOOP;

	IF oldcount > inserted THEN
		stale = oldcount-inserted;
	ELSE
		stale = 0;
	END IF;

	RETURN 'probed:' ||probed|| ' inserted:'||inserted;
END

$function$
"
postgis_addbbox,geometry,geometry,c,LWGEOM_addBBOX,"CREATE OR REPLACE FUNCTION public.postgis_addbbox(geometry)
 RETURNS geometry
 LANGUAGE c
 IMMUTABLE PARALLEL SAFE STRICT COST 50
AS '$libdir/postgis-3', $function$LWGEOM_addBBOX$function$
"
postgis_cache_bbox,,trigger,c,cache_bbox,"CREATE OR REPLACE FUNCTION public.postgis_cache_bbox()
 RETURNS trigger
 LANGUAGE c
AS '$libdir/postgis-3', $function$cache_bbox$function$
"
postgis_constraint_dims,"geomschema text, geomtable text, geomcolumn text",integer,sql,"
SELECT  replace(split_part(s.consrc, ' = ', 2), ')', '')::integer
		 FROM pg_class c, pg_namespace n, pg_attribute a
		 , (SELECT connamespace, conrelid, conkey, pg_get_constraintdef(oid) As consrc
			FROM pg_constraint) AS s
		 WHERE n.nspname = $1
		 AND c.relname = $2
		 AND a.attname = $3
		 AND a.attrelid = c.oid
		 AND s.connamespace = n.oid
		 AND s.conrelid = c.oid
		 AND a.attnum = ANY (s.conkey)
		 AND s.consrc LIKE '%ndims(% = %';
","CREATE OR REPLACE FUNCTION public.postgis_constraint_dims(geomschema text, geomtable text, geomcolumn text)
 RETURNS integer
 LANGUAGE sql
 STABLE PARALLEL SAFE STRICT COST 500
AS $function$
SELECT  replace(split_part(s.consrc, ' = ', 2), ')', '')::integer
		 FROM pg_class c, pg_namespace n, pg_attribute a
		 , (SELECT connamespace, conrelid, conkey, pg_get_constraintdef(oid) As consrc
			FROM pg_constraint) AS s
		 WHERE n.nspname = $1
		 AND c.relname = $2
		 AND a.attname = $3
		 AND a.attrelid = c.oid
		 AND s.connamespace = n.oid
		 AND s.conrelid = c.oid
		 AND a.attnum = ANY (s.conkey)
		 AND s.consrc LIKE '%ndims(% = %';
$function$
"
postgis_constraint_srid,"geomschema text, geomtable text, geomcolumn text",integer,sql,"
SELECT replace(replace(split_part(s.consrc, ' = ', 2), ')', ''), '(', '')::integer
		 FROM pg_class c, pg_namespace n, pg_attribute a
		 , (SELECT connamespace, conrelid, conkey, pg_get_constraintdef(oid) As consrc
			FROM pg_constraint) AS s
		 WHERE n.nspname = $1
		 AND c.relname = $2
		 AND a.attname = $3
		 AND a.attrelid = c.oid
		 AND s.connamespace = n.oid
		 AND s.conrelid = c.oid
		 AND a.attnum = ANY (s.conkey)
		 AND s.consrc LIKE '%srid(% = %';
","CREATE OR REPLACE FUNCTION public.postgis_constraint_srid(geomschema text, geomtable text, geomcolumn text)
 RETURNS integer
 LANGUAGE sql
 STABLE PARALLEL SAFE STRICT COST 500
AS $function$
SELECT replace(replace(split_part(s.consrc, ' = ', 2), ')', ''), '(', '')::integer
		 FROM pg_class c, pg_namespace n, pg_attribute a
		 , (SELECT connamespace, conrelid, conkey, pg_get_constraintdef(oid) As consrc
			FROM pg_constraint) AS s
		 WHERE n.nspname = $1
		 AND c.relname = $2
		 AND a.attname = $3
		 AND a.attrelid = c.oid
		 AND s.connamespace = n.oid
		 AND s.conrelid = c.oid
		 AND a.attnum = ANY (s.conkey)
		 AND s.consrc LIKE '%srid(% = %';
$function$
"
postgis_constraint_type,"geomschema text, geomtable text, geomcolumn text",character varying,sql,"
SELECT  replace(split_part(s.consrc, '''', 2), ')', '')::varchar
		 FROM pg_class c, pg_namespace n, pg_attribute a
		 , (SELECT connamespace, conrelid, conkey, pg_get_constraintdef(oid) As consrc
			FROM pg_constraint) AS s
		 WHERE n.nspname = $1
		 AND c.relname = $2
		 AND a.attname = $3
		 AND a.attrelid = c.oid
		 AND s.connamespace = n.oid
		 AND s.conrelid = c.oid
		 AND a.attnum = ANY (s.conkey)
		 AND s.consrc LIKE '%geometrytype(% = %';
","CREATE OR REPLACE FUNCTION public.postgis_constraint_type(geomschema text, geomtable text, geomcolumn text)
 RETURNS character varying
 LANGUAGE sql
 STABLE PARALLEL SAFE STRICT COST 500
AS $function$
SELECT  replace(split_part(s.consrc, '''', 2), ')', '')::varchar
		 FROM pg_class c, pg_namespace n, pg_attribute a
		 , (SELECT connamespace, conrelid, conkey, pg_get_constraintdef(oid) As consrc
			FROM pg_constraint) AS s
		 WHERE n.nspname = $1
		 AND c.relname = $2
		 AND a.attname = $3
		 AND a.attrelid = c.oid
		 AND s.connamespace = n.oid
		 AND s.conrelid = c.oid
		 AND a.attnum = ANY (s.conkey)
		 AND s.consrc LIKE '%geometrytype(% = %';
$function$
"
postgis_dropbbox,geometry,geometry,c,LWGEOM_dropBBOX,"CREATE OR REPLACE FUNCTION public.postgis_dropbbox(geometry)
 RETURNS geometry
 LANGUAGE c
 IMMUTABLE PARALLEL SAFE STRICT COST 50
AS '$libdir/postgis-3', $function$LWGEOM_dropBBOX$function$
"
postgis_extensions_upgrade,,text,plpgsql,"
DECLARE
	rec record;
	sql text;
	var_schema text;
	target_version text; -- TODO: optionally take as argument
BEGIN

	FOR rec IN
		SELECT name, default_version, installed_version
		FROM pg_catalog.pg_available_extensions
		WHERE name IN (
			'postgis',
			'postgis_raster',
			'postgis_sfcgal',
			'postgis_topology',
			'postgis_tiger_geocoder'
		)
		ORDER BY length(name) -- this is to make sure 'postgis' is first !
	LOOP --{

		IF target_version IS NULL THEN
			target_version := rec.default_version;
		END IF;

		IF rec.installed_version IS NULL THEN --{
			-- If the support installed by available extension
			-- is found unpackaged, we package it
			IF --{
				 -- PostGIS is always available (this function is part of it)
				 rec.name = 'postgis'

				 -- PostGIS raster is available if type 'raster' exists
				 OR ( rec.name = 'postgis_raster' AND EXISTS (
							SELECT 1 FROM pg_catalog.pg_type
							WHERE typname = 'raster' ) )

				 -- PostGIS SFCGAL is availble if
				 -- 'postgis_sfcgal_version' function exists
				 OR ( rec.name = 'postgis_sfcgal' AND EXISTS (
							SELECT 1 FROM pg_catalog.pg_proc
							WHERE proname = 'postgis_sfcgal_version' ) )

				 -- PostGIS Topology is available if
				 -- 'topology.topology' table exists
				 -- NOTE: watch out for https://trac.osgeo.org/postgis/ticket/2503
				 OR ( rec.name = 'postgis_topology' AND EXISTS (
							SELECT 1 FROM pg_catalog.pg_class c
							JOIN pg_catalog.pg_namespace n ON (c.relnamespace = n.oid )
							WHERE n.nspname = 'topology' AND c.relname = 'topology') )

				 OR ( rec.name = 'postgis_tiger_geocoder' AND EXISTS (
							SELECT 1 FROM pg_catalog.pg_class c
							JOIN pg_catalog.pg_namespace n ON (c.relnamespace = n.oid )
							WHERE n.nspname = 'tiger' AND c.relname = 'geocode_settings') )
			THEN --}{
				-- Force install in same schema as postgis
				SELECT INTO var_schema n.nspname
				  FROM pg_namespace n, pg_proc p
				  WHERE p.proname = 'postgis_full_version'
					AND n.oid = p.pronamespace
				  LIMIT 1;
				IF rec.name NOT IN('postgis_topology', 'postgis_tiger_geocoder')
				THEN
					sql := format(
							  'CREATE EXTENSION %1$I SCHEMA %2$I VERSION unpackaged;'
							  'ALTER EXTENSION %1$I UPDATE TO %3$I',
							  rec.name, var_schema, target_version);
				ELSE
					sql := format(
							 'CREATE EXTENSION %1$I VERSION unpackaged;'
							 'ALTER EXTENSION %1$I UPDATE TO %2$I',
							 rec.name, target_version);
				END IF;
				RAISE NOTICE 'Packaging and updating %', rec.name;
				RAISE DEBUG '%', sql;
				EXECUTE sql;
			ELSE
				RAISE DEBUG 'Skipping % (not in use)', rec.name;
			END IF;
		ELSE -- IF target_version != rec.installed_version THEN --}{
			sql = '';
			-- If logged in as super user
			-- force an update regardless if at target version, no downgrade allowed
			IF (SELECT usesuper FROM pg_user WHERE usename = CURRENT_USER)
						AND pg_catalog.substring(target_version, '[0-9]+\.[0-9]+\.[0-9]+')
								>= pg_catalog.substring(rec.installed_version, '[0-9]+\.[0-9]+\.[0-9]+')
			THEN
				sql = format(
					'UPDATE pg_catalog.pg_extension SET extversion = ''ANY'' WHERE extname = %1$L;'
					'ALTER EXTENSION %1$I UPDATE TO %2$I',
					rec.name, target_version
				);
			-- sandboxed users do standard upgrade
			ELSE
				sql = format(
				'ALTER EXTENSION %1$I UPDATE TO %2$I',
				rec.name, target_version
				);
			END IF;
			RAISE NOTICE 'Updating extension % %',
				rec.name, rec.installed_version;
			RAISE DEBUG '%', sql;
			EXECUTE sql;
		END IF; --}

	END LOOP; --}

	RETURN format(
		'Upgrade to version %s completed, run SELECT postgis_full_version(); for details',
		target_version
	);


END
","CREATE OR REPLACE FUNCTION public.postgis_extensions_upgrade()
 RETURNS text
 LANGUAGE plpgsql
AS $function$
DECLARE
	rec record;
	sql text;
	var_schema text;
	target_version text; -- TODO: optionally take as argument
BEGIN

	FOR rec IN
		SELECT name, default_version, installed_version
		FROM pg_catalog.pg_available_extensions
		WHERE name IN (
			'postgis',
			'postgis_raster',
			'postgis_sfcgal',
			'postgis_topology',
			'postgis_tiger_geocoder'
		)
		ORDER BY length(name) -- this is to make sure 'postgis' is first !
	LOOP --{

		IF target_version IS NULL THEN
			target_version := rec.default_version;
		END IF;

		IF rec.installed_version IS NULL THEN --{
			-- If the support installed by available extension
			-- is found unpackaged, we package it
			IF --{
				 -- PostGIS is always available (this function is part of it)
				 rec.name = 'postgis'

				 -- PostGIS raster is available if type 'raster' exists
				 OR ( rec.name = 'postgis_raster' AND EXISTS (
							SELECT 1 FROM pg_catalog.pg_type
							WHERE typname = 'raster' ) )

				 -- PostGIS SFCGAL is availble if
				 -- 'postgis_sfcgal_version' function exists
				 OR ( rec.name = 'postgis_sfcgal' AND EXISTS (
							SELECT 1 FROM pg_catalog.pg_proc
							WHERE proname = 'postgis_sfcgal_version' ) )

				 -- PostGIS Topology is available if
				 -- 'topology.topology' table exists
				 -- NOTE: watch out for https://trac.osgeo.org/postgis/ticket/2503
				 OR ( rec.name = 'postgis_topology' AND EXISTS (
							SELECT 1 FROM pg_catalog.pg_class c
							JOIN pg_catalog.pg_namespace n ON (c.relnamespace = n.oid )
							WHERE n.nspname = 'topology' AND c.relname = 'topology') )

				 OR ( rec.name = 'postgis_tiger_geocoder' AND EXISTS (
							SELECT 1 FROM pg_catalog.pg_class c
							JOIN pg_catalog.pg_namespace n ON (c.relnamespace = n.oid )
							WHERE n.nspname = 'tiger' AND c.relname = 'geocode_settings') )
			THEN --}{
				-- Force install in same schema as postgis
				SELECT INTO var_schema n.nspname
				  FROM pg_namespace n, pg_proc p
				  WHERE p.proname = 'postgis_full_version'
					AND n.oid = p.pronamespace
				  LIMIT 1;
				IF rec.name NOT IN('postgis_topology', 'postgis_tiger_geocoder')
				THEN
					sql := format(
							  'CREATE EXTENSION %1$I SCHEMA %2$I VERSION unpackaged;'
							  'ALTER EXTENSION %1$I UPDATE TO %3$I',
							  rec.name, var_schema, target_version);
				ELSE
					sql := format(
							 'CREATE EXTENSION %1$I VERSION unpackaged;'
							 'ALTER EXTENSION %1$I UPDATE TO %2$I',
							 rec.name, target_version);
				END IF;
				RAISE NOTICE 'Packaging and updating %', rec.name;
				RAISE DEBUG '%', sql;
				EXECUTE sql;
			ELSE
				RAISE DEBUG 'Skipping % (not in use)', rec.name;
			END IF;
		ELSE -- IF target_version != rec.installed_version THEN --}{
			sql = '';
			-- If logged in as super user
			-- force an update regardless if at target version, no downgrade allowed
			IF (SELECT usesuper FROM pg_user WHERE usename = CURRENT_USER)
						AND pg_catalog.substring(target_version, '[0-9]+\.[0-9]+\.[0-9]+')
								>= pg_catalog.substring(rec.installed_version, '[0-9]+\.[0-9]+\.[0-9]+')
			THEN
				sql = format(
					'UPDATE pg_catalog.pg_extension SET extversion = ''ANY'' WHERE extname = %1$L;'
					'ALTER EXTENSION %1$I UPDATE TO %2$I',
					rec.name, target_version
				);
			-- sandboxed users do standard upgrade
			ELSE
				sql = format(
				'ALTER EXTENSION %1$I UPDATE TO %2$I',
				rec.name, target_version
				);
			END IF;
			RAISE NOTICE 'Updating extension % %',
				rec.name, rec.installed_version;
			RAISE DEBUG '%', sql;
			EXECUTE sql;
		END IF; --}

	END LOOP; --}

	RETURN format(
		'Upgrade to version %s completed, run SELECT postgis_full_version(); for details',
		target_version
	);


END
$function$
"
postgis_full_version,,text,plpgsql,"
DECLARE
	libver text;
	librev text;
	projver text;
	geosver text;
	sfcgalver text;
	gdalver text := NULL;
	libxmlver text;
	liblwgeomver text;
	dbproc text;
	relproc text;
	fullver text;
	rast_lib_ver text := NULL;
	rast_scr_ver text := NULL;
	topo_scr_ver text := NULL;
	json_lib_ver text;
	protobuf_lib_ver text;
	wagyu_lib_ver text;
	sfcgal_lib_ver text;
	sfcgal_scr_ver text;
	pgsql_scr_ver text;
	pgsql_ver text;
	core_is_extension bool;
BEGIN
	SELECT public.postgis_lib_version() INTO libver;
	SELECT public.postgis_proj_version() INTO projver;
	SELECT public.postgis_geos_version() INTO geosver;
	SELECT public.postgis_libjson_version() INTO json_lib_ver;
	SELECT public.postgis_libprotobuf_version() INTO protobuf_lib_ver;
	SELECT public.postgis_wagyu_version() INTO wagyu_lib_ver;
	SELECT public._postgis_scripts_pgsql_version() INTO pgsql_scr_ver;
	SELECT public._postgis_pgsql_version() INTO pgsql_ver;
	BEGIN
		SELECT public.postgis_gdal_version() INTO gdalver;
	EXCEPTION
		WHEN undefined_function THEN
			RAISE DEBUG 'Function postgis_gdal_version() not found.  Is raster support enabled and rtpostgis.sql installed?';
	END;
	BEGIN
		SELECT public.postgis_sfcgal_full_version() INTO sfcgalver;
		BEGIN
			SELECT public.postgis_sfcgal_scripts_installed() INTO sfcgal_scr_ver;
		EXCEPTION
			WHEN undefined_function THEN
				sfcgal_scr_ver := 'missing';
		END;
	EXCEPTION
		WHEN undefined_function THEN
			RAISE DEBUG 'Function postgis_sfcgal_scripts_installed() not found. Is sfcgal support enabled and sfcgal.sql installed?';
	END;
	SELECT public.postgis_liblwgeom_version() INTO liblwgeomver;
	SELECT public.postgis_libxml_version() INTO libxmlver;
	SELECT public.postgis_scripts_installed() INTO dbproc;
	SELECT public.postgis_scripts_released() INTO relproc;
	SELECT public.postgis_lib_revision() INTO librev;
	BEGIN
		SELECT topology.postgis_topology_scripts_installed() INTO topo_scr_ver;
	EXCEPTION
		WHEN undefined_function OR invalid_schema_name THEN
			RAISE DEBUG 'Function postgis_topology_scripts_installed() not found. Is topology support enabled and topology.sql installed?';
		WHEN insufficient_privilege THEN
			RAISE NOTICE 'Topology support cannot be inspected. Is current user granted USAGE on schema ""topology"" ?';
		WHEN OTHERS THEN
			RAISE NOTICE 'Function postgis_topology_scripts_installed() could not be called: % (%)', SQLERRM, SQLSTATE;
	END;

	BEGIN
		SELECT postgis_raster_scripts_installed() INTO rast_scr_ver;
	EXCEPTION
		WHEN undefined_function THEN
			RAISE DEBUG 'Function postgis_raster_scripts_installed() not found. Is raster support enabled and rtpostgis.sql installed?';
		WHEN OTHERS THEN
			RAISE NOTICE 'Function postgis_raster_scripts_installed() could not be called: % (%)', SQLERRM, SQLSTATE;
	END;

	BEGIN
		SELECT public.postgis_raster_lib_version() INTO rast_lib_ver;
	EXCEPTION
		WHEN undefined_function THEN
			RAISE DEBUG 'Function postgis_raster_lib_version() not found. Is raster support enabled and rtpostgis.sql installed?';
		WHEN OTHERS THEN
			RAISE NOTICE 'Function postgis_raster_lib_version() could not be called: % (%)', SQLERRM, SQLSTATE;
	END;

	fullver = 'POSTGIS=""' || libver;

	IF  librev IS NOT NULL THEN
		fullver = fullver || ' ' || librev;
	END IF;

	fullver = fullver || '""';

	IF EXISTS (
		SELECT * FROM pg_catalog.pg_extension
		WHERE extname = 'postgis')
	THEN
			fullver = fullver || ' [EXTENSION]';
			core_is_extension := true;
	ELSE
			core_is_extension := false;
	END IF;

	IF liblwgeomver != relproc THEN
		fullver = fullver || ' (liblwgeom version mismatch: ""' || liblwgeomver || '"")';
	END IF;

	fullver = fullver || ' PGSQL=""' || pgsql_scr_ver || '""';
	IF pgsql_scr_ver != pgsql_ver THEN
		fullver = fullver || ' (procs need upgrade for use with PostgreSQL ""' || pgsql_ver || '"")';
	END IF;

	IF  geosver IS NOT NULL THEN
		fullver = fullver || ' GEOS=""' || geosver || '""';
	END IF;

	IF  sfcgalver IS NOT NULL THEN
		fullver = fullver || ' SFCGAL=""' || sfcgalver || '""';
	END IF;

	IF  projver IS NOT NULL THEN
		fullver = fullver || ' PROJ=""' || projver || '""';
	END IF;

	IF  gdalver IS NOT NULL THEN
		fullver = fullver || ' GDAL=""' || gdalver || '""';
	END IF;

	IF  libxmlver IS NOT NULL THEN
		fullver = fullver || ' LIBXML=""' || libxmlver || '""';
	END IF;

	IF json_lib_ver IS NOT NULL THEN
		fullver = fullver || ' LIBJSON=""' || json_lib_ver || '""';
	END IF;

	IF protobuf_lib_ver IS NOT NULL THEN
		fullver = fullver || ' LIBPROTOBUF=""' || protobuf_lib_ver || '""';
	END IF;

	IF wagyu_lib_ver IS NOT NULL THEN
		fullver = fullver || ' WAGYU=""' || wagyu_lib_ver || '""';
	END IF;

	IF dbproc != relproc THEN
		fullver = fullver || ' (core procs from ""' || dbproc || '"" need upgrade)';
	END IF;

	IF topo_scr_ver IS NOT NULL THEN
		fullver = fullver || ' TOPOLOGY';
		IF topo_scr_ver != relproc THEN
			fullver = fullver || ' (topology procs from ""' || topo_scr_ver || '"" need upgrade)';
		END IF;
		IF core_is_extension AND NOT EXISTS (
			SELECT * FROM pg_catalog.pg_extension
			WHERE extname = 'postgis_topology')
		THEN
				fullver = fullver || ' [UNPACKAGED!]';
		END IF;
	END IF;

	IF rast_lib_ver IS NOT NULL THEN
		fullver = fullver || ' RASTER';
		IF rast_lib_ver != relproc THEN
			fullver = fullver || ' (raster lib from ""' || rast_lib_ver || '"" need upgrade)';
		END IF;
		IF core_is_extension AND NOT EXISTS (
			SELECT * FROM pg_catalog.pg_extension
			WHERE extname = 'postgis_raster')
		THEN
				fullver = fullver || ' [UNPACKAGED!]';
		END IF;
	END IF;

	IF rast_scr_ver IS NOT NULL AND rast_scr_ver != relproc THEN
		fullver = fullver || ' (raster procs from ""' || rast_scr_ver || '"" need upgrade)';
	END IF;

	IF sfcgal_scr_ver IS NOT NULL AND sfcgal_scr_ver != relproc THEN
		fullver = fullver || ' (sfcgal procs from ""' || sfcgal_scr_ver || '"" need upgrade)';
	END IF;

	-- Check for the presence of deprecated functions
	IF EXISTS ( SELECT oid FROM pg_catalog.pg_proc WHERE proname LIKE '%_deprecated_by_postgis_%' )
	THEN
		fullver = fullver || ' (deprecated functions exist, upgrade is not complete)';
	END IF;

	RETURN fullver;
END
","CREATE OR REPLACE FUNCTION public.postgis_full_version()
 RETURNS text
 LANGUAGE plpgsql
 IMMUTABLE
AS $function$
DECLARE
	libver text;
	librev text;
	projver text;
	geosver text;
	sfcgalver text;
	gdalver text := NULL;
	libxmlver text;
	liblwgeomver text;
	dbproc text;
	relproc text;
	fullver text;
	rast_lib_ver text := NULL;
	rast_scr_ver text := NULL;
	topo_scr_ver text := NULL;
	json_lib_ver text;
	protobuf_lib_ver text;
	wagyu_lib_ver text;
	sfcgal_lib_ver text;
	sfcgal_scr_ver text;
	pgsql_scr_ver text;
	pgsql_ver text;
	core_is_extension bool;
BEGIN
	SELECT public.postgis_lib_version() INTO libver;
	SELECT public.postgis_proj_version() INTO projver;
	SELECT public.postgis_geos_version() INTO geosver;
	SELECT public.postgis_libjson_version() INTO json_lib_ver;
	SELECT public.postgis_libprotobuf_version() INTO protobuf_lib_ver;
	SELECT public.postgis_wagyu_version() INTO wagyu_lib_ver;
	SELECT public._postgis_scripts_pgsql_version() INTO pgsql_scr_ver;
	SELECT public._postgis_pgsql_version() INTO pgsql_ver;
	BEGIN
		SELECT public.postgis_gdal_version() INTO gdalver;
	EXCEPTION
		WHEN undefined_function THEN
			RAISE DEBUG 'Function postgis_gdal_version() not found.  Is raster support enabled and rtpostgis.sql installed?';
	END;
	BEGIN
		SELECT public.postgis_sfcgal_full_version() INTO sfcgalver;
		BEGIN
			SELECT public.postgis_sfcgal_scripts_installed() INTO sfcgal_scr_ver;
		EXCEPTION
			WHEN undefined_function THEN
				sfcgal_scr_ver := 'missing';
		END;
	EXCEPTION
		WHEN undefined_function THEN
			RAISE DEBUG 'Function postgis_sfcgal_scripts_installed() not found. Is sfcgal support enabled and sfcgal.sql installed?';
	END;
	SELECT public.postgis_liblwgeom_version() INTO liblwgeomver;
	SELECT public.postgis_libxml_version() INTO libxmlver;
	SELECT public.postgis_scripts_installed() INTO dbproc;
	SELECT public.postgis_scripts_released() INTO relproc;
	SELECT public.postgis_lib_revision() INTO librev;
	BEGIN
		SELECT topology.postgis_topology_scripts_installed() INTO topo_scr_ver;
	EXCEPTION
		WHEN undefined_function OR invalid_schema_name THEN
			RAISE DEBUG 'Function postgis_topology_scripts_installed() not found. Is topology support enabled and topology.sql installed?';
		WHEN insufficient_privilege THEN
			RAISE NOTICE 'Topology support cannot be inspected. Is current user granted USAGE on schema ""topology"" ?';
		WHEN OTHERS THEN
			RAISE NOTICE 'Function postgis_topology_scripts_installed() could not be called: % (%)', SQLERRM, SQLSTATE;
	END;

	BEGIN
		SELECT postgis_raster_scripts_installed() INTO rast_scr_ver;
	EXCEPTION
		WHEN undefined_function THEN
			RAISE DEBUG 'Function postgis_raster_scripts_installed() not found. Is raster support enabled and rtpostgis.sql installed?';
		WHEN OTHERS THEN
			RAISE NOTICE 'Function postgis_raster_scripts_installed() could not be called: % (%)', SQLERRM, SQLSTATE;
	END;

	BEGIN
		SELECT public.postgis_raster_lib_version() INTO rast_lib_ver;
	EXCEPTION
		WHEN undefined_function THEN
			RAISE DEBUG 'Function postgis_raster_lib_version() not found. Is raster support enabled and rtpostgis.sql installed?';
		WHEN OTHERS THEN
			RAISE NOTICE 'Function postgis_raster_lib_version() could not be called: % (%)', SQLERRM, SQLSTATE;
	END;

	fullver = 'POSTGIS=""' || libver;

	IF  librev IS NOT NULL THEN
		fullver = fullver || ' ' || librev;
	END IF;

	fullver = fullver || '""';

	IF EXISTS (
		SELECT * FROM pg_catalog.pg_extension
		WHERE extname = 'postgis')
	THEN
			fullver = fullver || ' [EXTENSION]';
			core_is_extension := true;
	ELSE
			core_is_extension := false;
	END IF;

	IF liblwgeomver != relproc THEN
		fullver = fullver || ' (liblwgeom version mismatch: ""' || liblwgeomver || '"")';
	END IF;

	fullver = fullver || ' PGSQL=""' || pgsql_scr_ver || '""';
	IF pgsql_scr_ver != pgsql_ver THEN
		fullver = fullver || ' (procs need upgrade for use with PostgreSQL ""' || pgsql_ver || '"")';
	END IF;

	IF  geosver IS NOT NULL THEN
		fullver = fullver || ' GEOS=""' || geosver || '""';
	END IF;

	IF  sfcgalver IS NOT NULL THEN
		fullver = fullver || ' SFCGAL=""' || sfcgalver || '""';
	END IF;

	IF  projver IS NOT NULL THEN
		fullver = fullver || ' PROJ=""' || projver || '""';
	END IF;

	IF  gdalver IS NOT NULL THEN
		fullver = fullver || ' GDAL=""' || gdalver || '""';
	END IF;

	IF  libxmlver IS NOT NULL THEN
		fullver = fullver || ' LIBXML=""' || libxmlver || '""';
	END IF;

	IF json_lib_ver IS NOT NULL THEN
		fullver = fullver || ' LIBJSON=""' || json_lib_ver || '""';
	END IF;

	IF protobuf_lib_ver IS NOT NULL THEN
		fullver = fullver || ' LIBPROTOBUF=""' || protobuf_lib_ver || '""';
	END IF;

	IF wagyu_lib_ver IS NOT NULL THEN
		fullver = fullver || ' WAGYU=""' || wagyu_lib_ver || '""';
	END IF;

	IF dbproc != relproc THEN
		fullver = fullver || ' (core procs from ""' || dbproc || '"" need upgrade)';
	END IF;

	IF topo_scr_ver IS NOT NULL THEN
		fullver = fullver || ' TOPOLOGY';
		IF topo_scr_ver != relproc THEN
			fullver = fullver || ' (topology procs from ""' || topo_scr_ver || '"" need upgrade)';
		END IF;
		IF core_is_extension AND NOT EXISTS (
			SELECT * FROM pg_catalog.pg_extension
			WHERE extname = 'postgis_topology')
		THEN
				fullver = fullver || ' [UNPACKAGED!]';
		END IF;
	END IF;

	IF rast_lib_ver IS NOT NULL THEN
		fullver = fullver || ' RASTER';
		IF rast_lib_ver != relproc THEN
			fullver = fullver || ' (raster lib from ""' || rast_lib_ver || '"" need upgrade)';
		END IF;
		IF core_is_extension AND NOT EXISTS (
			SELECT * FROM pg_catalog.pg_extension
			WHERE extname = 'postgis_raster')
		THEN
				fullver = fullver || ' [UNPACKAGED!]';
		END IF;
	END IF;

	IF rast_scr_ver IS NOT NULL AND rast_scr_ver != relproc THEN
		fullver = fullver || ' (raster procs from ""' || rast_scr_ver || '"" need upgrade)';
	END IF;

	IF sfcgal_scr_ver IS NOT NULL AND sfcgal_scr_ver != relproc THEN
		fullver = fullver || ' (sfcgal procs from ""' || sfcgal_scr_ver || '"" need upgrade)';
	END IF;

	-- Check for the presence of deprecated functions
	IF EXISTS ( SELECT oid FROM pg_catalog.pg_proc WHERE proname LIKE '%_deprecated_by_postgis_%' )
	THEN
		fullver = fullver || ' (deprecated functions exist, upgrade is not complete)';
	END IF;

	RETURN fullver;
END
$function$
"
postgis_geos_noop,geometry,geometry,c,GEOSnoop,"CREATE OR REPLACE FUNCTION public.postgis_geos_noop(geometry)
 RETURNS geometry
 LANGUAGE c
 IMMUTABLE PARALLEL SAFE STRICT
AS '$libdir/postgis-3', $function$GEOSnoop$function$
"
postgis_geos_version,,text,c,postgis_geos_version,"CREATE OR REPLACE FUNCTION public.postgis_geos_version()
 RETURNS text
 LANGUAGE c
 IMMUTABLE
AS '$libdir/postgis-3', $function$postgis_geos_version$function$
"
postgis_getbbox,geometry,box2d,c,LWGEOM_to_BOX2DF,"CREATE OR REPLACE FUNCTION public.postgis_getbbox(geometry)
 RETURNS box2d
 LANGUAGE c
 IMMUTABLE PARALLEL SAFE STRICT
AS '$libdir/postgis-3', $function$LWGEOM_to_BOX2DF$function$
"
postgis_hasbbox,geometry,boolean,c,LWGEOM_hasBBOX,"CREATE OR REPLACE FUNCTION public.postgis_hasbbox(geometry)
 RETURNS boolean
 LANGUAGE c
 IMMUTABLE PARALLEL SAFE STRICT
AS '$libdir/postgis-3', $function$LWGEOM_hasBBOX$function$
"
postgis_index_supportfn,internal,internal,c,postgis_index_supportfn,"CREATE OR REPLACE FUNCTION public.postgis_index_supportfn(internal)
 RETURNS internal
 LANGUAGE c
AS '$libdir/postgis-3', $function$postgis_index_supportfn$function$
"
postgis_lib_build_date,,text,c,postgis_lib_build_date,"CREATE OR REPLACE FUNCTION public.postgis_lib_build_date()
 RETURNS text
 LANGUAGE c
 IMMUTABLE
AS '$libdir/postgis-3', $function$postgis_lib_build_date$function$
"
postgis_lib_revision,,text,c,postgis_lib_revision,"CREATE OR REPLACE FUNCTION public.postgis_lib_revision()
 RETURNS text
 LANGUAGE c
 IMMUTABLE
AS '$libdir/postgis-3', $function$postgis_lib_revision$function$
"
postgis_lib_version,,text,c,postgis_lib_version,"CREATE OR REPLACE FUNCTION public.postgis_lib_version()
 RETURNS text
 LANGUAGE c
 IMMUTABLE
AS '$libdir/postgis-3', $function$postgis_lib_version$function$
"
postgis_libjson_version,,text,c,postgis_libjson_version,"CREATE OR REPLACE FUNCTION public.postgis_libjson_version()
 RETURNS text
 LANGUAGE c
 IMMUTABLE PARALLEL SAFE STRICT
AS '$libdir/postgis-3', $function$postgis_libjson_version$function$
"
postgis_liblwgeom_version,,text,c,postgis_liblwgeom_version,"CREATE OR REPLACE FUNCTION public.postgis_liblwgeom_version()
 RETURNS text
 LANGUAGE c
 IMMUTABLE
AS '$libdir/postgis-3', $function$postgis_liblwgeom_version$function$
"
postgis_libprotobuf_version,,text,c,postgis_libprotobuf_version,"CREATE OR REPLACE FUNCTION public.postgis_libprotobuf_version()
 RETURNS text
 LANGUAGE c
 IMMUTABLE STRICT
AS '$libdir/postgis-3', $function$postgis_libprotobuf_version$function$
"
postgis_libxml_version,,text,c,postgis_libxml_version,"CREATE OR REPLACE FUNCTION public.postgis_libxml_version()
 RETURNS text
 LANGUAGE c
 IMMUTABLE
AS '$libdir/postgis-3', $function$postgis_libxml_version$function$
"
postgis_noop,geometry,geometry,c,LWGEOM_noop,"CREATE OR REPLACE FUNCTION public.postgis_noop(geometry)
 RETURNS geometry
 LANGUAGE c
 IMMUTABLE PARALLEL SAFE STRICT
AS '$libdir/postgis-3', $function$LWGEOM_noop$function$
"
postgis_proj_version,,text,c,postgis_proj_version,"CREATE OR REPLACE FUNCTION public.postgis_proj_version()
 RETURNS text
 LANGUAGE c
 IMMUTABLE
AS '$libdir/postgis-3', $function$postgis_proj_version$function$
"
postgis_scripts_build_date,,text,sql,SELECT '2024-09-05 22:13:41'::text AS version,"CREATE OR REPLACE FUNCTION public.postgis_scripts_build_date()
 RETURNS text
 LANGUAGE sql
 IMMUTABLE
AS $function$SELECT '2024-09-05 22:13:41'::text AS version$function$
"
postgis_scripts_installed,,text,sql," SELECT trim('3.3.7'::text || $rev$ a0c7967 $rev$) AS version ","CREATE OR REPLACE FUNCTION public.postgis_scripts_installed()
 RETURNS text
 LANGUAGE sql
 IMMUTABLE
AS $function$ SELECT trim('3.3.7'::text || $rev$ a0c7967 $rev$) AS version $function$
"
postgis_scripts_released,,text,c,postgis_scripts_released,"CREATE OR REPLACE FUNCTION public.postgis_scripts_released()
 RETURNS text
 LANGUAGE c
 IMMUTABLE
AS '$libdir/postgis-3', $function$postgis_scripts_released$function$
"
postgis_svn_version,,text,sql,"
	SELECT public._postgis_deprecate(
		'postgis_svn_version', 'postgis_lib_revision', '3.1.0');
	SELECT public.postgis_lib_revision();
","CREATE OR REPLACE FUNCTION public.postgis_svn_version()
 RETURNS text
 LANGUAGE sql
 IMMUTABLE
AS $function$
	SELECT public._postgis_deprecate(
		'postgis_svn_version', 'postgis_lib_revision', '3.1.0');
	SELECT public.postgis_lib_revision();
$function$
"
postgis_transform_geometry,"geom geometry, text, text, integer",geometry,c,transform_geom,"CREATE OR REPLACE FUNCTION public.postgis_transform_geometry(geom geometry, text, text, integer)
 RETURNS geometry
 LANGUAGE c
 IMMUTABLE PARALLEL SAFE STRICT COST 500
AS '$libdir/postgis-3', $function$transform_geom$function$
"
postgis_type_name,"geomname character varying, coord_dimension integer, use_new_name boolean DEFAULT true",character varying,sql,"
	SELECT CASE WHEN $3 THEN new_name ELSE old_name END As geomname
	FROM
	( VALUES
			('GEOMETRY', 'Geometry', 2),
			('GEOMETRY', 'GeometryZ', 3),
			('GEOMETRYM', 'GeometryM', 3),
			('GEOMETRY', 'GeometryZM', 4),

			('GEOMETRYCOLLECTION', 'GeometryCollection', 2),
			('GEOMETRYCOLLECTION', 'GeometryCollectionZ', 3),
			('GEOMETRYCOLLECTIONM', 'GeometryCollectionM', 3),
			('GEOMETRYCOLLECTION', 'GeometryCollectionZM', 4),

			('POINT', 'Point', 2),
			('POINT', 'PointZ', 3),
			('POINTM','PointM', 3),
			('POINT', 'PointZM', 4),

			('MULTIPOINT','MultiPoint', 2),
			('MULTIPOINT','MultiPointZ', 3),
			('MULTIPOINTM','MultiPointM', 3),
			('MULTIPOINT','MultiPointZM', 4),

			('POLYGON', 'Polygon', 2),
			('POLYGON', 'PolygonZ', 3),
			('POLYGONM', 'PolygonM', 3),
			('POLYGON', 'PolygonZM', 4),

			('MULTIPOLYGON', 'MultiPolygon', 2),
			('MULTIPOLYGON', 'MultiPolygonZ', 3),
			('MULTIPOLYGONM', 'MultiPolygonM', 3),
			('MULTIPOLYGON', 'MultiPolygonZM', 4),

			('MULTILINESTRING', 'MultiLineString', 2),
			('MULTILINESTRING', 'MultiLineStringZ', 3),
			('MULTILINESTRINGM', 'MultiLineStringM', 3),
			('MULTILINESTRING', 'MultiLineStringZM', 4),

			('LINESTRING', 'LineString', 2),
			('LINESTRING', 'LineStringZ', 3),
			('LINESTRINGM', 'LineStringM', 3),
			('LINESTRING', 'LineStringZM', 4),

			('CIRCULARSTRING', 'CircularString', 2),
			('CIRCULARSTRING', 'CircularStringZ', 3),
			('CIRCULARSTRINGM', 'CircularStringM' ,3),
			('CIRCULARSTRING', 'CircularStringZM', 4),

			('COMPOUNDCURVE', 'CompoundCurve', 2),
			('COMPOUNDCURVE', 'CompoundCurveZ', 3),
			('COMPOUNDCURVEM', 'CompoundCurveM', 3),
			('COMPOUNDCURVE', 'CompoundCurveZM', 4),

			('CURVEPOLYGON', 'CurvePolygon', 2),
			('CURVEPOLYGON', 'CurvePolygonZ', 3),
			('CURVEPOLYGONM', 'CurvePolygonM', 3),
			('CURVEPOLYGON', 'CurvePolygonZM', 4),

			('MULTICURVE', 'MultiCurve', 2),
			('MULTICURVE', 'MultiCurveZ', 3),
			('MULTICURVEM', 'MultiCurveM', 3),
			('MULTICURVE', 'MultiCurveZM', 4),

			('MULTISURFACE', 'MultiSurface', 2),
			('MULTISURFACE', 'MultiSurfaceZ', 3),
			('MULTISURFACEM', 'MultiSurfaceM', 3),
			('MULTISURFACE', 'MultiSurfaceZM', 4),

			('POLYHEDRALSURFACE', 'PolyhedralSurface', 2),
			('POLYHEDRALSURFACE', 'PolyhedralSurfaceZ', 3),
			('POLYHEDRALSURFACEM', 'PolyhedralSurfaceM', 3),
			('POLYHEDRALSURFACE', 'PolyhedralSurfaceZM', 4),

			('TRIANGLE', 'Triangle', 2),
			('TRIANGLE', 'TriangleZ', 3),
			('TRIANGLEM', 'TriangleM', 3),
			('TRIANGLE', 'TriangleZM', 4),

			('TIN', 'Tin', 2),
			('TIN', 'TinZ', 3),
			('TINM', 'TinM', 3),
			('TIN', 'TinZM', 4) )
			 As g(old_name, new_name, coord_dimension)
	WHERE (upper(old_name) = upper($1) OR upper(new_name) = upper($1))
		AND coord_dimension = $2;
","CREATE OR REPLACE FUNCTION public.postgis_type_name(geomname character varying, coord_dimension integer, use_new_name boolean DEFAULT true)
 RETURNS character varying
 LANGUAGE sql
 IMMUTABLE PARALLEL SAFE STRICT COST 10000
AS $function$
	SELECT CASE WHEN $3 THEN new_name ELSE old_name END As geomname
	FROM
	( VALUES
			('GEOMETRY', 'Geometry', 2),
			('GEOMETRY', 'GeometryZ', 3),
			('GEOMETRYM', 'GeometryM', 3),
			('GEOMETRY', 'GeometryZM', 4),

			('GEOMETRYCOLLECTION', 'GeometryCollection', 2),
			('GEOMETRYCOLLECTION', 'GeometryCollectionZ', 3),
			('GEOMETRYCOLLECTIONM', 'GeometryCollectionM', 3),
			('GEOMETRYCOLLECTION', 'GeometryCollectionZM', 4),

			('POINT', 'Point', 2),
			('POINT', 'PointZ', 3),
			('POINTM','PointM', 3),
			('POINT', 'PointZM', 4),

			('MULTIPOINT','MultiPoint', 2),
			('MULTIPOINT','MultiPointZ', 3),
			('MULTIPOINTM','MultiPointM', 3),
			('MULTIPOINT','MultiPointZM', 4),

			('POLYGON', 'Polygon', 2),
			('POLYGON', 'PolygonZ', 3),
			('POLYGONM', 'PolygonM', 3),
			('POLYGON', 'PolygonZM', 4),

			('MULTIPOLYGON', 'MultiPolygon', 2),
			('MULTIPOLYGON', 'MultiPolygonZ', 3),
			('MULTIPOLYGONM', 'MultiPolygonM', 3),
			('MULTIPOLYGON', 'MultiPolygonZM', 4),

			('MULTILINESTRING', 'MultiLineString', 2),
			('MULTILINESTRING', 'MultiLineStringZ', 3),
			('MULTILINESTRINGM', 'MultiLineStringM', 3),
			('MULTILINESTRING', 'MultiLineStringZM', 4),

			('LINESTRING', 'LineString', 2),
			('LINESTRING', 'LineStringZ', 3),
			('LINESTRINGM', 'LineStringM', 3),
			('LINESTRING', 'LineStringZM', 4),

			('CIRCULARSTRING', 'CircularString', 2),
			('CIRCULARSTRING', 'CircularStringZ', 3),
			('CIRCULARSTRINGM', 'CircularStringM' ,3),
			('CIRCULARSTRING', 'CircularStringZM', 4),

			('COMPOUNDCURVE', 'CompoundCurve', 2),
			('COMPOUNDCURVE', 'CompoundCurveZ', 3),
			('COMPOUNDCURVEM', 'CompoundCurveM', 3),
			('COMPOUNDCURVE', 'CompoundCurveZM', 4),

			('CURVEPOLYGON', 'CurvePolygon', 2),
			('CURVEPOLYGON', 'CurvePolygonZ', 3),
			('CURVEPOLYGONM', 'CurvePolygonM', 3),
			('CURVEPOLYGON', 'CurvePolygonZM', 4),

			('MULTICURVE', 'MultiCurve', 2),
			('MULTICURVE', 'MultiCurveZ', 3),
			('MULTICURVEM', 'MultiCurveM', 3),
			('MULTICURVE', 'MultiCurveZM', 4),

			('MULTISURFACE', 'MultiSurface', 2),
			('MULTISURFACE', 'MultiSurfaceZ', 3),
			('MULTISURFACEM', 'MultiSurfaceM', 3),
			('MULTISURFACE', 'MultiSurfaceZM', 4),

			('POLYHEDRALSURFACE', 'PolyhedralSurface', 2),
			('POLYHEDRALSURFACE', 'PolyhedralSurfaceZ', 3),
			('POLYHEDRALSURFACEM', 'PolyhedralSurfaceM', 3),
			('POLYHEDRALSURFACE', 'PolyhedralSurfaceZM', 4),

			('TRIANGLE', 'Triangle', 2),
			('TRIANGLE', 'TriangleZ', 3),
			('TRIANGLEM', 'TriangleM', 3),
			('TRIANGLE', 'TriangleZM', 4),

			('TIN', 'Tin', 2),
			('TIN', 'TinZ', 3),
			('TINM', 'TinM', 3),
			('TIN', 'TinZM', 4) )
			 As g(old_name, new_name, coord_dimension)
	WHERE (upper(old_name) = upper($1) OR upper(new_name) = upper($1))
		AND coord_dimension = $2;
$function$
"
postgis_typmod_dims,integer,integer,c,postgis_typmod_dims,"CREATE OR REPLACE FUNCTION public.postgis_typmod_dims(integer)
 RETURNS integer
 LANGUAGE c
 IMMUTABLE PARALLEL SAFE STRICT
AS '$libdir/postgis-3', $function$postgis_typmod_dims$function$
"
postgis_typmod_srid,integer,integer,c,postgis_typmod_srid,"CREATE OR REPLACE FUNCTION public.postgis_typmod_srid(integer)
 RETURNS integer
 LANGUAGE c
 IMMUTABLE PARALLEL SAFE STRICT
AS '$libdir/postgis-3', $function$postgis_typmod_srid$function$
"
postgis_typmod_type,integer,text,c,postgis_typmod_type,"CREATE OR REPLACE FUNCTION public.postgis_typmod_type(integer)
 RETURNS text
 LANGUAGE c
 IMMUTABLE PARALLEL SAFE STRICT
AS '$libdir/postgis-3', $function$postgis_typmod_type$function$
"
postgis_version,,text,c,postgis_version,"CREATE OR REPLACE FUNCTION public.postgis_version()
 RETURNS text
 LANGUAGE c
 IMMUTABLE
AS '$libdir/postgis-3', $function$postgis_version$function$
"
postgis_wagyu_version,,text,c,postgis_wagyu_version,"CREATE OR REPLACE FUNCTION public.postgis_wagyu_version()
 RETURNS text
 LANGUAGE c
 IMMUTABLE
AS '$libdir/postgis-3', $function$postgis_wagyu_version$function$
"
rpc_create_court_booking,"p_availabilityid integer, p_userid integer, p_start_timestamp timestamp without time zone, p_end_timestamp timestamp without time zone, p_bookingdate date, p_playingcourtid bigint DEFAULT NULL::bigint, p_selected_court_name text DEFAULT NULL::text, p_selected_base_name text DEFAULT NULL::text, p_selected_part text DEFAULT NULL::text, p_selected_surface courtsurface DEFAULT NULL::courtsurface, p_court_price_at_booking numeric DEFAULT NULL::numeric, p_duration_minutes integer DEFAULT NULL::integer, p_total_amount numeric DEFAULT NULL::numeric, p_note text DEFAULT NULL::text","TABLE(out_courtbookingid integer, out_booking_status courtbookingstatus, out_auto_approved boolean)",plpgsql,"
DECLARE
  v_avail_status   public.availabilitystatus;
  v_courtid        int;
  v_auto_approve   boolean;
  v_booking_status public.courtbookingstatus;
  v_new_booking_id int;
BEGIN
  -- ── 1. Lock the availability row ────────────────────────────────────────
  --  FOR UPDATE acquires an exclusive row-level lock.
  --  Any concurrent call for the same slot will block here until this
  --  transaction is committed or rolled back, guaranteeing serialised access.
  SELECT ca.status, ca.courtid
  INTO   v_avail_status, v_courtid
  FROM   courtavailability ca
  WHERE  ca.availabilityid = p_availabilityid
  FOR UPDATE;

  IF NOT FOUND THEN
    RAISE EXCEPTION 'SLOT_NOT_FOUND: availabilityid % does not exist',
      p_availabilityid
      USING ERRCODE = 'P0010';
  END IF;

  -- ── 2. Confirm the slot is still open ───────────────────────────────────
  IF v_avail_status <> 'available' THEN
    RAISE EXCEPTION 'SLOT_TAKEN: availabilityid % is currently ""%""',
      p_availabilityid, v_avail_status
      USING ERRCODE = 'P0011';
  END IF;

  -- ── 3. Determine booking approval status ────────────────────────────────
  --  Falls back to 'pending' when courtinfo is missing (NULL-safe).
  SELECT ci.auto_approve
  INTO   v_auto_approve
  FROM   courtinfo ci
  WHERE  ci.courtid = v_courtid
  LIMIT  1;

  v_booking_status := CASE
    WHEN COALESCE(v_auto_approve, false) THEN 'approved'::courtbookingstatus
    ELSE                                       'pending'::courtbookingstatus
  END;

  -- ── 4. Insert the booking ────────────────────────────────────────────────
  INSERT INTO courtbooking (
    availabilityid,
    userid,
    status,
    bookingstatus,
    start_timestamp,
    end_timestamp,
    bookingdate,
    playingcourtid,
    selected_court_name,
    selected_base_name,
    selected_part,
    selected_surface,
    court_price_at_booking,
    duration_minutes,
    total_amount,
    note
  )
  VALUES (
    p_availabilityid,
    p_userid,
    v_booking_status,
    'upcoming'::sessionstatus,
    p_start_timestamp,
    p_end_timestamp,
    p_bookingdate,
    p_playingcourtid,
    p_selected_court_name,
    p_selected_base_name,
    p_selected_part,
    p_selected_surface,
    p_court_price_at_booking,
    p_duration_minutes,
    p_total_amount,
    p_note
  )
  RETURNING courtbooking.courtbookingid INTO v_new_booking_id;

  -- ── 5. Close the slot ───────────────────────────────────────────────────
  --  This row is already exclusively locked from step 1; the UPDATE is
  --  instant and does not require a separate lock acquisition.
  UPDATE courtavailability
  SET    status = 'unavailable'
  WHERE  availabilityid = p_availabilityid;

  -- ── 6. Return result to the caller ──────────────────────────────────────
  RETURN QUERY
    SELECT v_new_booking_id,
           v_booking_status,
           COALESCE(v_auto_approve, false);
END;
","CREATE OR REPLACE FUNCTION public.rpc_create_court_booking(p_availabilityid integer, p_userid integer, p_start_timestamp timestamp without time zone, p_end_timestamp timestamp without time zone, p_bookingdate date, p_playingcourtid bigint DEFAULT NULL::bigint, p_selected_court_name text DEFAULT NULL::text, p_selected_base_name text DEFAULT NULL::text, p_selected_part text DEFAULT NULL::text, p_selected_surface courtsurface DEFAULT NULL::courtsurface, p_court_price_at_booking numeric DEFAULT NULL::numeric, p_duration_minutes integer DEFAULT NULL::integer, p_total_amount numeric DEFAULT NULL::numeric, p_note text DEFAULT NULL::text)
 RETURNS TABLE(out_courtbookingid integer, out_booking_status courtbookingstatus, out_auto_approved boolean)
 LANGUAGE plpgsql
 SECURITY DEFINER
 SET search_path TO 'public'
AS $function$
DECLARE
  v_avail_status   public.availabilitystatus;
  v_courtid        int;
  v_auto_approve   boolean;
  v_booking_status public.courtbookingstatus;
  v_new_booking_id int;
BEGIN
  -- ── 1. Lock the availability row ────────────────────────────────────────
  --  FOR UPDATE acquires an exclusive row-level lock.
  --  Any concurrent call for the same slot will block here until this
  --  transaction is committed or rolled back, guaranteeing serialised access.
  SELECT ca.status, ca.courtid
  INTO   v_avail_status, v_courtid
  FROM   courtavailability ca
  WHERE  ca.availabilityid = p_availabilityid
  FOR UPDATE;

  IF NOT FOUND THEN
    RAISE EXCEPTION 'SLOT_NOT_FOUND: availabilityid % does not exist',
      p_availabilityid
      USING ERRCODE = 'P0010';
  END IF;

  -- ── 2. Confirm the slot is still open ───────────────────────────────────
  IF v_avail_status <> 'available' THEN
    RAISE EXCEPTION 'SLOT_TAKEN: availabilityid % is currently ""%""',
      p_availabilityid, v_avail_status
      USING ERRCODE = 'P0011';
  END IF;

  -- ── 3. Determine booking approval status ────────────────────────────────
  --  Falls back to 'pending' when courtinfo is missing (NULL-safe).
  SELECT ci.auto_approve
  INTO   v_auto_approve
  FROM   courtinfo ci
  WHERE  ci.courtid = v_courtid
  LIMIT  1;

  v_booking_status := CASE
    WHEN COALESCE(v_auto_approve, false) THEN 'approved'::courtbookingstatus
    ELSE                                       'pending'::courtbookingstatus
  END;

  -- ── 4. Insert the booking ────────────────────────────────────────────────
  INSERT INTO courtbooking (
    availabilityid,
    userid,
    status,
    bookingstatus,
    start_timestamp,
    end_timestamp,
    bookingdate,
    playingcourtid,
    selected_court_name,
    selected_base_name,
    selected_part,
    selected_surface,
    court_price_at_booking,
    duration_minutes,
    total_amount,
    note
  )
  VALUES (
    p_availabilityid,
    p_userid,
    v_booking_status,
    'upcoming'::sessionstatus,
    p_start_timestamp,
    p_end_timestamp,
    p_bookingdate,
    p_playingcourtid,
    p_selected_court_name,
    p_selected_base_name,
    p_selected_part,
    p_selected_surface,
    p_court_price_at_booking,
    p_duration_minutes,
    p_total_amount,
    p_note
  )
  RETURNING courtbooking.courtbookingid INTO v_new_booking_id;

  -- ── 5. Close the slot ───────────────────────────────────────────────────
  --  This row is already exclusively locked from step 1; the UPDATE is
  --  instant and does not require a separate lock acquisition.
  UPDATE courtavailability
  SET    status = 'unavailable'
  WHERE  availabilityid = p_availabilityid;

  -- ── 6. Return result to the caller ──────────────────────────────────────
  RETURN QUERY
    SELECT v_new_booking_id,
           v_booking_status,
           COALESCE(v_auto_approve, false);
END;
$function$
"
rpc_create_review,"p_userid integer, p_targettype reviewtargettype, p_targetid integer, p_rating integer, p_comment text","TABLE(reviewid integer, created boolean)",plpgsql,"
DECLARE
  v_existing_id int;
  v_new_id      int;
BEGIN
  -- ── Eligibility gate ──────────────────────────────────────────────────
  IF NOT public.has_completed_booking(p_userid, p_targettype, p_targetid) THEN
    RAISE EXCEPTION
      'REVIEW_NOT_ELIGIBLE: user % has no completed booking for % id=%',
      p_userid, p_targettype, p_targetid
      USING ERRCODE = 'P0001';
  END IF;

  -- ── Rating range guard ────────────────────────────────────────────────
  IF p_rating < 1 OR p_rating > 5 THEN
    RAISE EXCEPTION 'INVALID_RATING: must be 1–5, got %', p_rating
      USING ERRCODE = 'P0002';
  END IF;

  -- ── One review per user per target ────────────────────────────────────
  SELECT r.reviewid
  INTO   v_existing_id
  FROM   public.reviews r
  WHERE  r.userid     = p_userid
    AND  r.targettype = p_targettype
    AND  r.targetid   = p_targetid;

  IF v_existing_id IS NOT NULL THEN
    -- Update path
    UPDATE public.reviews
    SET    rating     = p_rating,
           comment   = p_comment,
           updated_at = now()
    WHERE  public.reviews.reviewid = v_existing_id;

    RETURN QUERY SELECT v_existing_id, false;
  ELSE
    -- Insert path
    INSERT INTO public.reviews (rating, comment, targettype, targetid, userid)
    VALUES (p_rating, p_comment, p_targettype, p_targetid, p_userid)
    RETURNING public.reviews.reviewid INTO v_new_id;

    RETURN QUERY SELECT v_new_id, true;
  END IF;
END;
","CREATE OR REPLACE FUNCTION public.rpc_create_review(p_userid integer, p_targettype reviewtargettype, p_targetid integer, p_rating integer, p_comment text)
 RETURNS TABLE(reviewid integer, created boolean)
 LANGUAGE plpgsql
 SECURITY DEFINER
 SET search_path TO 'public'
AS $function$
DECLARE
  v_existing_id int;
  v_new_id      int;
BEGIN
  -- ── Eligibility gate ──────────────────────────────────────────────────
  IF NOT public.has_completed_booking(p_userid, p_targettype, p_targetid) THEN
    RAISE EXCEPTION
      'REVIEW_NOT_ELIGIBLE: user % has no completed booking for % id=%',
      p_userid, p_targettype, p_targetid
      USING ERRCODE = 'P0001';
  END IF;

  -- ── Rating range guard ────────────────────────────────────────────────
  IF p_rating < 1 OR p_rating > 5 THEN
    RAISE EXCEPTION 'INVALID_RATING: must be 1–5, got %', p_rating
      USING ERRCODE = 'P0002';
  END IF;

  -- ── One review per user per target ────────────────────────────────────
  SELECT r.reviewid
  INTO   v_existing_id
  FROM   public.reviews r
  WHERE  r.userid     = p_userid
    AND  r.targettype = p_targettype
    AND  r.targetid   = p_targetid;

  IF v_existing_id IS NOT NULL THEN
    -- Update path
    UPDATE public.reviews
    SET    rating     = p_rating,
           comment   = p_comment,
           updated_at = now()
    WHERE  public.reviews.reviewid = v_existing_id;

    RETURN QUERY SELECT v_existing_id, false;
  ELSE
    -- Insert path
    INSERT INTO public.reviews (rating, comment, targettype, targetid, userid)
    VALUES (p_rating, p_comment, p_targettype, p_targetid, p_userid)
    RETURNING public.reviews.reviewid INTO v_new_id;

    RETURN QUERY SELECT v_new_id, true;
  END IF;
END;
$function$
"
rpc_join_event,"p_eventid integer, p_userid integer, p_paymentid integer DEFAULT NULL::integer, p_note text DEFAULT NULL::text","TABLE(out_eventbookingid integer, out_booking_status eventbookingstatus)",plpgsql,"
DECLARE
  v_event_status  public.eventstatus;
  v_join_status   boolean;
  v_auto_approve  boolean;
  v_cap           int;
  v_count         int;
  v_new_status    public.eventbookingstatus;
  v_new_id        int;
BEGIN
  -- ── 1. Lock the events row ───────────────────────────────────────────────
  --  Any concurrent join call for the same event will wait here, guaranteeing
  --  that the capacity check in step 3 is never racy.
  SELECT e.status
  INTO   v_event_status
  FROM   events e
  WHERE  e.eventid = p_eventid
  FOR UPDATE;

  IF NOT FOUND THEN
    RAISE EXCEPTION 'EVENT_NOT_FOUND: eventid % does not exist', p_eventid
      USING ERRCODE = 'P0020';
  END IF;

  IF v_event_status <> 'upcoming'::eventstatus THEN
    RAISE EXCEPTION 'EVENT_NOT_JOINABLE: event % has status ""%""', p_eventid, v_event_status
      USING ERRCODE = 'P0021';
  END IF;

  -- ── 2. Read capacity / approval rules ────────────────────────────────────
  SELECT COALESCE(ei.participants_cap, 0),
         COALESCE(ei.join_status,      true),
         COALESCE(ei.auto_approve,     false)
  INTO   v_cap, v_join_status, v_auto_approve
  FROM   eventinfo ei
  WHERE  ei.eventid = p_eventid
  LIMIT  1;

  IF NOT FOUND THEN
    RAISE EXCEPTION 'EVENT_INFO_MISSING: no eventinfo row for eventid %', p_eventid
      USING ERRCODE = 'P0025';
  END IF;

  IF NOT v_join_status THEN
    RAISE EXCEPTION 'EVENT_CLOSED: event % is not accepting new participants', p_eventid
      USING ERRCODE = 'P0022';
  END IF;

  -- ── 3. Count active participants (pending + joined, not cancelled) ────────
  SELECT COUNT(*)
  INTO   v_count
  FROM   eventbooking eb
  WHERE  eb.eventid = p_eventid
    AND  eb.status  IN ('pending'::eventbookingstatus, 'joined'::eventbookingstatus);

  IF v_count >= v_cap THEN
    RAISE EXCEPTION 'EVENT_FULL: event % has reached capacity (%/%)', p_eventid, v_count, v_cap
      USING ERRCODE = 'P0023';
  END IF;

  -- ── 4. Prevent duplicate active booking ──────────────────────────────────
  IF EXISTS (
    SELECT 1
    FROM   eventbooking eb
    WHERE  eb.eventid       = p_eventid
      AND  eb.userid        = p_userid
      AND  eb.bookingstatus <> 'cancelled'::sessionstatus
  ) THEN
    RAISE EXCEPTION 'ALREADY_JOINED: user % already has an active booking for event %',
      p_userid, p_eventid
      USING ERRCODE = 'P0024';
  END IF;

  -- ── 5. Determine booking approval status ─────────────────────────────────
  v_new_status := CASE
    WHEN v_auto_approve THEN 'joined'::eventbookingstatus
    ELSE                     'pending'::eventbookingstatus
  END;

  -- ── 6. Insert event booking ───────────────────────────────────────────────
  INSERT INTO eventbooking (eventid, userid, paymentid, status, bookingstatus, note)
  VALUES (p_eventid, p_userid, p_paymentid, v_new_status, 'upcoming'::sessionstatus, p_note)
  RETURNING eventbooking.eventbookingid INTO v_new_id;

  RETURN QUERY SELECT v_new_id, v_new_status;
END;
","CREATE OR REPLACE FUNCTION public.rpc_join_event(p_eventid integer, p_userid integer, p_paymentid integer DEFAULT NULL::integer, p_note text DEFAULT NULL::text)
 RETURNS TABLE(out_eventbookingid integer, out_booking_status eventbookingstatus)
 LANGUAGE plpgsql
 SECURITY DEFINER
 SET search_path TO 'public'
AS $function$
DECLARE
  v_event_status  public.eventstatus;
  v_join_status   boolean;
  v_auto_approve  boolean;
  v_cap           int;
  v_count         int;
  v_new_status    public.eventbookingstatus;
  v_new_id        int;
BEGIN
  -- ── 1. Lock the events row ───────────────────────────────────────────────
  --  Any concurrent join call for the same event will wait here, guaranteeing
  --  that the capacity check in step 3 is never racy.
  SELECT e.status
  INTO   v_event_status
  FROM   events e
  WHERE  e.eventid = p_eventid
  FOR UPDATE;

  IF NOT FOUND THEN
    RAISE EXCEPTION 'EVENT_NOT_FOUND: eventid % does not exist', p_eventid
      USING ERRCODE = 'P0020';
  END IF;

  IF v_event_status <> 'upcoming'::eventstatus THEN
    RAISE EXCEPTION 'EVENT_NOT_JOINABLE: event % has status ""%""', p_eventid, v_event_status
      USING ERRCODE = 'P0021';
  END IF;

  -- ── 2. Read capacity / approval rules ────────────────────────────────────
  SELECT COALESCE(ei.participants_cap, 0),
         COALESCE(ei.join_status,      true),
         COALESCE(ei.auto_approve,     false)
  INTO   v_cap, v_join_status, v_auto_approve
  FROM   eventinfo ei
  WHERE  ei.eventid = p_eventid
  LIMIT  1;

  IF NOT FOUND THEN
    RAISE EXCEPTION 'EVENT_INFO_MISSING: no eventinfo row for eventid %', p_eventid
      USING ERRCODE = 'P0025';
  END IF;

  IF NOT v_join_status THEN
    RAISE EXCEPTION 'EVENT_CLOSED: event % is not accepting new participants', p_eventid
      USING ERRCODE = 'P0022';
  END IF;

  -- ── 3. Count active participants (pending + joined, not cancelled) ────────
  SELECT COUNT(*)
  INTO   v_count
  FROM   eventbooking eb
  WHERE  eb.eventid = p_eventid
    AND  eb.status  IN ('pending'::eventbookingstatus, 'joined'::eventbookingstatus);

  IF v_count >= v_cap THEN
    RAISE EXCEPTION 'EVENT_FULL: event % has reached capacity (%/%)', p_eventid, v_count, v_cap
      USING ERRCODE = 'P0023';
  END IF;

  -- ── 4. Prevent duplicate active booking ──────────────────────────────────
  IF EXISTS (
    SELECT 1
    FROM   eventbooking eb
    WHERE  eb.eventid       = p_eventid
      AND  eb.userid        = p_userid
      AND  eb.bookingstatus <> 'cancelled'::sessionstatus
  ) THEN
    RAISE EXCEPTION 'ALREADY_JOINED: user % already has an active booking for event %',
      p_userid, p_eventid
      USING ERRCODE = 'P0024';
  END IF;

  -- ── 5. Determine booking approval status ─────────────────────────────────
  v_new_status := CASE
    WHEN v_auto_approve THEN 'joined'::eventbookingstatus
    ELSE                     'pending'::eventbookingstatus
  END;

  -- ── 6. Insert event booking ───────────────────────────────────────────────
  INSERT INTO eventbooking (eventid, userid, paymentid, status, bookingstatus, note)
  VALUES (p_eventid, p_userid, p_paymentid, v_new_status, 'upcoming'::sessionstatus, p_note)
  RETURNING eventbooking.eventbookingid INTO v_new_id;

  RETURN QUERY SELECT v_new_id, v_new_status;
END;
$function$
"
rpc_join_training_session,"p_sessionid integer, p_userid integer, p_paymentid integer DEFAULT NULL::integer, p_note text DEFAULT NULL::text","TABLE(out_tsbookingid integer, out_booking_status tsbookingstatus)",plpgsql,"
DECLARE
  v_session_status  public.sessionstatus;
  v_join_status     boolean;
  v_cap             int;
  v_count           int;
  v_new_id          int;
BEGIN
  -- ── 1. Lock the trainingsessions row ─────────────────────────────────────
  SELECT ts.status
  INTO   v_session_status
  FROM   trainingsessions ts
  WHERE  ts.sessionid = p_sessionid
  FOR UPDATE;

  IF NOT FOUND THEN
    RAISE EXCEPTION 'SESSION_NOT_FOUND: sessionid % does not exist', p_sessionid
      USING ERRCODE = 'P0030';
  END IF;

  IF v_session_status <> 'upcoming'::sessionstatus THEN
    RAISE EXCEPTION 'SESSION_NOT_JOINABLE: session % has status ""%""', p_sessionid, v_session_status
      USING ERRCODE = 'P0031';
  END IF;

  -- ── 2. Read capacity / join rules ─────────────────────────────────────────
  SELECT COALESCE(tsi.participants_cap, 0),
         COALESCE(tsi.join_status,      true)
  INTO   v_cap, v_join_status
  FROM   trainingsessioninfo tsi
  WHERE  tsi.sessionid = p_sessionid
  LIMIT  1;

  IF NOT FOUND THEN
    RAISE EXCEPTION 'SESSION_INFO_MISSING: no trainingsessioninfo row for sessionid %', p_sessionid
      USING ERRCODE = 'P0035';
  END IF;

  IF NOT v_join_status THEN
    RAISE EXCEPTION 'SESSION_CLOSED: training session % is not accepting new participants', p_sessionid
      USING ERRCODE = 'P0032';
  END IF;

  -- ── 3. Count active participants (pending + joined) ───────────────────────
  SELECT COUNT(*)
  INTO   v_count
  FROM   tsbookings tb
  WHERE  tb.sessionid = p_sessionid
    AND  tb.status    IN ('pending'::tbookingstatus, 'joined'::tbookingstatus);

  IF v_count >= v_cap THEN
    RAISE EXCEPTION 'SESSION_FULL: session % has reached capacity (%/%)', p_sessionid, v_count, v_cap
      USING ERRCODE = 'P0033';
  END IF;

  -- ── 4. Prevent duplicate active booking ──────────────────────────────────
  IF EXISTS (
    SELECT 1
    FROM   tsbookings tb
    WHERE  tb.sessionid    = p_sessionid
      AND  tb.userid       = p_userid
      AND  tb.bookingstatus <> 'cancelled'::sessionstatus
  ) THEN
    RAISE EXCEPTION 'ALREADY_JOINED: user % already has an active booking for session %',
      p_userid, p_sessionid
      USING ERRCODE = 'P0034';
  END IF;

  -- ── 5. Insert training booking (always pending — trainingsessioninfo has no auto_approve) ──
  INSERT INTO tsbookings (sessionid, userid, paymentid, status, bookingstatus, note)
  VALUES (p_sessionid, p_userid, p_paymentid, 'pending'::tbookingstatus, 'upcoming'::sessionstatus, p_note)
  RETURNING tsbookings.tsbookingid INTO v_new_id;

  RETURN QUERY SELECT v_new_id, 'pending'::tbookingstatus;
END;
","CREATE OR REPLACE FUNCTION public.rpc_join_training_session(p_sessionid integer, p_userid integer, p_paymentid integer DEFAULT NULL::integer, p_note text DEFAULT NULL::text)
 RETURNS TABLE(out_tsbookingid integer, out_booking_status tsbookingstatus)
 LANGUAGE plpgsql
 SECURITY DEFINER
 SET search_path TO 'public'
AS $function$
DECLARE
  v_session_status  public.sessionstatus;
  v_join_status     boolean;
  v_cap             int;
  v_count           int;
  v_new_id          int;
BEGIN
  -- ── 1. Lock the trainingsessions row ─────────────────────────────────────
  SELECT ts.status
  INTO   v_session_status
  FROM   trainingsessions ts
  WHERE  ts.sessionid = p_sessionid
  FOR UPDATE;

  IF NOT FOUND THEN
    RAISE EXCEPTION 'SESSION_NOT_FOUND: sessionid % does not exist', p_sessionid
      USING ERRCODE = 'P0030';
  END IF;

  IF v_session_status <> 'upcoming'::sessionstatus THEN
    RAISE EXCEPTION 'SESSION_NOT_JOINABLE: session % has status ""%""', p_sessionid, v_session_status
      USING ERRCODE = 'P0031';
  END IF;

  -- ── 2. Read capacity / join rules ─────────────────────────────────────────
  SELECT COALESCE(tsi.participants_cap, 0),
         COALESCE(tsi.join_status,      true)
  INTO   v_cap, v_join_status
  FROM   trainingsessioninfo tsi
  WHERE  tsi.sessionid = p_sessionid
  LIMIT  1;

  IF NOT FOUND THEN
    RAISE EXCEPTION 'SESSION_INFO_MISSING: no trainingsessioninfo row for sessionid %', p_sessionid
      USING ERRCODE = 'P0035';
  END IF;

  IF NOT v_join_status THEN
    RAISE EXCEPTION 'SESSION_CLOSED: training session % is not accepting new participants', p_sessionid
      USING ERRCODE = 'P0032';
  END IF;

  -- ── 3. Count active participants (pending + joined) ───────────────────────
  SELECT COUNT(*)
  INTO   v_count
  FROM   tsbookings tb
  WHERE  tb.sessionid = p_sessionid
    AND  tb.status    IN ('pending'::tbookingstatus, 'joined'::tbookingstatus);

  IF v_count >= v_cap THEN
    RAISE EXCEPTION 'SESSION_FULL: session % has reached capacity (%/%)', p_sessionid, v_count, v_cap
      USING ERRCODE = 'P0033';
  END IF;

  -- ── 4. Prevent duplicate active booking ──────────────────────────────────
  IF EXISTS (
    SELECT 1
    FROM   tsbookings tb
    WHERE  tb.sessionid    = p_sessionid
      AND  tb.userid       = p_userid
      AND  tb.bookingstatus <> 'cancelled'::sessionstatus
  ) THEN
    RAISE EXCEPTION 'ALREADY_JOINED: user % already has an active booking for session %',
      p_userid, p_sessionid
      USING ERRCODE = 'P0034';
  END IF;

  -- ── 5. Insert training booking (always pending — trainingsessioninfo has no auto_approve) ──
  INSERT INTO tsbookings (sessionid, userid, paymentid, status, bookingstatus, note)
  VALUES (p_sessionid, p_userid, p_paymentid, 'pending'::tbookingstatus, 'upcoming'::sessionstatus, p_note)
  RETURNING tsbookings.tsbookingid INTO v_new_id;

  RETURN QUERY SELECT v_new_id, 'pending'::tbookingstatus;
END;
$function$
"
rpc_upsert_review_reaction,"p_userid integer, p_reviewid integer, p_reaction review_reaction_type DEFAULT NULL::review_reaction_type",void,plpgsql,"
DECLARE
  v_targettype   public.reviewtargettype;
  v_targetid     int;
  v_old_reaction public.review_reaction_type;
BEGIN
  SELECT r.targettype, r.targetid
  INTO   v_targettype, v_targetid
  FROM   public.reviews r
  WHERE  r.reviewid = p_reviewid
  FOR SHARE;

  IF NOT FOUND THEN
    RAISE EXCEPTION 'REVIEW_NOT_FOUND: reviewid %', p_reviewid
      USING ERRCODE = 'P0003';
  END IF;

  IF NOT public.has_completed_booking(p_userid, v_targettype, v_targetid) THEN
    RAISE EXCEPTION
      'REACTION_NOT_ELIGIBLE: user % has no completed booking for % id=%',
      p_userid, v_targettype, v_targetid
      USING ERRCODE = 'P0001';
  END IF;

  SELECT rr.reaction
  INTO   v_old_reaction
  FROM   public.review_reactions rr
  WHERE  rr.reviewid = p_reviewid
    AND  rr.userid   = p_userid;

  IF p_reaction IS NULL THEN
    DELETE FROM public.review_reactions
    WHERE  reviewid = p_reviewid AND userid = p_userid;

    IF v_old_reaction = 'like' THEN
      UPDATE public.reviews SET like_count    = GREATEST(0, like_count    - 1) WHERE public.reviews.reviewid = p_reviewid;
    ELSIF v_old_reaction = 'dislike' THEN
      UPDATE public.reviews SET dislike_count = GREATEST(0, dislike_count - 1) WHERE public.reviews.reviewid = p_reviewid;
    END IF;

  ELSE
    INSERT INTO public.review_reactions (reviewid, userid, reaction)
    VALUES (p_reviewid, p_userid, p_reaction)
    ON CONFLICT (reviewid, userid)
    DO UPDATE SET reaction = EXCLUDED.reaction, created_at = now();

    IF v_old_reaction IS DISTINCT FROM p_reaction THEN
      IF v_old_reaction = 'like' THEN
        UPDATE public.reviews SET like_count    = GREATEST(0, like_count    - 1) WHERE public.reviews.reviewid = p_reviewid;
      ELSIF v_old_reaction = 'dislike' THEN
        UPDATE public.reviews SET dislike_count = GREATEST(0, dislike_count - 1) WHERE public.reviews.reviewid = p_reviewid;
      END IF;
      IF p_reaction = 'like' THEN
        UPDATE public.reviews SET like_count    = like_count    + 1 WHERE public.reviews.reviewid = p_reviewid;
      ELSIF p_reaction = 'dislike' THEN
        UPDATE public.reviews SET dislike_count = dislike_count + 1 WHERE public.reviews.reviewid = p_reviewid;
      END IF;
    END IF;
  END IF;
END;
","CREATE OR REPLACE FUNCTION public.rpc_upsert_review_reaction(p_userid integer, p_reviewid integer, p_reaction review_reaction_type DEFAULT NULL::review_reaction_type)
 RETURNS void
 LANGUAGE plpgsql
 SECURITY DEFINER
 SET search_path TO 'public'
AS $function$
DECLARE
  v_targettype   public.reviewtargettype;
  v_targetid     int;
  v_old_reaction public.review_reaction_type;
BEGIN
  SELECT r.targettype, r.targetid
  INTO   v_targettype, v_targetid
  FROM   public.reviews r
  WHERE  r.reviewid = p_reviewid
  FOR SHARE;

  IF NOT FOUND THEN
    RAISE EXCEPTION 'REVIEW_NOT_FOUND: reviewid %', p_reviewid
      USING ERRCODE = 'P0003';
  END IF;

  IF NOT public.has_completed_booking(p_userid, v_targettype, v_targetid) THEN
    RAISE EXCEPTION
      'REACTION_NOT_ELIGIBLE: user % has no completed booking for % id=%',
      p_userid, v_targettype, v_targetid
      USING ERRCODE = 'P0001';
  END IF;

  SELECT rr.reaction
  INTO   v_old_reaction
  FROM   public.review_reactions rr
  WHERE  rr.reviewid = p_reviewid
    AND  rr.userid   = p_userid;

  IF p_reaction IS NULL THEN
    DELETE FROM public.review_reactions
    WHERE  reviewid = p_reviewid AND userid = p_userid;

    IF v_old_reaction = 'like' THEN
      UPDATE public.reviews SET like_count    = GREATEST(0, like_count    - 1) WHERE public.reviews.reviewid = p_reviewid;
    ELSIF v_old_reaction = 'dislike' THEN
      UPDATE public.reviews SET dislike_count = GREATEST(0, dislike_count - 1) WHERE public.reviews.reviewid = p_reviewid;
    END IF;

  ELSE
    INSERT INTO public.review_reactions (reviewid, userid, reaction)
    VALUES (p_reviewid, p_userid, p_reaction)
    ON CONFLICT (reviewid, userid)
    DO UPDATE SET reaction = EXCLUDED.reaction, created_at = now();

    IF v_old_reaction IS DISTINCT FROM p_reaction THEN
      IF v_old_reaction = 'like' THEN
        UPDATE public.reviews SET like_count    = GREATEST(0, like_count    - 1) WHERE public.reviews.reviewid = p_reviewid;
      ELSIF v_old_reaction = 'dislike' THEN
        UPDATE public.reviews SET dislike_count = GREATEST(0, dislike_count - 1) WHERE public.reviews.reviewid = p_reviewid;
      END IF;
      IF p_reaction = 'like' THEN
        UPDATE public.reviews SET like_count    = like_count    + 1 WHERE public.reviews.reviewid = p_reviewid;
      ELSIF p_reaction = 'dislike' THEN
        UPDATE public.reviews SET dislike_count = dislike_count + 1 WHERE public.reviews.reviewid = p_reviewid;
      END IF;
    END IF;
  END IF;
END;
$function$
"
set_courtbooking_duration,,trigger,plpgsql,"
BEGIN
  IF NEW.duration_minutes IS NULL THEN
    NEW.duration_minutes := EXTRACT(EPOCH FROM (NEW.end_timestamp - NEW.start_timestamp))::int / 60;
  END IF;
  RETURN NEW;
END;
","CREATE OR REPLACE FUNCTION public.set_courtbooking_duration()
 RETURNS trigger
 LANGUAGE plpgsql
AS $function$
BEGIN
  IF NEW.duration_minutes IS NULL THEN
    NEW.duration_minutes := EXTRACT(EPOCH FROM (NEW.end_timestamp - NEW.start_timestamp))::int / 60;
  END IF;
  RETURN NEW;
END;
$function$
"
spheroid_in,cstring,spheroid,c,ellipsoid_in,"CREATE OR REPLACE FUNCTION public.spheroid_in(cstring)
 RETURNS spheroid
 LANGUAGE c
 IMMUTABLE PARALLEL SAFE STRICT
AS '$libdir/postgis-3', $function$ellipsoid_in$function$
"
spheroid_out,spheroid,cstring,c,ellipsoid_out,"CREATE OR REPLACE FUNCTION public.spheroid_out(spheroid)
 RETURNS cstring
 LANGUAGE c
 IMMUTABLE PARALLEL SAFE STRICT
AS '$libdir/postgis-3', $function$ellipsoid_out$function$
"
st_3dclosestpoint,"geom1 geometry, geom2 geometry",geometry,c,LWGEOM_closestpoint3d,"CREATE OR REPLACE FUNCTION public.st_3dclosestpoint(geom1 geometry, geom2 geometry)
 RETURNS geometry
 LANGUAGE c
 IMMUTABLE PARALLEL SAFE STRICT COST 500
AS '$libdir/postgis-3', $function$LWGEOM_closestpoint3d$function$
"
st_3ddfullywithin,"geom1 geometry, geom2 geometry, double precision",boolean,c,LWGEOM_dfullywithin3d,"CREATE OR REPLACE FUNCTION public.st_3ddfullywithin(geom1 geometry, geom2 geometry, double precision)
 RETURNS boolean
 LANGUAGE c
 IMMUTABLE PARALLEL SAFE STRICT COST 10000 SUPPORT postgis_index_supportfn
AS '$libdir/postgis-3', $function$LWGEOM_dfullywithin3d$function$
"
st_3ddistance,"geom1 geometry, geom2 geometry",double precision,c,ST_3DDistance,"CREATE OR REPLACE FUNCTION public.st_3ddistance(geom1 geometry, geom2 geometry)
 RETURNS double precision
 LANGUAGE c
 IMMUTABLE PARALLEL SAFE STRICT COST 500
AS '$libdir/postgis-3', $function$ST_3DDistance$function$
"
st_3ddwithin,"geom1 geometry, geom2 geometry, double precision",boolean,c,LWGEOM_dwithin3d,"CREATE OR REPLACE FUNCTION public.st_3ddwithin(geom1 geometry, geom2 geometry, double precision)
 RETURNS boolean
 LANGUAGE c
 IMMUTABLE PARALLEL SAFE STRICT COST 10000 SUPPORT postgis_index_supportfn
AS '$libdir/postgis-3', $function$LWGEOM_dwithin3d$function$
"
st_3dintersects,"geom1 geometry, geom2 geometry",boolean,c,ST_3DIntersects,"CREATE OR REPLACE FUNCTION public.st_3dintersects(geom1 geometry, geom2 geometry)
 RETURNS boolean
 LANGUAGE c
 IMMUTABLE PARALLEL SAFE STRICT COST 10000 SUPPORT postgis_index_supportfn
AS '$libdir/postgis-3', $function$ST_3DIntersects$function$
"
st_3dlength,geometry,double precision,c,LWGEOM_length_linestring,"CREATE OR REPLACE FUNCTION public.st_3dlength(geometry)
 RETURNS double precision
 LANGUAGE c
 IMMUTABLE PARALLEL SAFE STRICT COST 50
AS '$libdir/postgis-3', $function$LWGEOM_length_linestring$function$
"
st_3dlineinterpolatepoint,"geometry, double precision",geometry,c,ST_3DLineInterpolatePoint,"CREATE OR REPLACE FUNCTION public.st_3dlineinterpolatepoint(geometry, double precision)
 RETURNS geometry
 LANGUAGE c
 IMMUTABLE PARALLEL SAFE STRICT COST 50
AS '$libdir/postgis-3', $function$ST_3DLineInterpolatePoint$function$
"
st_3dlongestline,"geom1 geometry, geom2 geometry",geometry,c,LWGEOM_longestline3d,"CREATE OR REPLACE FUNCTION public.st_3dlongestline(geom1 geometry, geom2 geometry)
 RETURNS geometry
 LANGUAGE c
 IMMUTABLE PARALLEL SAFE STRICT COST 500
AS '$libdir/postgis-3', $function$LWGEOM_longestline3d$function$
"
st_3dmakebox,"geom1 geometry, geom2 geometry",box3d,c,BOX3D_construct,"CREATE OR REPLACE FUNCTION public.st_3dmakebox(geom1 geometry, geom2 geometry)
 RETURNS box3d
 LANGUAGE c
 IMMUTABLE PARALLEL SAFE STRICT COST 50
AS '$libdir/postgis-3', $function$BOX3D_construct$function$
"
st_3dmaxdistance,"geom1 geometry, geom2 geometry",double precision,c,LWGEOM_maxdistance3d,"CREATE OR REPLACE FUNCTION public.st_3dmaxdistance(geom1 geometry, geom2 geometry)
 RETURNS double precision
 LANGUAGE c
 IMMUTABLE PARALLEL SAFE STRICT COST 500
AS '$libdir/postgis-3', $function$LWGEOM_maxdistance3d$function$
"
st_3dperimeter,geometry,double precision,c,LWGEOM_perimeter_poly,"CREATE OR REPLACE FUNCTION public.st_3dperimeter(geometry)
 RETURNS double precision
 LANGUAGE c
 IMMUTABLE PARALLEL SAFE STRICT COST 50
AS '$libdir/postgis-3', $function$LWGEOM_perimeter_poly$function$
"
st_3dshortestline,"geom1 geometry, geom2 geometry",geometry,c,LWGEOM_shortestline3d,"CREATE OR REPLACE FUNCTION public.st_3dshortestline(geom1 geometry, geom2 geometry)
 RETURNS geometry
 LANGUAGE c
 IMMUTABLE PARALLEL SAFE STRICT COST 500
AS '$libdir/postgis-3', $function$LWGEOM_shortestline3d$function$
"
st_addmeasure,"geometry, double precision, double precision",geometry,c,ST_AddMeasure,"CREATE OR REPLACE FUNCTION public.st_addmeasure(geometry, double precision, double precision)
 RETURNS geometry
 LANGUAGE c
 IMMUTABLE PARALLEL SAFE STRICT COST 500
AS '$libdir/postgis-3', $function$ST_AddMeasure$function$
"
st_addpoint,"geom1 geometry, geom2 geometry",geometry,c,LWGEOM_addpoint,"CREATE OR REPLACE FUNCTION public.st_addpoint(geom1 geometry, geom2 geometry)
 RETURNS geometry
 LANGUAGE c
 IMMUTABLE PARALLEL SAFE STRICT COST 50
AS '$libdir/postgis-3', $function$LWGEOM_addpoint$function$
"
st_addpoint,"geom1 geometry, geom2 geometry, integer",geometry,c,LWGEOM_addpoint,"CREATE OR REPLACE FUNCTION public.st_addpoint(geom1 geometry, geom2 geometry, integer)
 RETURNS geometry
 LANGUAGE c
 IMMUTABLE PARALLEL SAFE STRICT COST 50
AS '$libdir/postgis-3', $function$LWGEOM_addpoint$function$
"
st_affine,"geometry, double precision, double precision, double precision, double precision, double precision, double precision, double precision, double precision, double precision, double precision, double precision, double precision",geometry,c,LWGEOM_affine,"CREATE OR REPLACE FUNCTION public.st_affine(geometry, double precision, double precision, double precision, double precision, double precision, double precision, double precision, double precision, double precision, double precision, double precision, double precision)
 RETURNS geometry
 LANGUAGE c
 IMMUTABLE PARALLEL SAFE STRICT COST 50
AS '$libdir/postgis-3', $function$LWGEOM_affine$function$
"
st_affine,"geometry, double precision, double precision, double precision, double precision, double precision, double precision",geometry,sql,"SELECT public.ST_Affine($1,  $2, $3, 0,  $4, $5, 0,  0, 0, 1,  $6, $7, 0)","CREATE OR REPLACE FUNCTION public.st_affine(geometry, double precision, double precision, double precision, double precision, double precision, double precision)
 RETURNS geometry
 LANGUAGE sql
 IMMUTABLE PARALLEL SAFE STRICT COST 50
AS $function$SELECT public.ST_Affine($1,  $2, $3, 0,  $4, $5, 0,  0, 0, 1,  $6, $7, 0)$function$
"
st_angle,"pt1 geometry, pt2 geometry, pt3 geometry, pt4 geometry DEFAULT '0101000000000000000000F87F000000000000F87F'::geometry",double precision,c,LWGEOM_angle,"CREATE OR REPLACE FUNCTION public.st_angle(pt1 geometry, pt2 geometry, pt3 geometry, pt4 geometry DEFAULT '0101000000000000000000F87F000000000000F87F'::geometry)
 RETURNS double precision
 LANGUAGE c
 IMMUTABLE PARALLEL SAFE STRICT COST 50
AS '$libdir/postgis-3', $function$LWGEOM_angle$function$
"
st_angle,"line1 geometry, line2 geometry",double precision,sql,"SELECT ST_Angle(St_StartPoint($1), ST_EndPoint($1), St_StartPoint($2), ST_EndPoint($2))","CREATE OR REPLACE FUNCTION public.st_angle(line1 geometry, line2 geometry)
 RETURNS double precision
 LANGUAGE sql
 IMMUTABLE PARALLEL SAFE STRICT COST 50
AS $function$SELECT ST_Angle(St_StartPoint($1), ST_EndPoint($1), St_StartPoint($2), ST_EndPoint($2))$function$
"
st_area,text,double precision,sql," SELECT public.ST_Area($1::public.geometry);  ","CREATE OR REPLACE FUNCTION public.st_area(text)
 RETURNS double precision
 LANGUAGE sql
 IMMUTABLE PARALLEL SAFE STRICT
AS $function$ SELECT public.ST_Area($1::public.geometry);  $function$
"
st_area,"geog geography, use_spheroid boolean DEFAULT true",double precision,c,geography_area,"CREATE OR REPLACE FUNCTION public.st_area(geog geography, use_spheroid boolean DEFAULT true)
 RETURNS double precision
 LANGUAGE c
 IMMUTABLE PARALLEL SAFE STRICT COST 10000
AS '$libdir/postgis-3', $function$geography_area$function$
"
st_area,geometry,double precision,c,ST_Area,"CREATE OR REPLACE FUNCTION public.st_area(geometry)
 RETURNS double precision
 LANGUAGE c
 IMMUTABLE PARALLEL SAFE STRICT COST 50
AS '$libdir/postgis-3', $function$ST_Area$function$
"
st_area2d,geometry,double precision,c,ST_Area,"CREATE OR REPLACE FUNCTION public.st_area2d(geometry)
 RETURNS double precision
 LANGUAGE c
 IMMUTABLE PARALLEL SAFE STRICT COST 50
AS '$libdir/postgis-3', $function$ST_Area$function$
"
st_asbinary,geometry,bytea,c,LWGEOM_asBinary,"CREATE OR REPLACE FUNCTION public.st_asbinary(geometry)
 RETURNS bytea
 LANGUAGE c
 IMMUTABLE PARALLEL SAFE STRICT COST 50
AS '$libdir/postgis-3', $function$LWGEOM_asBinary$function$
"
st_asbinary,geography,bytea,c,LWGEOM_asBinary,"CREATE OR REPLACE FUNCTION public.st_asbinary(geography)
 RETURNS bytea
 LANGUAGE c
 IMMUTABLE PARALLEL SAFE STRICT COST 50
AS '$libdir/postgis-3', $function$LWGEOM_asBinary$function$
"
st_asbinary,"geometry, text",bytea,c,LWGEOM_asBinary,"CREATE OR REPLACE FUNCTION public.st_asbinary(geometry, text)
 RETURNS bytea
 LANGUAGE c
 IMMUTABLE PARALLEL SAFE STRICT COST 50
AS '$libdir/postgis-3', $function$LWGEOM_asBinary$function$
"
st_asbinary,"geography, text",bytea,c,LWGEOM_asBinary,"CREATE OR REPLACE FUNCTION public.st_asbinary(geography, text)
 RETURNS bytea
 LANGUAGE c
 IMMUTABLE PARALLEL SAFE COST 50
AS '$libdir/postgis-3', $function$LWGEOM_asBinary$function$
"
st_asencodedpolyline,"geom geometry, nprecision integer DEFAULT 5",text,c,LWGEOM_asEncodedPolyline,"CREATE OR REPLACE FUNCTION public.st_asencodedpolyline(geom geometry, nprecision integer DEFAULT 5)
 RETURNS text
 LANGUAGE c
 IMMUTABLE PARALLEL SAFE STRICT COST 500
AS '$libdir/postgis-3', $function$LWGEOM_asEncodedPolyline$function$
"
st_asewkb,geometry,bytea,c,WKBFromLWGEOM,"CREATE OR REPLACE FUNCTION public.st_asewkb(geometry)
 RETURNS bytea
 LANGUAGE c
 IMMUTABLE PARALLEL SAFE STRICT COST 50
AS '$libdir/postgis-3', $function$WKBFromLWGEOM$function$
"
st_asewkb,"geometry, text",bytea,c,WKBFromLWGEOM,"CREATE OR REPLACE FUNCTION public.st_asewkb(geometry, text)
 RETURNS bytea
 LANGUAGE c
 IMMUTABLE PARALLEL SAFE STRICT COST 50
AS '$libdir/postgis-3', $function$WKBFromLWGEOM$function$
"
st_asewkt,text,text,sql," SELECT public.ST_AsEWKT($1::public.geometry);  ","CREATE OR REPLACE FUNCTION public.st_asewkt(text)
 RETURNS text
 LANGUAGE sql
 IMMUTABLE PARALLEL SAFE STRICT COST 500
AS $function$ SELECT public.ST_AsEWKT($1::public.geometry);  $function$
"
st_asewkt,"geometry, integer",text,c,LWGEOM_asEWKT,"CREATE OR REPLACE FUNCTION public.st_asewkt(geometry, integer)
 RETURNS text
 LANGUAGE c
 IMMUTABLE PARALLEL SAFE STRICT COST 500
AS '$libdir/postgis-3', $function$LWGEOM_asEWKT$function$
"
st_asewkt,geometry,text,c,LWGEOM_asEWKT,"CREATE OR REPLACE FUNCTION public.st_asewkt(geometry)
 RETURNS text
 LANGUAGE c
 IMMUTABLE PARALLEL SAFE STRICT COST 500
AS '$libdir/postgis-3', $function$LWGEOM_asEWKT$function$
"
st_asewkt,"geography, integer",text,c,LWGEOM_asEWKT,"CREATE OR REPLACE FUNCTION public.st_asewkt(geography, integer)
 RETURNS text
 LANGUAGE c
 IMMUTABLE PARALLEL SAFE STRICT COST 500
AS '$libdir/postgis-3', $function$LWGEOM_asEWKT$function$
"
st_asewkt,geography,text,c,LWGEOM_asEWKT,"CREATE OR REPLACE FUNCTION public.st_asewkt(geography)
 RETURNS text
 LANGUAGE c
 IMMUTABLE PARALLEL SAFE STRICT COST 500
AS '$libdir/postgis-3', $function$LWGEOM_asEWKT$function$
"
st_asgeojson,"geog geography, maxdecimaldigits integer DEFAULT 9, options integer DEFAULT 0",text,c,geography_as_geojson,"CREATE OR REPLACE FUNCTION public.st_asgeojson(geog geography, maxdecimaldigits integer DEFAULT 9, options integer DEFAULT 0)
 RETURNS text
 LANGUAGE c
 IMMUTABLE PARALLEL SAFE STRICT COST 500
AS '$libdir/postgis-3', $function$geography_as_geojson$function$
"
st_asgeojson,text,text,sql," SELECT public.ST_AsGeoJson($1::public.geometry, 9, 0);  ","CREATE OR REPLACE FUNCTION public.st_asgeojson(text)
 RETURNS text
 LANGUAGE sql
 IMMUTABLE PARALLEL SAFE STRICT COST 500
AS $function$ SELECT public.ST_AsGeoJson($1::public.geometry, 9, 0);  $function$
"
st_asgeojson,"r record, geom_column text DEFAULT ''::text, maxdecimaldigits integer DEFAULT 9, pretty_bool boolean DEFAULT false",text,c,ST_AsGeoJsonRow,"CREATE OR REPLACE FUNCTION public.st_asgeojson(r record, geom_column text DEFAULT ''::text, maxdecimaldigits integer DEFAULT 9, pretty_bool boolean DEFAULT false)
 RETURNS text
 LANGUAGE c
 STABLE PARALLEL SAFE STRICT COST 500
AS '$libdir/postgis-3', $function$ST_AsGeoJsonRow$function$
"
st_asgeojson,"geom geometry, maxdecimaldigits integer DEFAULT 9, options integer DEFAULT 8",text,c,LWGEOM_asGeoJson,"CREATE OR REPLACE FUNCTION public.st_asgeojson(geom geometry, maxdecimaldigits integer DEFAULT 9, options integer DEFAULT 8)
 RETURNS text
 LANGUAGE c
 IMMUTABLE PARALLEL SAFE STRICT COST 500
AS '$libdir/postgis-3', $function$LWGEOM_asGeoJson$function$
"
st_asgml,"version integer, geom geometry, maxdecimaldigits integer DEFAULT 15, options integer DEFAULT 0, nprefix text DEFAULT NULL::text, id text DEFAULT NULL::text",text,c,LWGEOM_asGML,"CREATE OR REPLACE FUNCTION public.st_asgml(version integer, geom geometry, maxdecimaldigits integer DEFAULT 15, options integer DEFAULT 0, nprefix text DEFAULT NULL::text, id text DEFAULT NULL::text)
 RETURNS text
 LANGUAGE c
 IMMUTABLE PARALLEL SAFE COST 500
AS '$libdir/postgis-3', $function$LWGEOM_asGML$function$
"
st_asgml,"version integer, geog geography, maxdecimaldigits integer DEFAULT 15, options integer DEFAULT 0, nprefix text DEFAULT 'gml'::text, id text DEFAULT ''::text",text,c,geography_as_gml,"CREATE OR REPLACE FUNCTION public.st_asgml(version integer, geog geography, maxdecimaldigits integer DEFAULT 15, options integer DEFAULT 0, nprefix text DEFAULT 'gml'::text, id text DEFAULT ''::text)
 RETURNS text
 LANGUAGE c
 IMMUTABLE PARALLEL SAFE STRICT COST 500
AS '$libdir/postgis-3', $function$geography_as_gml$function$
"
st_asgml,"geom geometry, maxdecimaldigits integer DEFAULT 15, options integer DEFAULT 0",text,c,LWGEOM_asGML,"CREATE OR REPLACE FUNCTION public.st_asgml(geom geometry, maxdecimaldigits integer DEFAULT 15, options integer DEFAULT 0)
 RETURNS text
 LANGUAGE c
 IMMUTABLE PARALLEL SAFE COST 500
AS '$libdir/postgis-3', $function$LWGEOM_asGML$function$
"
st_asgml,text,text,sql," SELECT public._ST_AsGML(2,$1::public.geometry,15,0, NULL, NULL);  ","CREATE OR REPLACE FUNCTION public.st_asgml(text)
 RETURNS text
 LANGUAGE sql
 IMMUTABLE PARALLEL SAFE STRICT COST 500
AS $function$ SELECT public._ST_AsGML(2,$1::public.geometry,15,0, NULL, NULL);  $function$
"
st_asgml,"geog geography, maxdecimaldigits integer DEFAULT 15, options integer DEFAULT 0, nprefix text DEFAULT 'gml'::text, id text DEFAULT ''::text",text,c,geography_as_gml,"CREATE OR REPLACE FUNCTION public.st_asgml(geog geography, maxdecimaldigits integer DEFAULT 15, options integer DEFAULT 0, nprefix text DEFAULT 'gml'::text, id text DEFAULT ''::text)
 RETURNS text
 LANGUAGE c
 IMMUTABLE PARALLEL SAFE STRICT COST 500
AS '$libdir/postgis-3', $function$geography_as_gml$function$
"
st_ashexewkb,"geometry, text",text,c,LWGEOM_asHEXEWKB,"CREATE OR REPLACE FUNCTION public.st_ashexewkb(geometry, text)
 RETURNS text
 LANGUAGE c
 IMMUTABLE PARALLEL SAFE STRICT COST 50
AS '$libdir/postgis-3', $function$LWGEOM_asHEXEWKB$function$
"
st_ashexewkb,geometry,text,c,LWGEOM_asHEXEWKB,"CREATE OR REPLACE FUNCTION public.st_ashexewkb(geometry)
 RETURNS text
 LANGUAGE c
 IMMUTABLE PARALLEL SAFE STRICT COST 50
AS '$libdir/postgis-3', $function$LWGEOM_asHEXEWKB$function$
"
st_askml,text,text,sql," SELECT public.ST_AsKML($1::public.geometry, 15);  ","CREATE OR REPLACE FUNCTION public.st_askml(text)
 RETURNS text
 LANGUAGE sql
 IMMUTABLE PARALLEL SAFE STRICT COST 500
AS $function$ SELECT public.ST_AsKML($1::public.geometry, 15);  $function$
"
st_askml,"geom geometry, maxdecimaldigits integer DEFAULT 15, nprefix text DEFAULT ''::text",text,c,LWGEOM_asKML,"CREATE OR REPLACE FUNCTION public.st_askml(geom geometry, maxdecimaldigits integer DEFAULT 15, nprefix text DEFAULT ''::text)
 RETURNS text
 LANGUAGE c
 IMMUTABLE PARALLEL SAFE STRICT COST 500
AS '$libdir/postgis-3', $function$LWGEOM_asKML$function$
"
st_askml,"geog geography, maxdecimaldigits integer DEFAULT 15, nprefix text DEFAULT ''::text",text,c,geography_as_kml,"CREATE OR REPLACE FUNCTION public.st_askml(geog geography, maxdecimaldigits integer DEFAULT 15, nprefix text DEFAULT ''::text)
 RETURNS text
 LANGUAGE c
 IMMUTABLE PARALLEL SAFE STRICT COST 500
AS '$libdir/postgis-3', $function$geography_as_kml$function$
"
st_aslatlontext,"geom geometry, tmpl text DEFAULT ''::text",text,c,LWGEOM_to_latlon,"CREATE OR REPLACE FUNCTION public.st_aslatlontext(geom geometry, tmpl text DEFAULT ''::text)
 RETURNS text
 LANGUAGE c
 IMMUTABLE PARALLEL SAFE STRICT COST 50
AS '$libdir/postgis-3', $function$LWGEOM_to_latlon$function$
"
st_asmarc21,"geom geometry, format text DEFAULT 'hdddmmss'::text",text,c,ST_AsMARC21,"CREATE OR REPLACE FUNCTION public.st_asmarc21(geom geometry, format text DEFAULT 'hdddmmss'::text)
 RETURNS text
 LANGUAGE c
 IMMUTABLE PARALLEL SAFE STRICT COST 500
AS '$libdir/postgis-3', $function$ST_AsMARC21$function$
"
st_asmvtgeom,"geom geometry, bounds box2d, extent integer DEFAULT 4096, buffer integer DEFAULT 256, clip_geom boolean DEFAULT true",geometry,c,ST_AsMVTGeom,"CREATE OR REPLACE FUNCTION public.st_asmvtgeom(geom geometry, bounds box2d, extent integer DEFAULT 4096, buffer integer DEFAULT 256, clip_geom boolean DEFAULT true)
 RETURNS geometry
 LANGUAGE c
 IMMUTABLE PARALLEL SAFE COST 500
AS '$libdir/postgis-3', $function$ST_AsMVTGeom$function$
"
st_assvg,"geog geography, rel integer DEFAULT 0, maxdecimaldigits integer DEFAULT 15",text,c,geography_as_svg,"CREATE OR REPLACE FUNCTION public.st_assvg(geog geography, rel integer DEFAULT 0, maxdecimaldigits integer DEFAULT 15)
 RETURNS text
 LANGUAGE c
 IMMUTABLE PARALLEL SAFE STRICT COST 500
AS '$libdir/postgis-3', $function$geography_as_svg$function$
"
st_assvg,"geom geometry, rel integer DEFAULT 0, maxdecimaldigits integer DEFAULT 15",text,c,LWGEOM_asSVG,"CREATE OR REPLACE FUNCTION public.st_assvg(geom geometry, rel integer DEFAULT 0, maxdecimaldigits integer DEFAULT 15)
 RETURNS text
 LANGUAGE c
 IMMUTABLE PARALLEL SAFE STRICT COST 500
AS '$libdir/postgis-3', $function$LWGEOM_asSVG$function$
"
st_assvg,text,text,sql," SELECT public.ST_AsSVG($1::public.geometry,0,15);  ","CREATE OR REPLACE FUNCTION public.st_assvg(text)
 RETURNS text
 LANGUAGE sql
 IMMUTABLE PARALLEL SAFE STRICT COST 500
AS $function$ SELECT public.ST_AsSVG($1::public.geometry,0,15);  $function$
"
st_astext,text,text,sql," SELECT public.ST_AsText($1::public.geometry);  ","CREATE OR REPLACE FUNCTION public.st_astext(text)
 RETURNS text
 LANGUAGE sql
 IMMUTABLE PARALLEL SAFE STRICT COST 500
AS $function$ SELECT public.ST_AsText($1::public.geometry);  $function$
"
st_astext,geometry,text,c,LWGEOM_asText,"CREATE OR REPLACE FUNCTION public.st_astext(geometry)
 RETURNS text
 LANGUAGE c
 IMMUTABLE PARALLEL SAFE STRICT COST 500
AS '$libdir/postgis-3', $function$LWGEOM_asText$function$
"
st_astext,"geometry, integer",text,c,LWGEOM_asText,"CREATE OR REPLACE FUNCTION public.st_astext(geometry, integer)
 RETURNS text
 LANGUAGE c
 IMMUTABLE PARALLEL SAFE STRICT COST 500
AS '$libdir/postgis-3', $function$LWGEOM_asText$function$
"
st_astext,geography,text,c,LWGEOM_asText,"CREATE OR REPLACE FUNCTION public.st_astext(geography)
 RETURNS text
 LANGUAGE c
 IMMUTABLE PARALLEL SAFE STRICT COST 500
AS '$libdir/postgis-3', $function$LWGEOM_asText$function$
"
st_astext,"geography, integer",text,c,LWGEOM_asText,"CREATE OR REPLACE FUNCTION public.st_astext(geography, integer)
 RETURNS text
 LANGUAGE c
 IMMUTABLE PARALLEL SAFE STRICT COST 500
AS '$libdir/postgis-3', $function$LWGEOM_asText$function$
"
st_astwkb,"geom geometry[], ids bigint[], prec integer DEFAULT NULL::integer, prec_z integer DEFAULT NULL::integer, prec_m integer DEFAULT NULL::integer, with_sizes boolean DEFAULT NULL::boolean, with_boxes boolean DEFAULT NULL::boolean",bytea,c,TWKBFromLWGEOMArray,"CREATE OR REPLACE FUNCTION public.st_astwkb(geom geometry[], ids bigint[], prec integer DEFAULT NULL::integer, prec_z integer DEFAULT NULL::integer, prec_m integer DEFAULT NULL::integer, with_sizes boolean DEFAULT NULL::boolean, with_boxes boolean DEFAULT NULL::boolean)
 RETURNS bytea
 LANGUAGE c
 IMMUTABLE PARALLEL SAFE COST 50
AS '$libdir/postgis-3', $function$TWKBFromLWGEOMArray$function$
"
st_astwkb,"geom geometry, prec integer DEFAULT NULL::integer, prec_z integer DEFAULT NULL::integer, prec_m integer DEFAULT NULL::integer, with_sizes boolean DEFAULT NULL::boolean, with_boxes boolean DEFAULT NULL::boolean",bytea,c,TWKBFromLWGEOM,"CREATE OR REPLACE FUNCTION public.st_astwkb(geom geometry, prec integer DEFAULT NULL::integer, prec_z integer DEFAULT NULL::integer, prec_m integer DEFAULT NULL::integer, with_sizes boolean DEFAULT NULL::boolean, with_boxes boolean DEFAULT NULL::boolean)
 RETURNS bytea
 LANGUAGE c
 IMMUTABLE PARALLEL SAFE COST 50
AS '$libdir/postgis-3', $function$TWKBFromLWGEOM$function$
"
st_asx3d,"geom geometry, maxdecimaldigits integer DEFAULT 15, options integer DEFAULT 0",text,sql,"SELECT public._ST_AsX3D(3,$1,$2,$3,'');","CREATE OR REPLACE FUNCTION public.st_asx3d(geom geometry, maxdecimaldigits integer DEFAULT 15, options integer DEFAULT 0)
 RETURNS text
 LANGUAGE sql
 IMMUTABLE PARALLEL SAFE COST 500
AS $function$SELECT public._ST_AsX3D(3,$1,$2,$3,'');$function$
"
st_azimuth,"geom1 geometry, geom2 geometry",double precision,c,LWGEOM_azimuth,"CREATE OR REPLACE FUNCTION public.st_azimuth(geom1 geometry, geom2 geometry)
 RETURNS double precision
 LANGUAGE c
 IMMUTABLE PARALLEL SAFE STRICT COST 50
AS '$libdir/postgis-3', $function$LWGEOM_azimuth$function$
"
st_azimuth,"geog1 geography, geog2 geography",double precision,c,geography_azimuth,"CREATE OR REPLACE FUNCTION public.st_azimuth(geog1 geography, geog2 geography)
 RETURNS double precision
 LANGUAGE c
 IMMUTABLE PARALLEL SAFE STRICT COST 500
AS '$libdir/postgis-3', $function$geography_azimuth$function$
"
st_bdmpolyfromtext,"text, integer",geometry,plpgsql,"
DECLARE
	geomtext alias for $1;
	srid alias for $2;
	mline public.geometry;
	geom public.geometry;
BEGIN
	mline := public.ST_MultiLineStringFromText(geomtext, srid);

	IF mline IS NULL
	THEN
		RAISE EXCEPTION 'Input is not a MultiLinestring';
	END IF;

	geom := public.ST_Multi(public.ST_BuildArea(mline));

	RETURN geom;
END;
","CREATE OR REPLACE FUNCTION public.st_bdmpolyfromtext(text, integer)
 RETURNS geometry
 LANGUAGE plpgsql
 IMMUTABLE PARALLEL SAFE STRICT
AS $function$
DECLARE
	geomtext alias for $1;
	srid alias for $2;
	mline public.geometry;
	geom public.geometry;
BEGIN
	mline := public.ST_MultiLineStringFromText(geomtext, srid);

	IF mline IS NULL
	THEN
		RAISE EXCEPTION 'Input is not a MultiLinestring';
	END IF;

	geom := public.ST_Multi(public.ST_BuildArea(mline));

	RETURN geom;
END;
$function$
"
st_bdpolyfromtext,"text, integer",geometry,plpgsql,"
DECLARE
	geomtext alias for $1;
	srid alias for $2;
	mline public.geometry;
	geom public.geometry;
BEGIN
	mline := public.ST_MultiLineStringFromText(geomtext, srid);

	IF mline IS NULL
	THEN
		RAISE EXCEPTION 'Input is not a MultiLinestring';
	END IF;

	geom := public.ST_BuildArea(mline);

	IF public.GeometryType(geom) != 'POLYGON'
	THEN
		RAISE EXCEPTION 'Input returns more then a single polygon, try using BdMPolyFromText instead';
	END IF;

	RETURN geom;
END;
","CREATE OR REPLACE FUNCTION public.st_bdpolyfromtext(text, integer)
 RETURNS geometry
 LANGUAGE plpgsql
 IMMUTABLE PARALLEL SAFE STRICT
AS $function$
DECLARE
	geomtext alias for $1;
	srid alias for $2;
	mline public.geometry;
	geom public.geometry;
BEGIN
	mline := public.ST_MultiLineStringFromText(geomtext, srid);

	IF mline IS NULL
	THEN
		RAISE EXCEPTION 'Input is not a MultiLinestring';
	END IF;

	geom := public.ST_BuildArea(mline);

	IF public.GeometryType(geom) != 'POLYGON'
	THEN
		RAISE EXCEPTION 'Input returns more then a single polygon, try using BdMPolyFromText instead';
	END IF;

	RETURN geom;
END;
$function$
"
st_boundary,geometry,geometry,c,boundary,"CREATE OR REPLACE FUNCTION public.st_boundary(geometry)
 RETURNS geometry
 LANGUAGE c
 IMMUTABLE PARALLEL SAFE STRICT COST 500
AS '$libdir/postgis-3', $function$boundary$function$
"
st_boundingdiagonal,"geom geometry, fits boolean DEFAULT false",geometry,c,ST_BoundingDiagonal,"CREATE OR REPLACE FUNCTION public.st_boundingdiagonal(geom geometry, fits boolean DEFAULT false)
 RETURNS geometry
 LANGUAGE c
 IMMUTABLE PARALLEL SAFE STRICT
AS '$libdir/postgis-3', $function$ST_BoundingDiagonal$function$
"
st_box2dfromgeohash,"text, integer DEFAULT NULL::integer",box2d,c,box2d_from_geohash,"CREATE OR REPLACE FUNCTION public.st_box2dfromgeohash(text, integer DEFAULT NULL::integer)
 RETURNS box2d
 LANGUAGE c
 IMMUTABLE PARALLEL SAFE COST 50
AS '$libdir/postgis-3', $function$box2d_from_geohash$function$
"
st_buffer,"geom geometry, radius double precision, quadsegs integer",geometry,sql," SELECT public.ST_Buffer($1, $2, CAST('quad_segs='||CAST($3 AS text) as text)) ","CREATE OR REPLACE FUNCTION public.st_buffer(geom geometry, radius double precision, quadsegs integer)
 RETURNS geometry
 LANGUAGE sql
 IMMUTABLE PARALLEL SAFE STRICT COST 10000
AS $function$ SELECT public.ST_Buffer($1, $2, CAST('quad_segs='||CAST($3 AS text) as text)) $function$
"
st_buffer,"geom geometry, radius double precision, options text DEFAULT ''::text",geometry,c,buffer,"CREATE OR REPLACE FUNCTION public.st_buffer(geom geometry, radius double precision, options text DEFAULT ''::text)
 RETURNS geometry
 LANGUAGE c
 IMMUTABLE PARALLEL SAFE STRICT COST 10000
AS '$libdir/postgis-3', $function$buffer$function$
"
st_buffer,"text, double precision, text",geometry,sql," SELECT public.ST_Buffer($1::public.geometry, $2, $3);  ","CREATE OR REPLACE FUNCTION public.st_buffer(text, double precision, text)
 RETURNS geometry
 LANGUAGE sql
 IMMUTABLE PARALLEL SAFE STRICT
AS $function$ SELECT public.ST_Buffer($1::public.geometry, $2, $3);  $function$
"
st_buffer,"text, double precision",geometry,sql," SELECT public.ST_Buffer($1::public.geometry, $2);  ","CREATE OR REPLACE FUNCTION public.st_buffer(text, double precision)
 RETURNS geometry
 LANGUAGE sql
 IMMUTABLE PARALLEL SAFE STRICT
AS $function$ SELECT public.ST_Buffer($1::public.geometry, $2);  $function$
"
st_buffer,"geography, double precision, text",geography,sql,"SELECT public.geography(public.ST_Transform(public.ST_Buffer(public.ST_Transform(public.geometry($1), public._ST_BestSRID($1)), $2, $3), public.ST_SRID($1)))","CREATE OR REPLACE FUNCTION public.st_buffer(geography, double precision, text)
 RETURNS geography
 LANGUAGE sql
 IMMUTABLE PARALLEL SAFE STRICT
AS $function$SELECT public.geography(public.ST_Transform(public.ST_Buffer(public.ST_Transform(public.geometry($1), public._ST_BestSRID($1)), $2, $3), public.ST_SRID($1)))$function$
"
st_buffer,"geography, double precision",geography,sql,"SELECT public.geography(public.ST_Transform(public.ST_Buffer(public.ST_Transform(public.geometry($1), public._ST_BestSRID($1)), $2), public.ST_SRID($1)))","CREATE OR REPLACE FUNCTION public.st_buffer(geography, double precision)
 RETURNS geography
 LANGUAGE sql
 IMMUTABLE PARALLEL SAFE STRICT
AS $function$SELECT public.geography(public.ST_Transform(public.ST_Buffer(public.ST_Transform(public.geometry($1), public._ST_BestSRID($1)), $2), public.ST_SRID($1)))$function$
"
st_buffer,"geography, double precision, integer",geography,sql,"SELECT public.geography(public.ST_Transform(public.ST_Buffer(public.ST_Transform(public.geometry($1), public._ST_BestSRID($1)), $2, $3), public.ST_SRID($1)))","CREATE OR REPLACE FUNCTION public.st_buffer(geography, double precision, integer)
 RETURNS geography
 LANGUAGE sql
 IMMUTABLE PARALLEL SAFE STRICT
AS $function$SELECT public.geography(public.ST_Transform(public.ST_Buffer(public.ST_Transform(public.geometry($1), public._ST_BestSRID($1)), $2, $3), public.ST_SRID($1)))$function$
"
st_buffer,"text, double precision, integer",geometry,sql," SELECT public.ST_Buffer($1::public.geometry, $2, $3);  ","CREATE OR REPLACE FUNCTION public.st_buffer(text, double precision, integer)
 RETURNS geometry
 LANGUAGE sql
 IMMUTABLE PARALLEL SAFE STRICT
AS $function$ SELECT public.ST_Buffer($1::public.geometry, $2, $3);  $function$
"
st_buildarea,geometry,geometry,c,ST_BuildArea,"CREATE OR REPLACE FUNCTION public.st_buildarea(geometry)
 RETURNS geometry
 LANGUAGE c
 IMMUTABLE PARALLEL SAFE STRICT COST 10000
AS '$libdir/postgis-3', $function$ST_BuildArea$function$
"
st_centroid,geometry,geometry,c,centroid,"CREATE OR REPLACE FUNCTION public.st_centroid(geometry)
 RETURNS geometry
 LANGUAGE c
 IMMUTABLE PARALLEL SAFE STRICT COST 500
AS '$libdir/postgis-3', $function$centroid$function$
"
st_centroid,text,geometry,sql," SELECT public.ST_Centroid($1::public.geometry);  ","CREATE OR REPLACE FUNCTION public.st_centroid(text)
 RETURNS geometry
 LANGUAGE sql
 IMMUTABLE PARALLEL SAFE STRICT
AS $function$ SELECT public.ST_Centroid($1::public.geometry);  $function$
"
st_centroid,"geography, use_spheroid boolean DEFAULT true",geography,c,geography_centroid,"CREATE OR REPLACE FUNCTION public.st_centroid(geography, use_spheroid boolean DEFAULT true)
 RETURNS geography
 LANGUAGE c
 IMMUTABLE PARALLEL SAFE STRICT COST 500
AS '$libdir/postgis-3', $function$geography_centroid$function$
"
st_chaikinsmoothing,"geometry, integer DEFAULT 1, boolean DEFAULT false",geometry,c,LWGEOM_ChaikinSmoothing,"CREATE OR REPLACE FUNCTION public.st_chaikinsmoothing(geometry, integer DEFAULT 1, boolean DEFAULT false)
 RETURNS geometry
 LANGUAGE c
 IMMUTABLE PARALLEL SAFE STRICT COST 500
AS '$libdir/postgis-3', $function$LWGEOM_ChaikinSmoothing$function$
"
st_cleangeometry,geometry,geometry,c,ST_CleanGeometry,"CREATE OR REPLACE FUNCTION public.st_cleangeometry(geometry)
 RETURNS geometry
 LANGUAGE c
 IMMUTABLE PARALLEL SAFE STRICT COST 10000
AS '$libdir/postgis-3', $function$ST_CleanGeometry$function$
"
st_clipbybox2d,"geom geometry, box box2d",geometry,c,ST_ClipByBox2d,"CREATE OR REPLACE FUNCTION public.st_clipbybox2d(geom geometry, box box2d)
 RETURNS geometry
 LANGUAGE c
 IMMUTABLE PARALLEL SAFE STRICT COST 500
AS '$libdir/postgis-3', $function$ST_ClipByBox2d$function$
"
st_closestpoint,"geom1 geometry, geom2 geometry",geometry,c,LWGEOM_closestpoint,"CREATE OR REPLACE FUNCTION public.st_closestpoint(geom1 geometry, geom2 geometry)
 RETURNS geometry
 LANGUAGE c
 IMMUTABLE PARALLEL SAFE STRICT COST 500
AS '$libdir/postgis-3', $function$LWGEOM_closestpoint$function$
"
st_closestpointofapproach,"geometry, geometry",double precision,c,ST_ClosestPointOfApproach,"CREATE OR REPLACE FUNCTION public.st_closestpointofapproach(geometry, geometry)
 RETURNS double precision
 LANGUAGE c
 IMMUTABLE PARALLEL SAFE STRICT COST 10000
AS '$libdir/postgis-3', $function$ST_ClosestPointOfApproach$function$
"
st_clusterintersecting,geometry[],geometry[],c,clusterintersecting_garray,"CREATE OR REPLACE FUNCTION public.st_clusterintersecting(geometry[])
 RETURNS geometry[]
 LANGUAGE c
 IMMUTABLE PARALLEL SAFE STRICT COST 10000
AS '$libdir/postgis-3', $function$clusterintersecting_garray$function$
"
st_clusterwithin,"geometry[], double precision",geometry[],c,cluster_within_distance_garray,"CREATE OR REPLACE FUNCTION public.st_clusterwithin(geometry[], double precision)
 RETURNS geometry[]
 LANGUAGE c
 IMMUTABLE PARALLEL SAFE STRICT COST 10000
AS '$libdir/postgis-3', $function$cluster_within_distance_garray$function$
"
st_collect,geometry[],geometry,c,LWGEOM_collect_garray,"CREATE OR REPLACE FUNCTION public.st_collect(geometry[])
 RETURNS geometry
 LANGUAGE c
 IMMUTABLE PARALLEL SAFE STRICT COST 50
AS '$libdir/postgis-3', $function$LWGEOM_collect_garray$function$
"
st_collect,"geom1 geometry, geom2 geometry",geometry,c,LWGEOM_collect,"CREATE OR REPLACE FUNCTION public.st_collect(geom1 geometry, geom2 geometry)
 RETURNS geometry
 LANGUAGE c
 IMMUTABLE PARALLEL SAFE COST 50
AS '$libdir/postgis-3', $function$LWGEOM_collect$function$
"
st_collectionextract,"geometry, integer",geometry,c,ST_CollectionExtract,"CREATE OR REPLACE FUNCTION public.st_collectionextract(geometry, integer)
 RETURNS geometry
 LANGUAGE c
 IMMUTABLE PARALLEL SAFE STRICT COST 50
AS '$libdir/postgis-3', $function$ST_CollectionExtract$function$
"
st_collectionextract,geometry,geometry,c,ST_CollectionExtract,"CREATE OR REPLACE FUNCTION public.st_collectionextract(geometry)
 RETURNS geometry
 LANGUAGE c
 IMMUTABLE PARALLEL SAFE STRICT COST 50
AS '$libdir/postgis-3', $function$ST_CollectionExtract$function$
"
st_collectionhomogenize,geometry,geometry,c,ST_CollectionHomogenize,"CREATE OR REPLACE FUNCTION public.st_collectionhomogenize(geometry)
 RETURNS geometry
 LANGUAGE c
 IMMUTABLE PARALLEL SAFE STRICT COST 50
AS '$libdir/postgis-3', $function$ST_CollectionHomogenize$function$
"
st_combinebbox,"box3d, geometry",box3d,c,BOX3D_combine,"CREATE OR REPLACE FUNCTION public.st_combinebbox(box3d, geometry)
 RETURNS box3d
 LANGUAGE c
 IMMUTABLE PARALLEL SAFE COST 50
AS '$libdir/postgis-3', $function$BOX3D_combine$function$
"
st_combinebbox,"box2d, geometry",box2d,c,BOX2D_combine,"CREATE OR REPLACE FUNCTION public.st_combinebbox(box2d, geometry)
 RETURNS box2d
 LANGUAGE c
 IMMUTABLE PARALLEL SAFE
AS '$libdir/postgis-3', $function$BOX2D_combine$function$
"
st_combinebbox,"box3d, box3d",box3d,c,BOX3D_combine_BOX3D,"CREATE OR REPLACE FUNCTION public.st_combinebbox(box3d, box3d)
 RETURNS box3d
 LANGUAGE c
 IMMUTABLE PARALLEL SAFE COST 50
AS '$libdir/postgis-3', $function$BOX3D_combine_BOX3D$function$
"
st_concavehull,"param_geom geometry, param_pctconvex double precision, param_allow_holes boolean DEFAULT false",geometry,c,ST_ConcaveHull,"CREATE OR REPLACE FUNCTION public.st_concavehull(param_geom geometry, param_pctconvex double precision, param_allow_holes boolean DEFAULT false)
 RETURNS geometry
 LANGUAGE c
 IMMUTABLE PARALLEL SAFE STRICT COST 10000
AS '$libdir/postgis-3', $function$ST_ConcaveHull$function$
"
st_contains,"geom1 geometry, geom2 geometry",boolean,c,contains,"CREATE OR REPLACE FUNCTION public.st_contains(geom1 geometry, geom2 geometry)
 RETURNS boolean
 LANGUAGE c
 IMMUTABLE PARALLEL SAFE STRICT COST 10000 SUPPORT postgis_index_supportfn
AS '$libdir/postgis-3', $function$contains$function$
"
st_containsproperly,"geom1 geometry, geom2 geometry",boolean,c,containsproperly,"CREATE OR REPLACE FUNCTION public.st_containsproperly(geom1 geometry, geom2 geometry)
 RETURNS boolean
 LANGUAGE c
 IMMUTABLE PARALLEL SAFE STRICT COST 10000 SUPPORT postgis_index_supportfn
AS '$libdir/postgis-3', $function$containsproperly$function$
"
st_convexhull,geometry,geometry,c,convexhull,"CREATE OR REPLACE FUNCTION public.st_convexhull(geometry)
 RETURNS geometry
 LANGUAGE c
 IMMUTABLE PARALLEL SAFE STRICT COST 10000
AS '$libdir/postgis-3', $function$convexhull$function$
"
st_coorddim,geometry geometry,smallint,c,LWGEOM_ndims,"CREATE OR REPLACE FUNCTION public.st_coorddim(geometry geometry)
 RETURNS smallint
 LANGUAGE c
 IMMUTABLE PARALLEL SAFE STRICT
AS '$libdir/postgis-3', $function$LWGEOM_ndims$function$
"
st_coveredby,"text, text",boolean,sql," SELECT public.ST_CoveredBy($1::public.geometry, $2::public.geometry);  ","CREATE OR REPLACE FUNCTION public.st_coveredby(text, text)
 RETURNS boolean
 LANGUAGE sql
 IMMUTABLE PARALLEL SAFE
AS $function$ SELECT public.ST_CoveredBy($1::public.geometry, $2::public.geometry);  $function$
"
st_coveredby,"geog1 geography, geog2 geography",boolean,c,geography_coveredby,"CREATE OR REPLACE FUNCTION public.st_coveredby(geog1 geography, geog2 geography)
 RETURNS boolean
 LANGUAGE c
 IMMUTABLE PARALLEL SAFE STRICT COST 10000 SUPPORT postgis_index_supportfn
AS '$libdir/postgis-3', $function$geography_coveredby$function$
"
st_coveredby,"geom1 geometry, geom2 geometry",boolean,c,coveredby,"CREATE OR REPLACE FUNCTION public.st_coveredby(geom1 geometry, geom2 geometry)
 RETURNS boolean
 LANGUAGE c
 IMMUTABLE PARALLEL SAFE STRICT COST 10000 SUPPORT postgis_index_supportfn
AS '$libdir/postgis-3', $function$coveredby$function$
"
st_covers,"geog1 geography, geog2 geography",boolean,c,geography_covers,"CREATE OR REPLACE FUNCTION public.st_covers(geog1 geography, geog2 geography)
 RETURNS boolean
 LANGUAGE c
 IMMUTABLE PARALLEL SAFE STRICT COST 10000 SUPPORT postgis_index_supportfn
AS '$libdir/postgis-3', $function$geography_covers$function$
"
st_covers,"text, text",boolean,sql," SELECT public.ST_Covers($1::public.geometry, $2::public.geometry);  ","CREATE OR REPLACE FUNCTION public.st_covers(text, text)
 RETURNS boolean
 LANGUAGE sql
 IMMUTABLE PARALLEL SAFE
AS $function$ SELECT public.ST_Covers($1::public.geometry, $2::public.geometry);  $function$
"
st_covers,"geom1 geometry, geom2 geometry",boolean,c,covers,"CREATE OR REPLACE FUNCTION public.st_covers(geom1 geometry, geom2 geometry)
 RETURNS boolean
 LANGUAGE c
 IMMUTABLE PARALLEL SAFE STRICT COST 10000 SUPPORT postgis_index_supportfn
AS '$libdir/postgis-3', $function$covers$function$
"
st_cpawithin,"geometry, geometry, double precision",boolean,c,ST_CPAWithin,"CREATE OR REPLACE FUNCTION public.st_cpawithin(geometry, geometry, double precision)
 RETURNS boolean
 LANGUAGE c
 IMMUTABLE PARALLEL SAFE STRICT COST 10000
AS '$libdir/postgis-3', $function$ST_CPAWithin$function$
"
st_crosses,"geom1 geometry, geom2 geometry",boolean,c,crosses,"CREATE OR REPLACE FUNCTION public.st_crosses(geom1 geometry, geom2 geometry)
 RETURNS boolean
 LANGUAGE c
 IMMUTABLE PARALLEL SAFE STRICT COST 10000 SUPPORT postgis_index_supportfn
AS '$libdir/postgis-3', $function$crosses$function$
"
st_curvetoline,"geom geometry, tol double precision DEFAULT 32, toltype integer DEFAULT 0, flags integer DEFAULT 0",geometry,c,ST_CurveToLine,"CREATE OR REPLACE FUNCTION public.st_curvetoline(geom geometry, tol double precision DEFAULT 32, toltype integer DEFAULT 0, flags integer DEFAULT 0)
 RETURNS geometry
 LANGUAGE c
 IMMUTABLE PARALLEL SAFE STRICT COST 10000
AS '$libdir/postgis-3', $function$ST_CurveToLine$function$
"
st_delaunaytriangles,"g1 geometry, tolerance double precision DEFAULT 0.0, flags integer DEFAULT 0",geometry,c,ST_DelaunayTriangles,"CREATE OR REPLACE FUNCTION public.st_delaunaytriangles(g1 geometry, tolerance double precision DEFAULT 0.0, flags integer DEFAULT 0)
 RETURNS geometry
 LANGUAGE c
 IMMUTABLE PARALLEL SAFE STRICT COST 10000
AS '$libdir/postgis-3', $function$ST_DelaunayTriangles$function$
"
st_dfullywithin,"geom1 geometry, geom2 geometry, double precision",boolean,c,LWGEOM_dfullywithin,"CREATE OR REPLACE FUNCTION public.st_dfullywithin(geom1 geometry, geom2 geometry, double precision)
 RETURNS boolean
 LANGUAGE c
 IMMUTABLE PARALLEL SAFE STRICT COST 10000 SUPPORT postgis_index_supportfn
AS '$libdir/postgis-3', $function$LWGEOM_dfullywithin$function$
"
st_difference,"geom1 geometry, geom2 geometry, gridsize double precision DEFAULT '-1.0'::numeric",geometry,c,ST_Difference,"CREATE OR REPLACE FUNCTION public.st_difference(geom1 geometry, geom2 geometry, gridsize double precision DEFAULT '-1.0'::numeric)
 RETURNS geometry
 LANGUAGE c
 IMMUTABLE PARALLEL SAFE STRICT COST 10000
AS '$libdir/postgis-3', $function$ST_Difference$function$
"
st_dimension,geometry,integer,c,LWGEOM_dimension,"CREATE OR REPLACE FUNCTION public.st_dimension(geometry)
 RETURNS integer
 LANGUAGE c
 IMMUTABLE PARALLEL SAFE STRICT COST 50
AS '$libdir/postgis-3', $function$LWGEOM_dimension$function$
"
st_disjoint,"geom1 geometry, geom2 geometry",boolean,c,disjoint,"CREATE OR REPLACE FUNCTION public.st_disjoint(geom1 geometry, geom2 geometry)
 RETURNS boolean
 LANGUAGE c
 IMMUTABLE PARALLEL SAFE STRICT COST 10000
AS '$libdir/postgis-3', $function$disjoint$function$
"
st_distance,"text, text",double precision,sql," SELECT public.ST_Distance($1::public.geometry, $2::public.geometry);  ","CREATE OR REPLACE FUNCTION public.st_distance(text, text)
 RETURNS double precision
 LANGUAGE sql
 IMMUTABLE PARALLEL SAFE STRICT
AS $function$ SELECT public.ST_Distance($1::public.geometry, $2::public.geometry);  $function$
"
st_distance,"geog1 geography, geog2 geography, use_spheroid boolean DEFAULT true",double precision,c,geography_distance,"CREATE OR REPLACE FUNCTION public.st_distance(geog1 geography, geog2 geography, use_spheroid boolean DEFAULT true)
 RETURNS double precision
 LANGUAGE c
 IMMUTABLE PARALLEL SAFE STRICT COST 10000
AS '$libdir/postgis-3', $function$geography_distance$function$
"
st_distance,"geom1 geometry, geom2 geometry",double precision,c,ST_Distance,"CREATE OR REPLACE FUNCTION public.st_distance(geom1 geometry, geom2 geometry)
 RETURNS double precision
 LANGUAGE c
 IMMUTABLE PARALLEL SAFE STRICT COST 10000
AS '$libdir/postgis-3', $function$ST_Distance$function$
"
st_distancecpa,"geometry, geometry",double precision,c,ST_DistanceCPA,"CREATE OR REPLACE FUNCTION public.st_distancecpa(geometry, geometry)
 RETURNS double precision
 LANGUAGE c
 IMMUTABLE PARALLEL SAFE STRICT COST 10000
AS '$libdir/postgis-3', $function$ST_DistanceCPA$function$
"
st_distancesphere,"geom1 geometry, geom2 geometry",double precision,sql,"select public.ST_distance( public.geography($1), public.geography($2),false)","CREATE OR REPLACE FUNCTION public.st_distancesphere(geom1 geometry, geom2 geometry)
 RETURNS double precision
 LANGUAGE sql
 IMMUTABLE PARALLEL SAFE STRICT
AS $function$select public.ST_distance( public.geography($1), public.geography($2),false)$function$
"
st_distancesphere,"geom1 geometry, geom2 geometry, radius double precision",double precision,c,LWGEOM_distance_sphere,"CREATE OR REPLACE FUNCTION public.st_distancesphere(geom1 geometry, geom2 geometry, radius double precision)
 RETURNS double precision
 LANGUAGE c
 IMMUTABLE STRICT COST 10000
AS '$libdir/postgis-3', $function$LWGEOM_distance_sphere$function$
"
st_distancespheroid,"geom1 geometry, geom2 geometry",double precision,c,LWGEOM_distance_ellipsoid,"CREATE OR REPLACE FUNCTION public.st_distancespheroid(geom1 geometry, geom2 geometry)
 RETURNS double precision
 LANGUAGE c
 IMMUTABLE PARALLEL SAFE STRICT COST 500
AS '$libdir/postgis-3', $function$LWGEOM_distance_ellipsoid$function$
"
st_distancespheroid,"geom1 geometry, geom2 geometry, spheroid",double precision,c,LWGEOM_distance_ellipsoid,"CREATE OR REPLACE FUNCTION public.st_distancespheroid(geom1 geometry, geom2 geometry, spheroid)
 RETURNS double precision
 LANGUAGE c
 IMMUTABLE PARALLEL SAFE STRICT COST 500
AS '$libdir/postgis-3', $function$LWGEOM_distance_ellipsoid$function$
"
st_dump,geometry,SETOF geometry_dump,c,LWGEOM_dump,"CREATE OR REPLACE FUNCTION public.st_dump(geometry)
 RETURNS SETOF geometry_dump
 LANGUAGE c
 IMMUTABLE PARALLEL SAFE STRICT COST 500
AS '$libdir/postgis-3', $function$LWGEOM_dump$function$
"
st_dumppoints,geometry,SETOF geometry_dump,c,LWGEOM_dumppoints,"CREATE OR REPLACE FUNCTION public.st_dumppoints(geometry)
 RETURNS SETOF geometry_dump
 LANGUAGE c
 IMMUTABLE PARALLEL SAFE STRICT COST 10000
AS '$libdir/postgis-3', $function$LWGEOM_dumppoints$function$
"
st_dumprings,geometry,SETOF geometry_dump,c,LWGEOM_dump_rings,"CREATE OR REPLACE FUNCTION public.st_dumprings(geometry)
 RETURNS SETOF geometry_dump
 LANGUAGE c
 IMMUTABLE PARALLEL SAFE STRICT COST 500
AS '$libdir/postgis-3', $function$LWGEOM_dump_rings$function$
"
st_dumpsegments,geometry,SETOF geometry_dump,c,LWGEOM_dumpsegments,"CREATE OR REPLACE FUNCTION public.st_dumpsegments(geometry)
 RETURNS SETOF geometry_dump
 LANGUAGE c
 IMMUTABLE PARALLEL SAFE STRICT COST 10000
AS '$libdir/postgis-3', $function$LWGEOM_dumpsegments$function$
"
st_dwithin,"geog1 geography, geog2 geography, tolerance double precision, use_spheroid boolean DEFAULT true",boolean,c,geography_dwithin,"CREATE OR REPLACE FUNCTION public.st_dwithin(geog1 geography, geog2 geography, tolerance double precision, use_spheroid boolean DEFAULT true)
 RETURNS boolean
 LANGUAGE c
 IMMUTABLE PARALLEL SAFE STRICT COST 10000 SUPPORT postgis_index_supportfn
AS '$libdir/postgis-3', $function$geography_dwithin$function$
"
st_dwithin,"text, text, double precision",boolean,sql," SELECT public.ST_DWithin($1::public.geometry, $2::public.geometry, $3);  ","CREATE OR REPLACE FUNCTION public.st_dwithin(text, text, double precision)
 RETURNS boolean
 LANGUAGE sql
 IMMUTABLE PARALLEL SAFE
AS $function$ SELECT public.ST_DWithin($1::public.geometry, $2::public.geometry, $3);  $function$
"
st_dwithin,"geom1 geometry, geom2 geometry, double precision",boolean,c,LWGEOM_dwithin,"CREATE OR REPLACE FUNCTION public.st_dwithin(geom1 geometry, geom2 geometry, double precision)
 RETURNS boolean
 LANGUAGE c
 IMMUTABLE PARALLEL SAFE STRICT COST 10000 SUPPORT postgis_index_supportfn
AS '$libdir/postgis-3', $function$LWGEOM_dwithin$function$
"
st_endpoint,geometry,geometry,c,LWGEOM_endpoint_linestring,"CREATE OR REPLACE FUNCTION public.st_endpoint(geometry)
 RETURNS geometry
 LANGUAGE c
 IMMUTABLE PARALLEL SAFE STRICT COST 50
AS '$libdir/postgis-3', $function$LWGEOM_endpoint_linestring$function$
"
st_envelope,geometry,geometry,c,LWGEOM_envelope,"CREATE OR REPLACE FUNCTION public.st_envelope(geometry)
 RETURNS geometry
 LANGUAGE c
 IMMUTABLE PARALLEL SAFE STRICT COST 50
AS '$libdir/postgis-3', $function$LWGEOM_envelope$function$
"
st_equals,"geom1 geometry, geom2 geometry",boolean,c,ST_Equals,"CREATE OR REPLACE FUNCTION public.st_equals(geom1 geometry, geom2 geometry)
 RETURNS boolean
 LANGUAGE c
 IMMUTABLE PARALLEL SAFE STRICT COST 10000 SUPPORT postgis_index_supportfn
AS '$libdir/postgis-3', $function$ST_Equals$function$
"
st_estimatedextent,"text, text, text",box2d,c,gserialized_estimated_extent,"CREATE OR REPLACE FUNCTION public.st_estimatedextent(text, text, text)
 RETURNS box2d
 LANGUAGE c
 STABLE STRICT SECURITY DEFINER
AS '$libdir/postgis-3', $function$gserialized_estimated_extent$function$
"
st_estimatedextent,"text, text",box2d,c,gserialized_estimated_extent,"CREATE OR REPLACE FUNCTION public.st_estimatedextent(text, text)
 RETURNS box2d
 LANGUAGE c
 STABLE STRICT SECURITY DEFINER
AS '$libdir/postgis-3', $function$gserialized_estimated_extent$function$
"
st_estimatedextent,"text, text, text, boolean",box2d,c,gserialized_estimated_extent,"CREATE OR REPLACE FUNCTION public.st_estimatedextent(text, text, text, boolean)
 RETURNS box2d
 LANGUAGE c
 STABLE STRICT SECURITY DEFINER
AS '$libdir/postgis-3', $function$gserialized_estimated_extent$function$
"
st_expand,"geometry, double precision",geometry,c,LWGEOM_expand,"CREATE OR REPLACE FUNCTION public.st_expand(geometry, double precision)
 RETURNS geometry
 LANGUAGE c
 IMMUTABLE PARALLEL SAFE STRICT COST 50
AS '$libdir/postgis-3', $function$LWGEOM_expand$function$
"
st_expand,"box3d, double precision",box3d,c,BOX3D_expand,"CREATE OR REPLACE FUNCTION public.st_expand(box3d, double precision)
 RETURNS box3d
 LANGUAGE c
 IMMUTABLE PARALLEL SAFE STRICT COST 50
AS '$libdir/postgis-3', $function$BOX3D_expand$function$
"
st_expand,"box2d, double precision",box2d,c,BOX2D_expand,"CREATE OR REPLACE FUNCTION public.st_expand(box2d, double precision)
 RETURNS box2d
 LANGUAGE c
 IMMUTABLE PARALLEL SAFE STRICT
AS '$libdir/postgis-3', $function$BOX2D_expand$function$
"
st_expand,"box box2d, dx double precision, dy double precision",box2d,c,BOX2D_expand,"CREATE OR REPLACE FUNCTION public.st_expand(box box2d, dx double precision, dy double precision)
 RETURNS box2d
 LANGUAGE c
 IMMUTABLE PARALLEL SAFE STRICT
AS '$libdir/postgis-3', $function$BOX2D_expand$function$
"
st_expand,"geom geometry, dx double precision, dy double precision, dz double precision DEFAULT 0, dm double precision DEFAULT 0",geometry,c,LWGEOM_expand,"CREATE OR REPLACE FUNCTION public.st_expand(geom geometry, dx double precision, dy double precision, dz double precision DEFAULT 0, dm double precision DEFAULT 0)
 RETURNS geometry
 LANGUAGE c
 IMMUTABLE PARALLEL SAFE STRICT COST 50
AS '$libdir/postgis-3', $function$LWGEOM_expand$function$
"
st_expand,"box box3d, dx double precision, dy double precision, dz double precision DEFAULT 0",box3d,c,BOX3D_expand,"CREATE OR REPLACE FUNCTION public.st_expand(box box3d, dx double precision, dy double precision, dz double precision DEFAULT 0)
 RETURNS box3d
 LANGUAGE c
 IMMUTABLE PARALLEL SAFE STRICT COST 50
AS '$libdir/postgis-3', $function$BOX3D_expand$function$
"
st_exteriorring,geometry,geometry,c,LWGEOM_exteriorring_polygon,"CREATE OR REPLACE FUNCTION public.st_exteriorring(geometry)
 RETURNS geometry
 LANGUAGE c
 IMMUTABLE PARALLEL SAFE STRICT COST 50
AS '$libdir/postgis-3', $function$LWGEOM_exteriorring_polygon$function$
"
st_filterbym,"geometry, double precision, double precision DEFAULT NULL::double precision, boolean DEFAULT false",geometry,c,LWGEOM_FilterByM,"CREATE OR REPLACE FUNCTION public.st_filterbym(geometry, double precision, double precision DEFAULT NULL::double precision, boolean DEFAULT false)
 RETURNS geometry
 LANGUAGE c
 IMMUTABLE PARALLEL SAFE COST 50
AS '$libdir/postgis-3', $function$LWGEOM_FilterByM$function$
"
st_findextent,"text, text, text",box2d,plpgsql,"
DECLARE
	schemaname alias for $1;
	tablename alias for $2;
	columnname alias for $3;
	myrec RECORD;
BEGIN
	FOR myrec IN EXECUTE 'SELECT public.ST_Extent(""' || columnname || '"") As extent FROM ""' || schemaname || '"".""' || tablename || '""' LOOP
		return myrec.extent;
	END LOOP;
END;
","CREATE OR REPLACE FUNCTION public.st_findextent(text, text, text)
 RETURNS box2d
 LANGUAGE plpgsql
 STABLE PARALLEL SAFE STRICT
AS $function$
DECLARE
	schemaname alias for $1;
	tablename alias for $2;
	columnname alias for $3;
	myrec RECORD;
BEGIN
	FOR myrec IN EXECUTE 'SELECT public.ST_Extent(""' || columnname || '"") As extent FROM ""' || schemaname || '"".""' || tablename || '""' LOOP
		return myrec.extent;
	END LOOP;
END;
$function$
"
st_findextent,"text, text",box2d,plpgsql,"
DECLARE
	tablename alias for $1;
	columnname alias for $2;
	myrec RECORD;

BEGIN
	FOR myrec IN EXECUTE 'SELECT public.ST_Extent(""' || columnname || '"") As extent FROM ""' || tablename || '""' LOOP
		return myrec.extent;
	END LOOP;
END;
","CREATE OR REPLACE FUNCTION public.st_findextent(text, text)
 RETURNS box2d
 LANGUAGE plpgsql
 STABLE PARALLEL SAFE STRICT
AS $function$
DECLARE
	tablename alias for $1;
	columnname alias for $2;
	myrec RECORD;

BEGIN
	FOR myrec IN EXECUTE 'SELECT public.ST_Extent(""' || columnname || '"") As extent FROM ""' || tablename || '""' LOOP
		return myrec.extent;
	END LOOP;
END;
$function$
"
st_flipcoordinates,geometry,geometry,c,ST_FlipCoordinates,"CREATE OR REPLACE FUNCTION public.st_flipcoordinates(geometry)
 RETURNS geometry
 LANGUAGE c
 IMMUTABLE PARALLEL SAFE STRICT COST 50
AS '$libdir/postgis-3', $function$ST_FlipCoordinates$function$
"
st_force2d,geometry,geometry,c,LWGEOM_force_2d,"CREATE OR REPLACE FUNCTION public.st_force2d(geometry)
 RETURNS geometry
 LANGUAGE c
 IMMUTABLE PARALLEL SAFE STRICT COST 50
AS '$libdir/postgis-3', $function$LWGEOM_force_2d$function$
"
st_force3d,"geom geometry, zvalue double precision DEFAULT 0.0",geometry,sql,"SELECT public.ST_Force3DZ($1, $2)","CREATE OR REPLACE FUNCTION public.st_force3d(geom geometry, zvalue double precision DEFAULT 0.0)
 RETURNS geometry
 LANGUAGE sql
 IMMUTABLE PARALLEL SAFE STRICT COST 50
AS $function$SELECT public.ST_Force3DZ($1, $2)$function$
"
st_force3dm,"geom geometry, mvalue double precision DEFAULT 0.0",geometry,c,LWGEOM_force_3dm,"CREATE OR REPLACE FUNCTION public.st_force3dm(geom geometry, mvalue double precision DEFAULT 0.0)
 RETURNS geometry
 LANGUAGE c
 IMMUTABLE PARALLEL SAFE STRICT COST 50
AS '$libdir/postgis-3', $function$LWGEOM_force_3dm$function$
"
st_force3dz,"geom geometry, zvalue double precision DEFAULT 0.0",geometry,c,LWGEOM_force_3dz,"CREATE OR REPLACE FUNCTION public.st_force3dz(geom geometry, zvalue double precision DEFAULT 0.0)
 RETURNS geometry
 LANGUAGE c
 IMMUTABLE PARALLEL SAFE STRICT COST 50
AS '$libdir/postgis-3', $function$LWGEOM_force_3dz$function$
"
st_force4d,"geom geometry, zvalue double precision DEFAULT 0.0, mvalue double precision DEFAULT 0.0",geometry,c,LWGEOM_force_4d,"CREATE OR REPLACE FUNCTION public.st_force4d(geom geometry, zvalue double precision DEFAULT 0.0, mvalue double precision DEFAULT 0.0)
 RETURNS geometry
 LANGUAGE c
 IMMUTABLE PARALLEL SAFE STRICT COST 50
AS '$libdir/postgis-3', $function$LWGEOM_force_4d$function$
"
st_forcecollection,geometry,geometry,c,LWGEOM_force_collection,"CREATE OR REPLACE FUNCTION public.st_forcecollection(geometry)
 RETURNS geometry
 LANGUAGE c
 IMMUTABLE PARALLEL SAFE STRICT COST 50
AS '$libdir/postgis-3', $function$LWGEOM_force_collection$function$
"
st_forcecurve,geometry,geometry,c,LWGEOM_force_curve,"CREATE OR REPLACE FUNCTION public.st_forcecurve(geometry)
 RETURNS geometry
 LANGUAGE c
 IMMUTABLE PARALLEL SAFE STRICT COST 500
AS '$libdir/postgis-3', $function$LWGEOM_force_curve$function$
"
st_forcepolygonccw,geometry,geometry,sql," SELECT public.ST_Reverse(public.ST_ForcePolygonCW($1)) ","CREATE OR REPLACE FUNCTION public.st_forcepolygonccw(geometry)
 RETURNS geometry
 LANGUAGE sql
 IMMUTABLE PARALLEL SAFE STRICT COST 50
AS $function$ SELECT public.ST_Reverse(public.ST_ForcePolygonCW($1)) $function$
"
st_forcepolygoncw,geometry,geometry,c,LWGEOM_force_clockwise_poly,"CREATE OR REPLACE FUNCTION public.st_forcepolygoncw(geometry)
 RETURNS geometry
 LANGUAGE c
 IMMUTABLE PARALLEL SAFE STRICT COST 50
AS '$libdir/postgis-3', $function$LWGEOM_force_clockwise_poly$function$
"
st_forcerhr,geometry,geometry,c,LWGEOM_force_clockwise_poly,"CREATE OR REPLACE FUNCTION public.st_forcerhr(geometry)
 RETURNS geometry
 LANGUAGE c
 IMMUTABLE PARALLEL SAFE STRICT COST 50
AS '$libdir/postgis-3', $function$LWGEOM_force_clockwise_poly$function$
"
st_forcesfs,"geometry, version text",geometry,c,LWGEOM_force_sfs,"CREATE OR REPLACE FUNCTION public.st_forcesfs(geometry, version text)
 RETURNS geometry
 LANGUAGE c
 IMMUTABLE PARALLEL SAFE STRICT COST 500
AS '$libdir/postgis-3', $function$LWGEOM_force_sfs$function$
"
st_forcesfs,geometry,geometry,c,LWGEOM_force_sfs,"CREATE OR REPLACE FUNCTION public.st_forcesfs(geometry)
 RETURNS geometry
 LANGUAGE c
 IMMUTABLE PARALLEL SAFE STRICT COST 500
AS '$libdir/postgis-3', $function$LWGEOM_force_sfs$function$
"
st_frechetdistance,"geom1 geometry, geom2 geometry, double precision DEFAULT '-1'::integer",double precision,c,ST_FrechetDistance,"CREATE OR REPLACE FUNCTION public.st_frechetdistance(geom1 geometry, geom2 geometry, double precision DEFAULT '-1'::integer)
 RETURNS double precision
 LANGUAGE c
 IMMUTABLE PARALLEL SAFE STRICT COST 10000
AS '$libdir/postgis-3', $function$ST_FrechetDistance$function$
"
st_fromflatgeobuf,"anyelement, bytea",SETOF anyelement,c,pgis_fromflatgeobuf,"CREATE OR REPLACE FUNCTION public.st_fromflatgeobuf(anyelement, bytea)
 RETURNS SETOF anyelement
 LANGUAGE c
 IMMUTABLE PARALLEL SAFE COST 500
AS '$libdir/postgis-3', $function$pgis_fromflatgeobuf$function$
"
st_fromflatgeobuftotable,"text, text, bytea",void,c,pgis_tablefromflatgeobuf,"CREATE OR REPLACE FUNCTION public.st_fromflatgeobuftotable(text, text, bytea)
 RETURNS void
 LANGUAGE c
 IMMUTABLE PARALLEL SAFE STRICT COST 500
AS '$libdir/postgis-3', $function$pgis_tablefromflatgeobuf$function$
"
st_generatepoints,"area geometry, npoints integer, seed integer",geometry,c,ST_GeneratePoints,"CREATE OR REPLACE FUNCTION public.st_generatepoints(area geometry, npoints integer, seed integer)
 RETURNS geometry
 LANGUAGE c
 IMMUTABLE PARALLEL SAFE STRICT COST 500
AS '$libdir/postgis-3', $function$ST_GeneratePoints$function$
"
st_generatepoints,"area geometry, npoints integer",geometry,c,ST_GeneratePoints,"CREATE OR REPLACE FUNCTION public.st_generatepoints(area geometry, npoints integer)
 RETURNS geometry
 LANGUAGE c
 PARALLEL SAFE STRICT COST 500
AS '$libdir/postgis-3', $function$ST_GeneratePoints$function$
"
st_geogfromtext,text,geography,c,geography_from_text,"CREATE OR REPLACE FUNCTION public.st_geogfromtext(text)
 RETURNS geography
 LANGUAGE c
 IMMUTABLE PARALLEL SAFE STRICT COST 500
AS '$libdir/postgis-3', $function$geography_from_text$function$
"
st_geogfromwkb,bytea,geography,c,geography_from_binary,"CREATE OR REPLACE FUNCTION public.st_geogfromwkb(bytea)
 RETURNS geography
 LANGUAGE c
 IMMUTABLE PARALLEL SAFE STRICT COST 50
AS '$libdir/postgis-3', $function$geography_from_binary$function$
"
st_geographyfromtext,text,geography,c,geography_from_text,"CREATE OR REPLACE FUNCTION public.st_geographyfromtext(text)
 RETURNS geography
 LANGUAGE c
 IMMUTABLE PARALLEL SAFE STRICT COST 500
AS '$libdir/postgis-3', $function$geography_from_text$function$
"
st_geohash,"geom geometry, maxchars integer DEFAULT 0",text,c,ST_GeoHash,"CREATE OR REPLACE FUNCTION public.st_geohash(geom geometry, maxchars integer DEFAULT 0)
 RETURNS text
 LANGUAGE c
 IMMUTABLE PARALLEL SAFE STRICT COST 50
AS '$libdir/postgis-3', $function$ST_GeoHash$function$
"
st_geohash,"geog geography, maxchars integer DEFAULT 0",text,c,ST_GeoHash,"CREATE OR REPLACE FUNCTION public.st_geohash(geog geography, maxchars integer DEFAULT 0)
 RETURNS text
 LANGUAGE c
 IMMUTABLE PARALLEL SAFE STRICT COST 500
AS '$libdir/postgis-3', $function$ST_GeoHash$function$
"
st_geomcollfromtext,text,geometry,sql,"
	SELECT CASE
	WHEN public.geometrytype(public.ST_GeomFromText($1)) = 'GEOMETRYCOLLECTION'
	THEN public.ST_GeomFromText($1)
	ELSE NULL END
	","CREATE OR REPLACE FUNCTION public.st_geomcollfromtext(text)
 RETURNS geometry
 LANGUAGE sql
 IMMUTABLE PARALLEL SAFE STRICT COST 500
AS $function$
	SELECT CASE
	WHEN public.geometrytype(public.ST_GeomFromText($1)) = 'GEOMETRYCOLLECTION'
	THEN public.ST_GeomFromText($1)
	ELSE NULL END
	$function$
"
st_geomcollfromtext,"text, integer",geometry,sql,"
	SELECT CASE
	WHEN public.geometrytype(public.ST_GeomFromText($1, $2)) = 'GEOMETRYCOLLECTION'
	THEN public.ST_GeomFromText($1,$2)
	ELSE NULL END
	","CREATE OR REPLACE FUNCTION public.st_geomcollfromtext(text, integer)
 RETURNS geometry
 LANGUAGE sql
 IMMUTABLE PARALLEL SAFE STRICT COST 500
AS $function$
	SELECT CASE
	WHEN public.geometrytype(public.ST_GeomFromText($1, $2)) = 'GEOMETRYCOLLECTION'
	THEN public.ST_GeomFromText($1,$2)
	ELSE NULL END
	$function$
"
st_geomcollfromwkb,"bytea, integer",geometry,sql,"
	SELECT CASE
	WHEN public.geometrytype(public.ST_GeomFromWKB($1, $2)) = 'GEOMETRYCOLLECTION'
	THEN public.ST_GeomFromWKB($1, $2)
	ELSE NULL END
	","CREATE OR REPLACE FUNCTION public.st_geomcollfromwkb(bytea, integer)
 RETURNS geometry
 LANGUAGE sql
 IMMUTABLE PARALLEL SAFE STRICT COST 50
AS $function$
	SELECT CASE
	WHEN public.geometrytype(public.ST_GeomFromWKB($1, $2)) = 'GEOMETRYCOLLECTION'
	THEN public.ST_GeomFromWKB($1, $2)
	ELSE NULL END
	$function$
"
st_geomcollfromwkb,bytea,geometry,sql,"
	SELECT CASE
	WHEN public.geometrytype(public.ST_GeomFromWKB($1)) = 'GEOMETRYCOLLECTION'
	THEN public.ST_GeomFromWKB($1)
	ELSE NULL END
	","CREATE OR REPLACE FUNCTION public.st_geomcollfromwkb(bytea)
 RETURNS geometry
 LANGUAGE sql
 IMMUTABLE PARALLEL SAFE STRICT COST 50
AS $function$
	SELECT CASE
	WHEN public.geometrytype(public.ST_GeomFromWKB($1)) = 'GEOMETRYCOLLECTION'
	THEN public.ST_GeomFromWKB($1)
	ELSE NULL END
	$function$
"
st_geometricmedian,"g geometry, tolerance double precision DEFAULT NULL::double precision, max_iter integer DEFAULT 10000, fail_if_not_converged boolean DEFAULT false",geometry,c,ST_GeometricMedian,"CREATE OR REPLACE FUNCTION public.st_geometricmedian(g geometry, tolerance double precision DEFAULT NULL::double precision, max_iter integer DEFAULT 10000, fail_if_not_converged boolean DEFAULT false)
 RETURNS geometry
 LANGUAGE c
 IMMUTABLE PARALLEL SAFE COST 10000
AS '$libdir/postgis-3', $function$ST_GeometricMedian$function$
"
st_geometryfromtext,"text, integer",geometry,c,LWGEOM_from_text,"CREATE OR REPLACE FUNCTION public.st_geometryfromtext(text, integer)
 RETURNS geometry
 LANGUAGE c
 IMMUTABLE PARALLEL SAFE STRICT COST 500
AS '$libdir/postgis-3', $function$LWGEOM_from_text$function$
"
st_geometryfromtext,text,geometry,c,LWGEOM_from_text,"CREATE OR REPLACE FUNCTION public.st_geometryfromtext(text)
 RETURNS geometry
 LANGUAGE c
 IMMUTABLE PARALLEL SAFE STRICT COST 500
AS '$libdir/postgis-3', $function$LWGEOM_from_text$function$
"
st_geometryn,"geometry, integer",geometry,c,LWGEOM_geometryn_collection,"CREATE OR REPLACE FUNCTION public.st_geometryn(geometry, integer)
 RETURNS geometry
 LANGUAGE c
 IMMUTABLE PARALLEL SAFE STRICT COST 50
AS '$libdir/postgis-3', $function$LWGEOM_geometryn_collection$function$
"
st_geometrytype,geometry,text,c,geometry_geometrytype,"CREATE OR REPLACE FUNCTION public.st_geometrytype(geometry)
 RETURNS text
 LANGUAGE c
 IMMUTABLE PARALLEL SAFE STRICT
AS '$libdir/postgis-3', $function$geometry_geometrytype$function$
"
st_geomfromewkb,bytea,geometry,c,LWGEOMFromEWKB,"CREATE OR REPLACE FUNCTION public.st_geomfromewkb(bytea)
 RETURNS geometry
 LANGUAGE c
 IMMUTABLE PARALLEL SAFE STRICT COST 50
AS '$libdir/postgis-3', $function$LWGEOMFromEWKB$function$
"
st_geomfromewkt,text,geometry,c,parse_WKT_lwgeom,"CREATE OR REPLACE FUNCTION public.st_geomfromewkt(text)
 RETURNS geometry
 LANGUAGE c
 IMMUTABLE PARALLEL SAFE STRICT COST 50
AS '$libdir/postgis-3', $function$parse_WKT_lwgeom$function$
"
st_geomfromgeohash,"text, integer DEFAULT NULL::integer",geometry,sql," SELECT CAST(public.ST_Box2dFromGeoHash($1, $2) AS geometry); ","CREATE OR REPLACE FUNCTION public.st_geomfromgeohash(text, integer DEFAULT NULL::integer)
 RETURNS geometry
 LANGUAGE sql
 IMMUTABLE PARALLEL SAFE COST 50
AS $function$ SELECT CAST(public.ST_Box2dFromGeoHash($1, $2) AS geometry); $function$
"
st_geomfromgeojson,json,geometry,sql,SELECT public.ST_GeomFromGeoJson($1::text),"CREATE OR REPLACE FUNCTION public.st_geomfromgeojson(json)
 RETURNS geometry
 LANGUAGE sql
 IMMUTABLE PARALLEL SAFE STRICT COST 500
AS $function$SELECT public.ST_GeomFromGeoJson($1::text)$function$
"
st_geomfromgeojson,jsonb,geometry,sql,SELECT public.ST_GeomFromGeoJson($1::text),"CREATE OR REPLACE FUNCTION public.st_geomfromgeojson(jsonb)
 RETURNS geometry
 LANGUAGE sql
 IMMUTABLE PARALLEL SAFE STRICT COST 500
AS $function$SELECT public.ST_GeomFromGeoJson($1::text)$function$
"
st_geomfromgeojson,text,geometry,c,geom_from_geojson,"CREATE OR REPLACE FUNCTION public.st_geomfromgeojson(text)
 RETURNS geometry
 LANGUAGE c
 IMMUTABLE PARALLEL SAFE STRICT COST 500
AS '$libdir/postgis-3', $function$geom_from_geojson$function$
"
st_geomfromgml,"text, integer",geometry,c,geom_from_gml,"CREATE OR REPLACE FUNCTION public.st_geomfromgml(text, integer)
 RETURNS geometry
 LANGUAGE c
 IMMUTABLE PARALLEL SAFE STRICT COST 500
AS '$libdir/postgis-3', $function$geom_from_gml$function$
"
st_geomfromgml,text,geometry,sql,"SELECT public._ST_GeomFromGML($1, 0)","CREATE OR REPLACE FUNCTION public.st_geomfromgml(text)
 RETURNS geometry
 LANGUAGE sql
 IMMUTABLE PARALLEL SAFE STRICT COST 500
AS $function$SELECT public._ST_GeomFromGML($1, 0)$function$
"
st_geomfromkml,text,geometry,c,geom_from_kml,"CREATE OR REPLACE FUNCTION public.st_geomfromkml(text)
 RETURNS geometry
 LANGUAGE c
 IMMUTABLE PARALLEL SAFE STRICT COST 500
AS '$libdir/postgis-3', $function$geom_from_kml$function$
"
st_geomfrommarc21,marc21xml text,geometry,c,ST_GeomFromMARC21,"CREATE OR REPLACE FUNCTION public.st_geomfrommarc21(marc21xml text)
 RETURNS geometry
 LANGUAGE c
 IMMUTABLE PARALLEL SAFE STRICT COST 500
AS '$libdir/postgis-3', $function$ST_GeomFromMARC21$function$
"
st_geomfromtext,"text, integer",geometry,c,LWGEOM_from_text,"CREATE OR REPLACE FUNCTION public.st_geomfromtext(text, integer)
 RETURNS geometry
 LANGUAGE c
 IMMUTABLE PARALLEL SAFE STRICT COST 500
AS '$libdir/postgis-3', $function$LWGEOM_from_text$function$
"
st_geomfromtext,text,geometry,c,LWGEOM_from_text,"CREATE OR REPLACE FUNCTION public.st_geomfromtext(text)
 RETURNS geometry
 LANGUAGE c
 IMMUTABLE PARALLEL SAFE STRICT COST 500
AS '$libdir/postgis-3', $function$LWGEOM_from_text$function$
"
st_geomfromtwkb,bytea,geometry,c,LWGEOMFromTWKB,"CREATE OR REPLACE FUNCTION public.st_geomfromtwkb(bytea)
 RETURNS geometry
 LANGUAGE c
 IMMUTABLE PARALLEL SAFE STRICT COST 50
AS '$libdir/postgis-3', $function$LWGEOMFromTWKB$function$
"
st_geomfromwkb,"bytea, integer",geometry,sql,"SELECT public.ST_SetSRID(public.ST_GeomFromWKB($1), $2)","CREATE OR REPLACE FUNCTION public.st_geomfromwkb(bytea, integer)
 RETURNS geometry
 LANGUAGE sql
 IMMUTABLE PARALLEL SAFE STRICT COST 50
AS $function$SELECT public.ST_SetSRID(public.ST_GeomFromWKB($1), $2)$function$
"
st_geomfromwkb,bytea,geometry,c,LWGEOM_from_WKB,"CREATE OR REPLACE FUNCTION public.st_geomfromwkb(bytea)
 RETURNS geometry
 LANGUAGE c
 IMMUTABLE PARALLEL SAFE STRICT COST 50
AS '$libdir/postgis-3', $function$LWGEOM_from_WKB$function$
"
st_gmltosql,text,geometry,sql,"SELECT public._ST_GeomFromGML($1, 0)","CREATE OR REPLACE FUNCTION public.st_gmltosql(text)
 RETURNS geometry
 LANGUAGE sql
 IMMUTABLE PARALLEL SAFE STRICT COST 500
AS $function$SELECT public._ST_GeomFromGML($1, 0)$function$
"
st_gmltosql,"text, integer",geometry,c,geom_from_gml,"CREATE OR REPLACE FUNCTION public.st_gmltosql(text, integer)
 RETURNS geometry
 LANGUAGE c
 IMMUTABLE PARALLEL SAFE STRICT COST 500
AS '$libdir/postgis-3', $function$geom_from_gml$function$
"
st_hasarc,geometry geometry,boolean,c,LWGEOM_has_arc,"CREATE OR REPLACE FUNCTION public.st_hasarc(geometry geometry)
 RETURNS boolean
 LANGUAGE c
 IMMUTABLE PARALLEL SAFE STRICT COST 50
AS '$libdir/postgis-3', $function$LWGEOM_has_arc$function$
"
st_hausdorffdistance,"geom1 geometry, geom2 geometry, double precision",double precision,c,hausdorffdistancedensify,"CREATE OR REPLACE FUNCTION public.st_hausdorffdistance(geom1 geometry, geom2 geometry, double precision)
 RETURNS double precision
 LANGUAGE c
 IMMUTABLE PARALLEL SAFE STRICT COST 10000
AS '$libdir/postgis-3', $function$hausdorffdistancedensify$function$
"
st_hausdorffdistance,"geom1 geometry, geom2 geometry",double precision,c,hausdorffdistance,"CREATE OR REPLACE FUNCTION public.st_hausdorffdistance(geom1 geometry, geom2 geometry)
 RETURNS double precision
 LANGUAGE c
 IMMUTABLE PARALLEL SAFE STRICT COST 10000
AS '$libdir/postgis-3', $function$hausdorffdistance$function$
"
st_hexagon,"size double precision, cell_i integer, cell_j integer, origin geometry DEFAULT '010100000000000000000000000000000000000000'::geometry",geometry,c,ST_Hexagon,"CREATE OR REPLACE FUNCTION public.st_hexagon(size double precision, cell_i integer, cell_j integer, origin geometry DEFAULT '010100000000000000000000000000000000000000'::geometry)
 RETURNS geometry
 LANGUAGE c
 IMMUTABLE PARALLEL SAFE STRICT COST 50
AS '$libdir/postgis-3', $function$ST_Hexagon$function$
"
st_hexagongrid,"size double precision, bounds geometry, OUT geom geometry, OUT i integer, OUT j integer",SETOF record,c,ST_ShapeGrid,"CREATE OR REPLACE FUNCTION public.st_hexagongrid(size double precision, bounds geometry, OUT geom geometry, OUT i integer, OUT j integer)
 RETURNS SETOF record
 LANGUAGE c
 IMMUTABLE PARALLEL SAFE STRICT COST 500
AS '$libdir/postgis-3', $function$ST_ShapeGrid$function$
"
st_interiorringn,"geometry, integer",geometry,c,LWGEOM_interiorringn_polygon,"CREATE OR REPLACE FUNCTION public.st_interiorringn(geometry, integer)
 RETURNS geometry
 LANGUAGE c
 IMMUTABLE PARALLEL SAFE STRICT COST 50
AS '$libdir/postgis-3', $function$LWGEOM_interiorringn_polygon$function$
"
st_interpolatepoint,"line geometry, point geometry",double precision,c,ST_InterpolatePoint,"CREATE OR REPLACE FUNCTION public.st_interpolatepoint(line geometry, point geometry)
 RETURNS double precision
 LANGUAGE c
 IMMUTABLE PARALLEL SAFE STRICT COST 500
AS '$libdir/postgis-3', $function$ST_InterpolatePoint$function$
"
st_intersection,"geography, geography",geography,sql,"SELECT public.geography(public.ST_Transform(public.ST_Intersection(public.ST_Transform(public.geometry($1), public._ST_BestSRID($1, $2)), public.ST_Transform(public.geometry($2), public._ST_BestSRID($1, $2))), public.ST_SRID($1)))","CREATE OR REPLACE FUNCTION public.st_intersection(geography, geography)
 RETURNS geography
 LANGUAGE sql
 IMMUTABLE PARALLEL SAFE STRICT
AS $function$SELECT public.geography(public.ST_Transform(public.ST_Intersection(public.ST_Transform(public.geometry($1), public._ST_BestSRID($1, $2)), public.ST_Transform(public.geometry($2), public._ST_BestSRID($1, $2))), public.ST_SRID($1)))$function$
"
st_intersection,"geom1 geometry, geom2 geometry, gridsize double precision DEFAULT '-1'::integer",geometry,c,ST_Intersection,"CREATE OR REPLACE FUNCTION public.st_intersection(geom1 geometry, geom2 geometry, gridsize double precision DEFAULT '-1'::integer)
 RETURNS geometry
 LANGUAGE c
 IMMUTABLE PARALLEL SAFE STRICT COST 10000
AS '$libdir/postgis-3', $function$ST_Intersection$function$
"
st_intersection,"text, text",geometry,sql," SELECT public.ST_Intersection($1::public.geometry, $2::public.geometry);  ","CREATE OR REPLACE FUNCTION public.st_intersection(text, text)
 RETURNS geometry
 LANGUAGE sql
 IMMUTABLE PARALLEL SAFE STRICT COST 10000
AS $function$ SELECT public.ST_Intersection($1::public.geometry, $2::public.geometry);  $function$
"
st_intersects,"text, text",boolean,sql," SELECT public.ST_Intersects($1::public.geometry, $2::public.geometry);  ","CREATE OR REPLACE FUNCTION public.st_intersects(text, text)
 RETURNS boolean
 LANGUAGE sql
 IMMUTABLE PARALLEL SAFE
AS $function$ SELECT public.ST_Intersects($1::public.geometry, $2::public.geometry);  $function$
"
st_intersects,"geog1 geography, geog2 geography",boolean,c,geography_intersects,"CREATE OR REPLACE FUNCTION public.st_intersects(geog1 geography, geog2 geography)
 RETURNS boolean
 LANGUAGE c
 IMMUTABLE PARALLEL SAFE STRICT COST 10000 SUPPORT postgis_index_supportfn
AS '$libdir/postgis-3', $function$geography_intersects$function$
"
st_intersects,"geom1 geometry, geom2 geometry",boolean,c,ST_Intersects,"CREATE OR REPLACE FUNCTION public.st_intersects(geom1 geometry, geom2 geometry)
 RETURNS boolean
 LANGUAGE c
 IMMUTABLE PARALLEL SAFE STRICT COST 10000 SUPPORT postgis_index_supportfn
AS '$libdir/postgis-3', $function$ST_Intersects$function$
"
st_isclosed,geometry,boolean,c,LWGEOM_isclosed,"CREATE OR REPLACE FUNCTION public.st_isclosed(geometry)
 RETURNS boolean
 LANGUAGE c
 IMMUTABLE PARALLEL SAFE STRICT COST 50
AS '$libdir/postgis-3', $function$LWGEOM_isclosed$function$
"
st_iscollection,geometry,boolean,c,ST_IsCollection,"CREATE OR REPLACE FUNCTION public.st_iscollection(geometry)
 RETURNS boolean
 LANGUAGE c
 IMMUTABLE PARALLEL SAFE STRICT
AS '$libdir/postgis-3', $function$ST_IsCollection$function$
"
st_isempty,geometry,boolean,c,LWGEOM_isempty,"CREATE OR REPLACE FUNCTION public.st_isempty(geometry)
 RETURNS boolean
 LANGUAGE c
 IMMUTABLE PARALLEL SAFE STRICT COST 50
AS '$libdir/postgis-3', $function$LWGEOM_isempty$function$
"
st_ispolygonccw,geometry,boolean,c,ST_IsPolygonCCW,"CREATE OR REPLACE FUNCTION public.st_ispolygonccw(geometry)
 RETURNS boolean
 LANGUAGE c
 IMMUTABLE PARALLEL SAFE STRICT COST 50
AS '$libdir/postgis-3', $function$ST_IsPolygonCCW$function$
"
st_ispolygoncw,geometry,boolean,c,ST_IsPolygonCW,"CREATE OR REPLACE FUNCTION public.st_ispolygoncw(geometry)
 RETURNS boolean
 LANGUAGE c
 IMMUTABLE PARALLEL SAFE STRICT COST 50
AS '$libdir/postgis-3', $function$ST_IsPolygonCW$function$
"
st_isring,geometry,boolean,c,isring,"CREATE OR REPLACE FUNCTION public.st_isring(geometry)
 RETURNS boolean
 LANGUAGE c
 IMMUTABLE PARALLEL SAFE STRICT COST 500
AS '$libdir/postgis-3', $function$isring$function$
"
st_issimple,geometry,boolean,c,issimple,"CREATE OR REPLACE FUNCTION public.st_issimple(geometry)
 RETURNS boolean
 LANGUAGE c
 IMMUTABLE PARALLEL SAFE STRICT COST 500
AS '$libdir/postgis-3', $function$issimple$function$
"
st_isvalid,"geometry, integer",boolean,sql,"SELECT (public.ST_isValidDetail($1, $2)).valid","CREATE OR REPLACE FUNCTION public.st_isvalid(geometry, integer)
 RETURNS boolean
 LANGUAGE sql
 IMMUTABLE PARALLEL SAFE STRICT COST 10000
AS $function$SELECT (public.ST_isValidDetail($1, $2)).valid$function$
"
st_isvalid,geometry,boolean,c,isvalid,"CREATE OR REPLACE FUNCTION public.st_isvalid(geometry)
 RETURNS boolean
 LANGUAGE c
 IMMUTABLE PARALLEL SAFE STRICT COST 10000
AS '$libdir/postgis-3', $function$isvalid$function$
"
st_isvaliddetail,"geom geometry, flags integer DEFAULT 0",valid_detail,c,isvaliddetail,"CREATE OR REPLACE FUNCTION public.st_isvaliddetail(geom geometry, flags integer DEFAULT 0)
 RETURNS valid_detail
 LANGUAGE c
 IMMUTABLE PARALLEL SAFE STRICT COST 10000
AS '$libdir/postgis-3', $function$isvaliddetail$function$
"
st_isvalidreason,"geometry, integer",text,sql,"
	SELECT CASE WHEN valid THEN 'Valid Geometry' ELSE reason END FROM (
		SELECT (public.ST_isValidDetail($1, $2)).*
	) foo
	","CREATE OR REPLACE FUNCTION public.st_isvalidreason(geometry, integer)
 RETURNS text
 LANGUAGE sql
 IMMUTABLE PARALLEL SAFE STRICT COST 10000
AS $function$
	SELECT CASE WHEN valid THEN 'Valid Geometry' ELSE reason END FROM (
		SELECT (public.ST_isValidDetail($1, $2)).*
	) foo
	$function$
"
st_isvalidreason,geometry,text,c,isvalidreason,"CREATE OR REPLACE FUNCTION public.st_isvalidreason(geometry)
 RETURNS text
 LANGUAGE c
 IMMUTABLE PARALLEL SAFE STRICT COST 10000
AS '$libdir/postgis-3', $function$isvalidreason$function$
"
st_isvalidtrajectory,geometry,boolean,c,ST_IsValidTrajectory,"CREATE OR REPLACE FUNCTION public.st_isvalidtrajectory(geometry)
 RETURNS boolean
 LANGUAGE c
 IMMUTABLE PARALLEL SAFE STRICT COST 10000
AS '$libdir/postgis-3', $function$ST_IsValidTrajectory$function$
"
st_length,geometry,double precision,c,LWGEOM_length2d_linestring,"CREATE OR REPLACE FUNCTION public.st_length(geometry)
 RETURNS double precision
 LANGUAGE c
 IMMUTABLE PARALLEL SAFE STRICT COST 50
AS '$libdir/postgis-3', $function$LWGEOM_length2d_linestring$function$
"
st_length,"geog geography, use_spheroid boolean DEFAULT true",double precision,c,geography_length,"CREATE OR REPLACE FUNCTION public.st_length(geog geography, use_spheroid boolean DEFAULT true)
 RETURNS double precision
 LANGUAGE c
 IMMUTABLE PARALLEL SAFE STRICT COST 500
AS '$libdir/postgis-3', $function$geography_length$function$
"
st_length,text,double precision,sql," SELECT public.ST_Length($1::public.geometry);  ","CREATE OR REPLACE FUNCTION public.st_length(text)
 RETURNS double precision
 LANGUAGE sql
 IMMUTABLE PARALLEL SAFE STRICT
AS $function$ SELECT public.ST_Length($1::public.geometry);  $function$
"
st_length2d,geometry,double precision,c,LWGEOM_length2d_linestring,"CREATE OR REPLACE FUNCTION public.st_length2d(geometry)
 RETURNS double precision
 LANGUAGE c
 IMMUTABLE PARALLEL SAFE STRICT COST 50
AS '$libdir/postgis-3', $function$LWGEOM_length2d_linestring$function$
"
st_length2dspheroid,"geometry, spheroid",double precision,c,LWGEOM_length2d_ellipsoid,"CREATE OR REPLACE FUNCTION public.st_length2dspheroid(geometry, spheroid)
 RETURNS double precision
 LANGUAGE c
 IMMUTABLE PARALLEL SAFE STRICT COST 500
AS '$libdir/postgis-3', $function$LWGEOM_length2d_ellipsoid$function$
"
st_lengthspheroid,"geometry, spheroid",double precision,c,LWGEOM_length_ellipsoid_linestring,"CREATE OR REPLACE FUNCTION public.st_lengthspheroid(geometry, spheroid)
 RETURNS double precision
 LANGUAGE c
 IMMUTABLE PARALLEL SAFE STRICT COST 500
AS '$libdir/postgis-3', $function$LWGEOM_length_ellipsoid_linestring$function$
"
st_letters,"letters text, font json DEFAULT NULL::json",geometry,plpgsql,"
DECLARE
  letterarray text[];
  letter text;
  geom geometry;
  prevgeom geometry = NULL;
  adjustment float8 = 0.0;
  position float8 = 0.0;
  text_height float8 = 100.0;
  width float8;
  m_width float8;
  spacing float8;
  dist float8;
  wordarr geometry[];
  wordgeom geometry;
  -- geometry has been run through replace(encode(st_astwkb(geom),'base64'), E'\n', '')
  font_default_height float8 = 1000.0;
  font_default json = '{
  ""!"":""BgACAQhUrgsTFOQCABQAExELiwi5AgAJiggBYQmJCgAOAg4CDAIOBAoEDAYKBgoGCggICAgICAgGCgYKBgoGCgQMBAoECgQMAgoADAIKAAoADAEKAAwBCgMKAQwDCgMKAwoFCAUKBwgHBgcIBwYJBgkECwYJBAsCDQILAg0CDQANAQ0BCwELAwsDCwUJBQkFCQcHBwcHBwcFCQUJBQkFCQMLAwkDCQMLAQkACwEJAAkACwIJAAsCCQQJAgsECQQJBAkGBwYJCAcIBQgHCAUKBQoDDAUKAQwDDgEMAQ4BDg=="",
  ""&"":""BgABAskBygP+BowEAACZAmcAANsCAw0FDwUNBQ0FDQcLBw0HCwcLCQsJCwkLCQkJCwsJCwkLCQ0HCwcNBw8HDQUPBQ8DDwMRAw8DEQERAREBEQERABcAFQIXAhUCEwQVBBMGEwYTBhEIEQgPChEKDwoPDA0MDQwNDgsOCRAJEAkQBxAHEgUSBRQFFAMUAxQBFgEWARgAigEAFAISABICEgQQAhAEEAQQBg4GEAoOCg4MDg4ODgwSDgsMCwoJDAcMBwwFDgUMAw4DDgEOARABDgEQARIBEAASAHgAIAQeBB4GHAgaChoMGA4WDhYQFBISEhISDhQQFAwWDBYKFgoYBhgIGAQYBBgCGgAaABgBGAMYAxYHFgUWCRYJFAsUCxIPEg0SERARDhMOFQwVDBcIGQYbBhsCHQIfAR+dAgAADAAKAQoBCgEIAwgFBgUGBQYHBAUEBwQHAgcCBwIHAAcABwAHAQcBBwMHAwUDBwUFBQUHBQUBBwMJAQkBCQAJAJcBAAUCBQAFAgUEBQIDBAUEAwQDBgMEAQYDBgEGAAgBBgAKSeECAJ8BFi84HUQDQCAAmAKNAQAvExMx"",
  ""\"""":""BgACAQUmwguEAgAAkwSDAgAAlAQBBfACAIACAACTBP8BAACUBA=="",
  ""''"":""BgABAQUmwguEAgAAkwSDAgAAlAQ="",
  ""("":""BgABAUOQBNwLDScNKw0rCysLLwsxCTEJMwc1BzcHNwM7AzsDPwE/AEEANwI1AjMEMwIzBjEGLwYvCC0ILQgrCCkKKQonCicMJbkCAAkqCSoHLAksBywFLgcuBS4FMAMwAzADMgEwATQBMgA0ADwCOgI6BDoEOAY4BjYINgg2CjQKMgoyCjIMMAwwDi7AAgA="",
  "")"":""BgABAUMQ3Au6AgAOLQwvDC8KMQoxCjEKMwg1CDUGNQY3BDcEOQI5AjkAOwAzATEBMQExAy8DLwMvBS8FLQctBS0HKwktBykJKwkpswIADCYKKAooCioIKggsCC4ILgYwBjAGMgQ0AjQCNAI2ADgAQgFAAz4DPAM8BzgHOAc2CTQJMgsyCzALLg0sDSoNKg=="",
  ""+"":""BgABAQ3IBOwGALcBuAEAANUBtwEAALcB0wEAALgBtwEAANYBuAEAALgB1AEA"",
  ""/"":""BgABAQVCAoIDwAuyAgCFA78LrQIA"",
  ""4"":""BgABAhDkBr4EkgEAEREApwJ/AADxARIR5QIAEhIA9AHdAwAA7ALIA9AG6gIAEREA8QYFqwIAAIIDwwH/AgABxAEA"",
  ""v"":""BgABASDmA5AEPu4CROwBExb6AgAZFdMC0wgUFaECABIU0wLWCBcW+AIAExVE6wEEFQQXBBUEFwQVBBUEFwQVBBUEFwQVBBUEFwQXBBUEFwYA"",
  "","":""BgABAWMYpAEADgIOAgwCDgQMBAoGDAYKBgoICAgICAgICAoGCgYKBAoEDAQKBAoCDAIKAgwCCgAKAAwACgEMAQoBCgMMAwoDCgUKBQgFCgUIBwYJCAcGCQYJBAsGCQQLAg0CCwINAg0AAwABAAMAAwADAQMAAwADAAMBBQAFAQcBBwEHAwcBCQMJAQsDCwMLAw0FDQMNBQ8FDwURBxMFEwkTBxcJFwkXswEAIMgBCQYJBgkGBwYJCAcIBQgHCgUKBQoFDAEMAwwBDgEOABA="",
  ""-"":""BgABAQUq0AMArALEBAAAqwLDBAA="",
  ""."":""BgABAWFOrAEADgIOAg4CDgQMBAoGDAYKBgoICAgKCAgIBgoGCgYKBgoEDAQKBAwECgIMAAwCDAAMAAwBCgAMAQoDDAMKAwoDCgUKBQgFCgUIBwgJBgcICQYJBgsGCQQLAg0CDQINAA0ADQENAQ0BCwMNAwkFCwUJBQkHBwcJBwUHBwkFCQUJBQkDCwMJAwsDCQELAAsBCwALAAsCCQALAgkECwQJBAkECQYJBgcGBwgJBgcKBQgHCgUKBQwFCgEOAwwBDgEOAA4="",
  ""0"":""BgABAoMB+APaCxwAHAEaARoDFgMYBRYFFAcUBxIJEgkQCRALEAsOCwwNDA0MDQoPCg0IDwgPBhEGDwYRBA8EEQIRAhMCEQITABMA4QUAEQETAREBEQMRAxEFEQURBREHDwkPBw8JDwsNCw0LDQ0NDQsNCw8JEQkRCREJEwcTBxUFFQUVAxUDFwEXARkAGQAZAhcCFwQXBBUGEwYTCBMIEQoRCg8KDwoPDA0MDQ4NDgsOCQ4JEAkQBxAHEAUSBRIDEgMSAxIDEgESARQAEgDiBQASAhQCEgISBBIEEgYSBhIGEggQChAIEAoQDBAMDgwODg4ODA4MEgwQChIKEggUCBQIFgYWBBYGGAQYAhgCGgILZIcDHTZBEkMRHTUA4QUeOUITRBIePADiBQ=="",
  ""2"":""BgABAWpUwALUA44GAAoBCAEKAQgDBgMGBQYFBgUEBwQFBAUCBwIHAgUABwAHAAUBBwMFAQcFBQMHBQUHBQcFBwMJAwkBCQELAQsAC68CAAAUAhIAFAISBBQCEgQUBBIEEgYUCBIGEAgSChAKEAoQDBAMDg4ODgwQDBIMEgoSChQIFggWCBgGGAQaAhwCHAIWABQBFgEUARQDFAMSAxQFEgUSBxIHEAkQCRALDgsODQ4NDA8KDwwRCBMKEwgTBhUGFwQXBBcEGwAbABsAHQEftwPJBdIDAACpAhIPzwYAFBIArgI="",
  ""1"":""BgABARCsBLALAJ0LEhERADcA2QEANwATABQSAOYIpwEAALgCERKEBAASABER"",
  ""3"":""BgABAZ0B/gbEC/sB0QQOAwwBDAMMAwwFCgMKBQoFCgUIBwoFCAcICQgJBgkICQYLCAsECwYLBA0GDwINBA8CDwQRAhECEQITABUCFQAVAH0AEQETAREBEQETAxEDEQURBREFDwcRBw8JDwkNCQ8LDQsNDQsNCw0LDwsPCREJEQcRBxMFFQUVBRUDFwEXARkAGQAZAhkCFwQVBBUEEwYTCBEIEQgRCg0MDwoNDA0OCw4LDgkQCRAHEAkQBRAFEgUSAxIDFAMSAxYBFAEWARYAFqQCAAALAgkCCQQHAgcGBwYHBgUIBQYDCAMIAwYDCAEIAQgACAAIAAgCCAIIAgYCCAQIBAgGBgYEBgQIBAoCCgAKAAwAvAEABgEIAAYBBgMGAwQDBgMEBQQDBAUCBQQFAgUABwIFAJkBAACmAaIB3ALbAgAREQDmAhIRggYA"",
  ""5"":""BgABAaAB0APgBxIAFAESABIBEgMSARADEgMQAxIFEAcOBRAHDgkOCQ4JDgsMCwwLCgsKDQoPCA0IDwgPBhEEEwYTAhMEFwIXABcAiQIAEwETABEBEQMTAxEDDwMRBQ8FDwUPBw8JDQcNCQ0LDQsLCwsNCw0JDwkPCREHEQcTBxMFEwMVAxcDGQEZARkAFwAVAhUCFQQTBBMGEwYRCBEIDwoPCg8KDQwNDA0MCw4LDgkOCRAJEAcOBxAHEgUQBRIDEAMSAxIBEgEUARIAFLgCAAAFAgUABQIFBAUCBQQDBAUEAwYDBgMIAwgBCAEIAQoACAAIAgYACAQGAgQEBgQEBAQGBAQCBgIGAgYCBgIIAAYA4AEABgEIAAYBBgMGAQQDBgMEAwQFBAMCBQQFAgUABwIFAPkBAG+OAQCCBRESAgAAAuYFABMRAK8CjQMAAJ8BNgA="",
  ""7"":""BgABAQrQBsILhQOvCxQR7wIAEhK+AvYIiwMAAKgCERKwBgA="",
  ""6"":""BgABAsYBnAOqBxgGFgYYBBYEFgIWABQBFgEUAxQDFAUUBRIFEAcSCRAJEAkOCw4NDgsMDQoPCg8KDwgRCBEGEQYRBBMCEwITAhUAkwIBAAERAREBEQEPAxEFEQMPBREFDwcPBw8HDwkNCQ0LDQsNCwsNCw0LDQkPCQ8JDwcRBxEHEwUTAxMFFQEXAxcBGQAVABUCEwIVBBMEEQYTBhEIEQgPChEKDQoPDA0MDQwNDgsOCxALDgkQCRAHEgcQBxIFEgUSBRIBFAMSARIBFAASAOIFABACEgIQAhIEEAQQBhIGEAYQCBAKEAgOChAMDgwMDA4ODA4MDgwODBAKEAoQChIIEggSBhQGFgYUAhYCGAIYABoAGAEYARYBFgMUBRQFEgUSBxAHEAcQCQ4LDgkMCwwNDA0KDQgPCg0GEQgPBhEEEQQRBBMEEwITAhMCFQIVABWrAgAACgEIAQoBCAEGAwYDBgUGBQQFBAUEBQQFAgUABwIFAAUABwEFAAUBBQMFAwUDBQMFBQMFAwUBBQEHAQkBBwAJAJcBDUbpBDASFi4A4AETLC8SBQAvERUrAN8BFC0yEQQA"",
  ""8"":""BgABA9gB6gPYCxYAFAEUARYBEgMUBRQFEgUSBxIHEAcSCQ4JEAkOCw4LDgsMDQwNCg0KDQoPCg8IDwgPBhEGEQQPBBMCEQIRABMAQwAxAA8BEQEPAREDDwMRAw8FEQUPBxEJDwkPCQ8NDw0PDQ8IBwYHCAcGBwgHBgkGBwYJBgcECQYJBAkGCQQJBAsECwQLBA0CCwINAg8CDwIPAA8AaQATAREBEwERAxEFEQURBREHEQcPBw8JDwkPCw8LDQsNDQ0LCw0LDwsNCQ8JDwcPBw8HEQURAxEFEQMRARMBEwFDABEAEwIRAhEEEQQRBg8GEQgPCA8KDwoPCg0MDQwNDAsOCw4LDgkQCRAJDgkQBxIHEAcSBRADEgMUAxIBFAEUABQAagAOAhAADgIOAg4EDAIOBAwEDAQMBgwECgYMBAoGCAYKBgoGCggKBgoICgYICAoICA0MCwwLDgsOCRAHEAcQBxIFEgUSAxIDEgMSARABEgASADIARAASAhICEgQSAhIGEAYSBhAIEAgQCBAKDgoODA4MDgwMDgwODA4KEAwQCBIKEggSCBQIFAYUBBQEFgQWAhYCGAANT78EFis0EwYANBIYLgC0ARcsMRQFADERGS0AswELogHtAhcuNxA3DRkvALMBGjE6ETYSGDIAtAE="",
  ""9"":""BgABAsYBpASeBBcFFQUXAxUDFQEVABMCFQITBBMEEwYRBhMGDwgRCg8KDwoNDA0OCwwNDgkQCRAJEAcSBxIFEgUSAxQBFAEUARYAlAICAAISAhICEgQSAhAGEgQQBhIGEAgSCA4IEAoOChAMDAwODAwODA4MEAoOChAKEAgSCBIIFAYUBBQGFgIYBBgCGgAWABYBFAEWAxQDEgUUBRIHEgcQCRIJEAkOCw4LDgsODQwNDA0MDwoPCg8IDwgRCBEGEQYRBhEEEQITAhECEwARAOEFAA8BEQEPAREDDwMPBREFDwUPBw8JDwcNCQ8LDQsLCw0NCw0LDQsNCw8JEQkPCREHEQcTBRMFEwUTARUBFQEXABkAFwIXAhcCFQQTBhMGEQYRCA8IDwgNCg8MCwoLDAsOCQ4JDgkQBxAHEAUQBRIFEgMSAxQDFAEUAxQAFgEWABamAgAACwIJAgkCCQIHBAcEBwYFBgUGAwYDBgMGAQgBBgEIAAgABgIIAgYCBgQGBAYEBgYGBgQIBAgECAIKAgoCCgAMAJgBDUXqBC8RFS0A3wEUKzARBgAwEhYsAOABEy4xEgMA"",
  "":"":""BgACAWE0rAEADgIOAg4CDgQMBAoGDAYKBgoICAgKCAgIBgoGCgYKBgoEDAQKBAwECgIMAAwCDAAMAAwBCgAMAQoDDAMKAwoDCgUKBQgFCgUIBwgJBgcICQYJBgsGCQQLAg0CDQINAA0ADQENAQ0BCwMNAwkFCwUJBQkHBwcJBwUHBwkFCQUJBQkDCwMJAwsDCQELAAsBCwALAAsCCQALAgkECwQJBAkECQYJBgcGBwgJBgcKBQgHCgUKBQwFCgEOAwwBDgEOAA4BYQDqBAAOAg4CDgIOBAwECgYMBgoGCggICAoICAgGCgYKBgoGCgQMBAoEDAQKAgwADAIMAAwADAEKAAwBCgMMAwoDCgMKBQoFCAUKBQgHCAkGBwgJBgkGCwYJBAsCDQINAg0ADQANAQ0BDQELAw0DCQULBQkFCQcHBwkHBQcHCQUJBQkFCQMLAwkDCwEJAwsACwELAAsACwIJAAsECQILBAkECQQJBgkGBwYHCAkGBwoFCAcKBQoFDAUKAQ4DDAEOAQ4ADg=="",
  ""x"":""BgABARHmAoAJMIMBNLUBNrYBMIQB1AIA9QG/BI4CvwTVAgA5hgFBwAFFxwE1fdUCAI4CwATzAcAE1AIA"",
  "";"":""BgACAWEslgYADgIOAg4CDgQMBAoGDAYKBgoICAgKCAgIBgoGCgYKBgoEDAQKBAwECgIMAAwCDAAMAAwBCgAMAQoDDAMKAwoDCgUKBQgFCgUIBwgJBgcICQYJBgsGCQQLAg0CDQINAA0ADQENAQ0BCwMNAwkFCwUJBQkHBwcJBwUHBwkFCQUJBQkDCwMJAwsBCQMLAAsBCwALAAsCCQALBAkCCwQJBAkECQYJBgcGBwgJBgcKBQgHCgUKBQwFCgEOAwwBDgEOAA4BYwjxBAAOAg4CDAIOBAwECgYMBgoGCggICAgICAgICgYKBgoECgQMBAoECgIMAgoCDAIKAAoADAAKAQwBCgEKAwwDCgMKBQoFCAUKBQgHBgkIBwYJBgkECwYJBAsCDQILAg0CDQADAAEAAwADAAMBAwADAAMAAwEFAAUBBwEHAQcDBwEJAwkBCwMLAwsDDQUNAw0FDwUPBREHEwUTCRMHFwkXCRezAQAgyAEJBgkGCQYHBgkIBwgFCAcKBQoFCgUMAQwDDAEOAQ4AEA=="",
  ""="":""BgACAQUawAUA5gHEBAAA5QHDBAABBQC5AgDsAcQEAADrAcMEAA=="",
  ""B"":""BgABA2e2BMQLFgAUARQBFAEUAxIDEgUSBRIFEAcQBxAJDgkOCQ4LDgsMCwwNDA0KDQgNCg0IDwYPBg8GDwQRBBEEEQIRAhMAEwAHAAkABwEHAAkBCQAHAQkBCQEHAQkBCQMJAwcDCQMJAwkFBwUJAwkHCQUHBQkHCQcJBwcHBwkHBwcJBwsHCQUQBQ4FDgcOCQ4JDAkMCwoNCg0IDwgRBhMEFQQXAhcCGwDJAQEvAysFJwklDSMPHREbFRkXFRsTHw8fCyUJJwcrAy0B6wMAEhIAoAsREuYDAAiRAYEElgEAKioSSA1EOR6JAQAA0wEJkAGPBSwSEiwAzAETKikSjwEAAMUCkAEA"",
  ""A"":""BgABAg/KBfIBqQIAN98BEhHzAgAWEuwCngsREvwCABMR8gKdCxIR8QIAFBI54AEFlwGCBk3TA6ABAE3UAwMA"",
  ""?"":""BgACAe4BsgaYCAAZABkBFwEXBRUDEwUTBxEHEQcPCQ8JDQkNCQ0LCwsLCwsLCQsJCwcNBwsHDQcLBQsFDQULAwkFCwMLAwkDCQMBAAABAQABAAEBAQABAAEAAQABAAABAQAAAQEAEwcBAQABAAMBAwADAAUABQAFAAcABwAFAAcABwAFAgcABQAHAAUAW7cCAABcABgBFgAUAhQAFAISAhACEAIQBA4EDgQMBgwGDAYMBgoICgYKCAgKCggICAgKBgoICgYMCAwGDAgOBg4GEAYQBgIAAgIEAAICBAACAgQCBAIKBAoGCAQKBggIBgYICAYIBggGCgQIBAoECAQKAggCCgIKAAgACgAKAAgBCAEKAwgDCAMIAwgFBgMIBQYHBAUGBQQFBAcCBQQHAgcCCQIHAgkCBwAJAgkACQAJAAkBCQAJAQsACQELAQsDCwELAwsDCwMLAwsDCwULAwsFCwMLBV2YAgYECAQKBAwGDAQMBhAIEAYSBhIIEgYUBhIEFgYUBBYEFgQWAhgCFgIYABYAGAAYARgBGAMWBRYHFgcWCRYLFA0IBQYDCAUIBwYFCAcGBwgHBgcICQYJCAkGCQYJCAsGCwYLBgsGDQYNBA0GDQQNBA8EDwQPAg8EEQIRAhEAEQITAWGpBesGAA4CDgIOAg4EDAQKBgwGCgYKCAgICggICAYKBgoGCgYKBAwECgQMBAoCDAAMAgwADAAMAQoADAEKAwwDCgMKAwoFCgUIBQoFCAcICQYHCAkGCQYLBgkECwINAg0CDQANAA0BDQENAQsDDQMJBQsFCQUJBwcHCQcFBwcJBQkFCQUJAwsDCQMLAwkBCwALAQsACwALAgkACwIJBAsECQQJBAkGCQYHBgcICQYHCgUIBwoFCgUMBQoBDgMMAQ4BDgAO"",
  ""C"":""BgABAWmmA4ADAAUCBQAFAgUEBQIDBAUEAwQDBgMEAQYDBgEGAAgBBgDWAgAAwQLVAgATABMCEQITBBEEEQQRBhEIEQgPCA8KDwoNCg0MDQwNDAsOCw4LDgkOCxAHEAkQBxIHEgUSBRIDEgEUARIBFAAUAMIFABQCFAISBBQEEgQSBhIIEggSCBAKEAoQCg4MDgwODA4ODA4MDgwQDA4KEggQChIIEggSBhIGFAQSAhQCEgIUAMYCAADBAsUCAAUABwEFAAUBBQMDAQUDAwMDAwMFAQMDBQEFAAUBBwAFAMEF"",
  ""L"":""BgABAQmcBhISEdkFABIQALQLwgIAAIEJ9AIAAK8C"",
  ""D"":""BgABAkeyBMQLFAAUARIBFAESAxIDEgMSBRIFEAcQBxAHDgkOCQ4LDgsMCwwNDA0KDwoPCg8IDwgRCBEGEwQTBBMEEwIVAhUAFwDBBQAXARcBFwMTAxUDEwUTBxEHEQcPCQ8JDwkNCw0LCwsLDQsNCQ0JDQcPBw8HDwcRBREFEQMRAxEDEwERARMBEwDfAwASEgCgCxES4AMACT6BAxEuKxKLAQAAvwaMAQAsEhIsAMIF"",
  ""F"":""BgABARGABoIJ2QIAAIECsgIAEhIA4QIRErECAACvBBIR5QIAEhIAsgucBQASEgDlAhES"",
  ""E"":""BgABARRkxAuWBQAQEgDlAhES0QIAAP0BtgIAEhIA5wIRFLUCAAD/AfACABISAOUCERLDBQASEgCyCw=="",
  ""G"":""BgABAZsBjgeIAgMNBQ8FDQUNBQ0HCwcNBwsHCwkLCQsJCwsJCwsLCQsJDQkLBw0HDwcNBw8FDwUPAw8DEQMPAxEBEQERARMBEQAXABUCFwIVAhMEFQQTBhMGEwYRCBEIDwoRCg8KDwwNDA0MDQ4LDgkQCRAJEAcQBxIFEgUUBRQDFAMUARYBFgEYAMoFABQCFAASBBQCEgQSBBIEEgYSBhAGEAgQCBAKDgoOCg4MDgwMDgwOChAKEAoSCBIIFAgUBhQEGAYWAhgEGAIaAOoCAAC3AukCAAcABwEFAQUBBQMFAwMFAwUDBQEFAQcBBQEFAQUABwAFAMUFAAUCBwIFAgUCBQQFBAMGBQYDBgUGAwgDBgMIAQgDCAEIAQoBCAEIAAgACgAIAAgCCAIIAggECgQGBAgECAYIBgC6AnEAAJwCmAMAAJcF"",
  ""H"":""BgABARbSB7ILAQAAnwsSEeUCABISAOAE5QEAAN8EEhHlAgASEgCiCxEQ5gIAEREA/QPmAQAAgAQPEOYCABER"",
  ""I"":""BgABAQmuA7ILAJ8LFBHtAgAUEgCgCxMS7gIAExE="",
  ""J"":""BgABAWuqB7ILALEIABEBEwERAREDEwMRAxEFEQURBw8HEQcPCQ0LDwsNCw0NDQ0LDwsPCxEJEQkTCRMJFQcVBxcFFwMZAxsBGwEbAB8AHQIbAhsEGQYXBhcGFQgTCBMKEwoRDA8KDwwNDA0OCw4LDgkQCRAJEAcQBRIFEgUSAxQDEgESARIBFAESABIAgAEREtoCABERAn8ACQIHBAcEBwYHBgUIBQoDCgMKAwoDDAEKAQwBCgEMAAwACgAMAgoCDAIKBAoECgYKBggGBgYGCAQGBAgCCgAIALIIERLmAgAREQ=="",
  ""M"":""BgACAQRm1gsUABMAAAABE5wIAQDBCxIR5QIAEhIA6gIK5gLVAe0B1wHuAQztAgDhAhIR5QIAEhIAxAsUAPoDtwT4A7YEFgA="",
  ""K"":""BgABAVXMCRoLBQsDCQMLAwsDCwMLAwsBCwELAQsBCwELAQ0ACwELAAsADQALAg0ACwILAA0CCwILAgsCDQQLBAsECwYNBAsGCwYLCAsGCwgJCgsICQoJCgkMCQwJDAkOCRALEAkQCRKZAdICUQAAiwQSEecCABQSAKALExLoAgAREQC3BEIA+AG4BAEAERKCAwAREdkCzQXGAYUDCA0KDQgJCgkMBwoFDAUMAQwBDgAMAg4CDAQOBAwGDghmlQI="",
  ""O"":""BgABAoMBsATaCxwAHAEaARoDGgMYBRYFFgcWBxQJEgkSCRILEAsODQ4NDg0MDwoNDA8KDwgPCBEIDwYRBg8GEQQRAhMCEQITABMA0QUAEQETAREBEQMTBREFEQURBxEHDwcRCQ8LDQsPCw0NDQ0NDwsPCw8LEQkTCRMJEwkVBxUHFwUXAxkDGQEbARsAGwAZAhkCGQQXBhcGFQYVCBUIEwoRChEMEQoRDA8MDQ4NDg0OCxAJEAsQCRAHEgcSBxIFFAMSAxIDEgEUARIAEgDSBQASAhQCEgISBBIEEgYSBhIIEggQCBAKEgwODBAMEA4ODg4QDhIMEAwSChQKFAgUCBYIFgYYBBoGGgQcAh4CHgILggGLAylCWxZbFSlBANEFKklcGVwYKkwA0gU="",
  ""N"":""BgABAQ+YA/oEAOUEEhHVAgASEgC+CxQAwATnBQDIBRMS2AIAExEAzQsRAL8ElgU="",
  ""P"":""BgABAkqoB5AGABcBFQEVAxMDEwMTBREHEQcRBw8JDwkNCQ0LDQsNCwsNCw0JDQkNCQ8HDwcPBxEFEQURAxEDEQMTAREBEwETAH8AAIMDEhHlAgASEgCgCxES1AMAFAAUARIAFAESAxIDEgMSAxIFEAUQBRAHDgkOCQ4JDgsMCwwNDA0KDQoNCg8IDwgRCBEGEwQTBBUEFQIXAhkAGQCzAgnBAsoCESwrEn8AANUDgAEALBISLgDYAg=="",
  ""R"":""BgABAj9msgsREvYDABQAFAESARQBEgESAxIDEgUSBRAFEAcQBw4JDgkOCQ4LDAsMDQwLCg0KDwoNCA8IDwgPBhEEEwYTAhMEFQIXABcAowIAEwEVARMDEwMTBRMFEQcTBxELEQsRDQ8PDREPEQ0VC8QB/QMSEfkCABQSiQGyA3EAALEDFBHnAgASEgCgCwnCAscFogEALhISLACqAhEsLRKhAQAApQM="",
  ""Q"":""BgABA4YBvAniAbkB8wGZAYABBQUFAwUFBQUHBQUDBwUFBQcFBQMHBQcDBwUJAwcDCQMJAwkDCQMJAQsDCwMLAQsDCwENAw0BDQEPAA8BDwAPABsAGwIZAhcEGQQXBBUGFQgVCBMIEQoTChEKDwwPDA8ODQ4NDgsQCxAJEAkQBxIHEgUSBRQFFAMUARQDFAEWABYAxgUAEgIUAhICEgQSBBIGEgYSCBIIEAgQChIMDgwQDBAODg4OEA4SDBAMEgoUChQIFAgWCBYGGAQaBhoEHAIeAh4CHAAcARoBGgMaAxgFFgUWBxYHFAkSCRIJEgsQCw4NDg0ODQwPCg0MDwoPCA8IEQgPBhEGDwYRBBECEwIRAhMAEwC7BdgBrwEImQSyAwC6AylAWxZbFSk/AP0BjAK7AQeLAoMCGEc4J0wHVBbvAaYBAEM="",
  ""S"":""BgABAYMC8gOEBxIFEgUQBxIFEgcSBxIJEgcSCRIJEAkQCRALEAsOCw4NDg0MDQ4PDA0KEQoPChEKEQgRCBMGFQQTBBcCFQAXABkBEwARAREBEQMPAQ8DDwMPAw0DDQUNAw0FCwULBwsFCwUJBwsFCQcHBQkHCQUHBwcHBwUHBwUFBQcHBwUHAwcFEQsRCxMJEwkTBxMFEwUVBRUDFQMVARMBFwEVABUAFQIVAhUCFQQVBBUEEwYVBhMIEwgTCBMIEwgRCBMKEQgRCmK6AgwFDgUMAw4FEAUOBRAFEAUQBRAFEAMSAw4DEAMQAxABEAEOAQ4AEAIMAg4CDgQMBAwGCggKCAoKBgwGDgYQBBACCgAMAAoBCAMKBQgFCAcIBwgJCAsGCQgLCA0IDQgNCA8IDQgPCA8IDwgPChEIDwgPCBEKDwoPDBEMDwwPDg8ODw4NEA0QCxALEgsSCRIHEgcUBRQFGAUYAxgBGgEcAR4CJAYkBiAIIAweDBwQHBAYEhgUFBYUFhQWEBoQGg4aDBwKHAoeBh4GIAQgAiACIgEiASIFIgUiBSAJIgkgCyINZ58CBwQJAgkECwQLAgsECwINBA0CDQQNAg0CDQALAg0ADQANAAsBCwELAQsDCwULBQkFCQcHBwcJBwkFCwMLAw0BDQENAAsCCwQLBAkGCQgJCAkKBwoJCgcMBQoHDAcMBQwF"",
  ""V"":""BgABARG2BM4DXrYEbKwDERL0AgAVEesCnQsSEfsCABQS8QKeCxES8gIAExFuqwNgtQQEAA=="",
  ""T"":""BgABAQskxAv0BgAAtQKVAgAA+wgSEeUCABISAPwImwIAALYC"",
  ""U"":""BgABAW76B7ALAKMIABcBFwMXARUFFQUTBxMHEwkRCREJEQsPDQ0LDw0NDwsPCw8LEQkPCRMJEQcTBxMFEwUVBRUDEwMXARUBFQEXABUAEwIVAhMCFQQTBBUEEwYTBhMIEwgRChEIEQwRDA8MDw4PDg0OCxANEAsSCRIJEgcUBxQHFAMWBRYBGAEYARgApggBAREU9AIAExMAAgClCAALAgkECQQHBAcIBwgHCAUKBQoDCgMKAwwBCgEMAQwADAAMAgoCDAIKAgoECgQKBggGCAYICAYKBAgCCgIMAgwApggAARMU9AIAExM="",
  ""X"":""BgABARmsCBISEYkDABQSS54BWYICXYkCRZUBEhGJAwAUEtYCzgXVAtIFExKIAwATEVClAVj3AVb0AVKqAREShgMAERHXAtEF2ALNBQ=="",
  ""W"":""BgABARuODcQLERHpAp8LFBHlAgASEnW8A2+7AxIR6wIAFBKNA6ALERKSAwATEdQB7wZigARZ8AIREugCAA8RaKsDYsMDXsoDaqYDExLqAgA="",
  ""Y"":""BgABARK4BcQLhgMAERHnAvMGAKsEEhHnAgAUEgCsBOkC9AYREoYDABERWOEBUJsCUqICVtwBERI="",
  ""Z"":""BgABAQmAB8QLnwOBCaADAADBAusGAMgDggmhAwAAwgLGBgA="",
  ""`"":""BgABAQfqAd4JkQHmAQAOlgJCiAGpAgALiwIA"",
  ""c"":""BgABAW3UA84GBQAFAQUABQEFAwMBBQMDAwMDAwUBAwMFAQUABQEHAAUAnQMABQIFAAUCBQQFAgMEBQQDBAMGAwQBBgMGAQYABgEGAPABABoMAMsCGw7tAQATABMCEwARAhMEEQIPBBEEDwQPBg8IDwYNCA0KDQoNCgsMCwwLDAkOCRAHDgcQBxIFEgUUBRQDFAEWAxgBGAAYAKQDABQCFAISBBQCEgYSBhAGEggQCBAIEAoQCg4MDAwODAwODAwKDgwQCg4IEAgQCBAIEAYSBhIGEgQSAhQCFAIUAOABABwOAM0CGQzbAQA="",
  ""a"":""BgABApoB8AYCxwF+BwkHCQcJCQkHBwkHBwcJBQkFBwUJBQkFCQMHBQkDCQMJAwcDCQEHAQkBBwEJAQcABwAHAQcABQAHAAUBBQAFABMAEwITAhEEEwQPBBEGDwgPCA0IDwoLCg0KCwwLDAsMCQ4JDgkOBw4HEAcQBRAFEAUSAxADEgESAxIBFAESABQAFAISAhQCEgQSBBIEEgYSBhIIEAgQChAIDgwODA4MDg4MDgwODBAMEAoSCBIKEggUCBQGFgYWBBgEGAIaAhoAcgAADgEMAQoBCgEIAwgDBgUEBQQFBAcCBwIHAgkCCQAJAKsCABcPAMwCHAvCAgAUABYBEgAUARIDFAMQAxIDEAUSBQ4FEAcOCRAJDAkOCwwLDA0MCwoNCg8IDwgPCA8GEQYRBhMEEwIXAhUCFwAZAIMGFwAKmQLqA38ATxchQwgnGiMwD1AMUDYAdg=="",
  ""b"":""BgABAkqmBIIJGAAYARYBFgEUAxQDEgUSBRIFEAcQCQ4HDgkOCw4LDAsMDQoNCg0KDQgPBg8GDwYRBBEEEQQTBBECEwIVAhMAFQD/AgAZARcBFwEXAxUDEwUTBREFEQcPBw8JDwkNCQ0LDQsLCwsNCQ0JDQcPBw8HDwURAxEDEQMTAxMBEwMVARUAFQHPAwAUEgCWCxEY5gIAERkAowKCAQAJOvECESwrEn8AAJsEgAEALBISLgCeAw=="",
  ""d"":""BgABAkryBgDLAXAREQ8NEQ0PDREJDwkRBw8FDwURAw8DDwERAw8BEQEPACMCHwQfCB0MGw4bEhcUFxgVGhEeDSANJAkmBSgDKgEuAIADABYCFAIUAhQCFAQUBBIGEgYSBhAIEAgQCBAKDgoODAwMDAwMDgoOCg4KEAgQCBIGEgYSBhQEFgQWBBYCGAIYAHwAAKQCERrmAgARFwCnCxcADOsCugJGMgDmA3sAKxERLQCfAwolHBUmBSQKBAA="",
  ""e"":""BgABAqMBigP+AgAJAgkCCQQHBAcGBwYFCAUIBQgDCgMIAQoDCAEKAQoACgAKAAoCCAIKAggECgQIBAgGCAYGBgQIBAoECAIKAAyiAgAAGQEXARcBFwMVBRMFEwURBxEHDwcPCQ8LDQkNCwsNCw0LDQkNBw8JDwcPBQ8FEQURAxEDEwMTAxMBFQAVARcALwIrBCkIJwwlDiESHxQbGBkaFR4TIA0iCyQJKAMqASwAggMAFAIUABIEFAISBBIEEgQSBhIGEAgQCBAIEAoODA4MDgwODgwQDBAKEAoSChIIFAgUCBYGGAQYBhoCGgQcAh4ALgEqAygFJgkkDSANHhEaFRgXFBsSHQ4fDCUIJwQpAi0AGQEXAxcDFQcTBRMJEQkPCw8LDQ0PDQsNDQ8LEQsRCxEJEwkTCRMJEwcTBxUHFQUVBRUHFQUVBRUHFwcVBRUHCs4BkAMfOEUURxEfMwBvbBhAGBwaBiA="",
  ""h"":""BgABAUHYBJAGAAYBBgAGAQYDBgEEAwYDBAMEBQQDAgUEBQIFAAUCBQB1AAC5BhIT5wIAFhQAlAsRGOYCABEZAKMCeAAYABgBFgEWARQDFAMSBRIFEgUQBxAJDgcOCQ4LDgsMCwwNCg0KDQoNCA8GDwYPBhEEEQQRBBMEEQITAhUCEwAVAO0FFhPnAgAUEgD+BQ=="",
  ""g"":""BgABArkBkAeACQCNCw8ZERkRFxEVExMVERUPFQ8XDRcLGQkZBxsFGwUdAR0BDQALAA0ADQINAAsCDQANAg0CDQILAg0EDQINBA0GDQQNBg0EDQYNCA0GDwgNCA0IDQgPCg0KDwwNDA8MDw4PDqIB7gEQDRALEAkQCQ4JEAcOBw4FDgUOAwwFDgMMAQwBDAEMAQwACgEKAAoACAIIAAgCCAIGAggCBgIGBAYCBgQEAgYEAqIBAQADAAEBAwADAAMABQADAAUAAwAFAAMABQAFAAMABQA3ABMAEwIRAhMCEQQRBBEEEQYRBg8IDwgPCA0KDQoNCg0MCwwLDgsOCQ4JDgkQBxAHEgcSBRIDFAMWAxQBFgEYABgA/gIAFgIWAhQEFgQUBBIGFAgSCBIIEAoSChAKDgwODA4MDg4MDgwODA4KEAgQCBAIEgYSBhIEEgYSBBQCEgIUAhQCOgAQABABDgEQAQ4BEAMOAw4FDgUOBQwFDgcMBQ4HDAkMB4oBUBgACbsCzQYAnAR/AC0RES0AnQMSKy4RgAEA"",
  ""f"":""BgABAUH8A6QJBwAHAAUABwEFAQcBBQEFAwUDBQMDAwMDAwUDAwMFAQUAwQHCAQAWEgDZAhUUwQEAAOMEFhftAgAWFADKCQoSChIKEAoQCg4KDgwOCgwMDAoKDAwMCgwIDAgMCAwIDAYOCAwEDgYMBA4GDAIOBA4CDgQOAg4CDgAOAg4ADgC2AQAcDgDRAhkQowEA"",
  ""i"":""BgACAQlQABISALoIERLqAgAREQC5CBIR6QIAAWELyAoADgIOAgwEDgIKBgwGCgYKCAoGCAgICggIBggGCgYKBAoECgQMBAoCDAIMAgwCDAAMAAwADAEMAQoBDAMKAwoDCgUKBQgFCgUIBwgHCAcICQgJBgkECwQJBA0CCwANAA0ADQELAQ0BCwMJBQsFCQUJBwkFBwcHBwcJBQcFCQUJBQkDCQMLAwkBCwELAQsACwALAAsCCwILAgkCCwIJBAkECQQJBgcGCQYHCAcIBwgHCgUKBQwFCgMMAQwBDgEMAA4="",
  ""j"":""BgACAWFKyAoADgIOAgwEDgIKBgwGCgYKCAoGCAgICggIBggGCgYKBAoECgQMBAoCDAIMAgwCDAAMAAwADAEMAQoBDAMKAwoDCgUKBQgFCgUIBwgHCAcICQgJBgkECwQJBA0CCwANAA0ADQELAQ0BCwMJBQsFCQUJBwkFBwcHBwcJBQcFCQUJBQkDCQMLAwkBCwELAQsACwALAAsCCwILAgkCCwIJBAkECQQJBgcGCQYHCAcIBwgHCgUKBQwFCgMMAQwBDgEMAA4BO+YCnwwJEQkRCQ8JDwsNCQ0LDQkLCwsJCQsLCQkLBwsHCwcLBwsFCwcNAwsFDQMLBQ0BDQMNAQ0DDQENAQ0ADQENAA0AVwAbDQDSAhoPQgAIAAgABgAIAgYCCAIGAgYEBgQGBAQEBAQEBgQEBAYCBgC4CRES6gIAEREAowo="",
  ""k"":""BgABARKoA/QFIAC0AYoD5gIAjwK5BJICwwTfAgDDAbIDFwAAnwMSEeUCABISAJILERLmAgAREQCvBQ=="",
  ""n"":""BgABAW1yggmQAU8GBAgEBgQGBgYCCAQGBAYEBgQIAgYECAQGAggEBgIIBAgCCAQIAggCCAIIAgoACAIKAAgCCgAKAgoADAAKAgwAFgAWARQAFAEUAxQDFAMSAxIFEgUQBRIHEAkOBxAJDgsOCwwLDA0MDQoPCA8IEQgRBhEGEwYVBBUEFQIXAhkCGQDtBRQR5QIAFBAA/AUACAEIAQYBCAMGBQQFBgUEBwQFBAcCBwIHAgcCCQIHAAcACQAHAQcABwMHAQUDBwMFAwUFBQUDBQEFAwcBBwAHAPkFEhHjAgASEgDwCBAA"",
  ""m"":""BgABAZoBfoIJigFbDAwMCg4KDggOCA4IDgYQBhAGEAQQBBAEEAISAhACEgAmASQDJAciCyANHhEcFRwXDg4QDBAKEAwQCBAKEggSBhIGEgYSBBQEEgIUAhICFAAUABQBEgEUARIDEgMSAxIFEgUQBxAHEAcQBw4JDgkOCw4LDAsMDQoNCg8KDwgPCBEIEQYRBBMEEwQTAhMCFQAVAP0FEhHlAgASEgCCBgAIAQgBBgEGAwYFBgUEBQQHBAUEBwIHAgcCBwIJAAcABwAJAAcBBwEHAQUBBwMFAwUDBQMDBQMFAwUBBQEHAQcAgQYSEeUCABISAIIGAAgBCAEGAQYDBgUGBQQFBAcEBQQHAgcCBwIHAgkABwAHAAkABwEHAQcBBQEHAwUDBQMFAwMFAwUDBQEFAQcBBwCBBhIR5QIAEhIA8AgYAA=="",
  ""l"":""BgABAQnAAwDrAgASFgDWCxEa6gIAERkA0wsUFw=="",
  ""y"":""BgABAZ8BogeNAg8ZERkRFxEVExMVERUPFQ8XDRcLGQkZBxsFGwUdAR0BDQALAA0ADQINAAsCDQANAg0CDQILAg0EDQINBA0GDQQNBg0EDQYNCA0GDwgNCA0IDQgPCg0KDwwNDA8MDw4PDqIB7gEQDRALEAkQCQ4JEAcOBw4FDgUOAwwFDgMMAQwBDAEMAQwACgEKAAoACAIIAAgCCAIGAggCBgIGBAYCBgQEAgYEAqIBAQADAAEBAwADAAMABQADAAUAAwAFAAMABQAFAAMABQA3ABMAEwIRABECEwQRAg8EEQQPBBEGDwgNCA8IDQgNCg0MDQwLDAkOCw4JDgcQBxAHEgUSBRQFFAMWARgDGAEaABwA9AUTEuQCABEPAP8FAAUCBQAFAgUEBQIDBAUEAwQDBgMEAQYDBgEGAAgBBgCAAQAAvAYREuICABMPAP0K"",
  ""q"":""BgABAmj0A4YJFgAWARQAEgESAxADEAMOAw4FDgUMBQ4HDgcOBwwJDgmeAU4A2QwWGesCABYaAN4DAwADAAMBAwADAAUAAwADAAMABQAFAAUABwAHAQcACQAVABUCFQATAhUCEwQRAhMEEQQRBhEGDwgPCA8IDQoNDA0MCwwLDgkOCRAJEAkQBxIHEgUUBRYDFgMYARoBGgAcAP4CABYCFgIWBBYEFAQSBhQIEggSCBAKEgoQDA4MDgwODg4ODBAMDgwQChIIEAoSCBIGEgYUBhQEFAQWAhYCFgIWAApbkQYSKy4ReAAAjARTEjkRHykJMwDvAg=="",
  ""p"":""BgABAmiCBIYJFgAWARYBFAEWAxQDEgUUBRIFEgcSBxAJEAkQCQ4LDgsOCwwNDA0KDwoPCg8IEQgRCBEGEwQTBhMCFQQVAhUAFQD9AgAbARkBFwMXAxcDEwUTBxMHEQcRCQ8JDQsNCw0LCw0LDQkPCQ0JDwURBxEFEQURAxMDEQMTARUBEwEVARUBFQAJAAcABwAFAAcABQAFAAMAAwADAAUAAwIDAAMAAwIDAADdAxYZ6wIAFhoA2gyeAU0OCgwIDgoMCA4GDgYMBg4GDgQQBBAEEgQUAhQCFgIWAApcoQMJNB8qNxJVEQCLBHgALhISLADwAg=="",
  ""o"":""BgABAoMB8gOICRYAFgEWARQBFgMUAxIDFAUSBRIHEgcQBxAJEAkOCw4LDgsMDQwNCg8KDwoPCg8IEQgRBhMGEwQTBBMCFQIVABcAiwMAFwEVARUDEwMTAxMFEwcRBxEHDwkPCQ8LDQsNCw0NCw0LDwkNCw8HEQkPBxEHEQcRBRMFEwMTAxUDFQEVABUAFQAVAhUCFQITBBMEEwYTBhEGEQgRCA8KDwoPCg0KDQwNDAsOCw4JDgkQCRAJEgcSBxIFFAUUAxQDFgEWARYAFgCMAwAYAhYCFgQUBBQEFAYUCBIIEggQChAKEAwODA4MDg4MDgwQCg4KEgoQChIIEggSBhQGEgYUBBYEFAIWAhYCFgALYv0CHTZBFEMRHTcAjwMcNUITQhIiOACQAw=="",
  ""r"":""BgACAQRigAkQAA8AAAABShAAhAFXDAwODAwKDgoOCBAIDgYQBhAEEAQQBBAEEAISABACEAAQAA4BEAAQARADEAEQAxADEAUSBRIHFAcUCxQLFA0WDVJFsQHzAQsMDQwLCgkICwgLCAkGCQYJBAkGBwIJBAcCBwQHAAcCBwAFAgcABQAHAQUABQEFAQUBBQEDAQUBAwMDAQMDAwEAmwYSEeMCABISAO4IEAA="",
  ""u"":""BgABAV2KBwGPAVANCQsHDQcNBw0FCwUNBQ0FDQMPAw8DEQMTARMBFQEVABUAFQITABMEEwITBBMEEQQRBhEGDwYRCA8KDQgPCg0MDQwLDAsOCRALDgcQBxIHEgUUBRQFFAMWAxgBGAEYARoA7gUTEuYCABMPAPsFAAcCBwIFBAcCBQYDBgUGAwgDBgMIAQgBCAEIAQoBCAAIAAoACAIIAggCCAIGBAgEBgQGBgYGBAYCBgQIAggACAD6BRES5AIAEREA7wgPAA=="",
  ""s"":""BgABAasC/gLwBQoDCgMMBQ4DDgUOBRAFEAUSBRAHEgcQCRIJEAkSCxALEAsQDRANDg0ODw4PDA8MDwoRChEIEwYTBBcCFQIXABkBGQEXAxcFFQUTBRMHEwcRCREJDwkNCQ8LDQ0LCwsNCw0JDQkPBw8HDwUPBREDEQMRAREDEQETABEBEwARABMADwIRABECEQIRBBMCEwQVBBUEFQYVBhMIFwgVChUKFQxgsAIIAwYDCAMKAQgDCAMKAQoDCgEKAwoBCgMKAQwDCgEKAwoBDAMKAQoBCgEMAQoACgEKAAoBCgAKAQgACgAIAQgABgoECAIKAgoCCgAMAQoBDAUEBwIHBAcEBwIHBAkECQQJBAkECQYLBAkGCwYJBgsGCwYJCAsGCwgJBgsICQgLCAkICwgJCgkKCQoJCgcKCQwHDAcMBwwFDAcMAw4FDAMOAw4BDgMQARAAEAESABIAEgIQAg4CDgIOBA4CDgQMBAwEDAQMBgoECgYKBgoGCgYIBggGCAgIBggGBgYIBgYGBgYGBgYGBAgGBgQIBAYECAQQChIIEggSBhIEEgQSBBQCFAISABQAEgASABIAEgESARIBEAEQAxIDDgMQAxADDgUOBQwDDAMMAwoDCAMIAQYBe6cCAwIDAgUAAwIFAgUCBwIFAgcCBQIHAgUCBwIHAAUCBwIHAgUABwIHAgcABQIHAAcCBwAFAgUABQIFAAUABQIDAAEAAQABAQEAAQEBAQEBAQEBAQEDAQEAAwEBAQMAAwEDAAMBAwADAQMAAwABAQMAAwADAAEAAwIBAAMCAQQDAgE="",
  ""t"":""BgABAUe8BLACWAAaEADRAhsOaQANAA0ADwINAA0CDQANAg0CDQINBA0CCwYNBA0GCwYNBgsIDQgLCAsKCwgJDAsKCQwJDAkOCQ4HEAcSBxIHEgUUAOAEawAVEQDWAhYTbAAAygIVFOYCABUXAMUCogEAFhQA1QIVEqEBAADzAwIFBAMEBQQDBAMEAwYDBgMGAwYBCAEGAQgBBgEIAAgA"",
  ""w"":""BgABARz8BsAEINYCKNgBERLuAgARD+8B3QgSEc0CABQSW7YCV7UCFBHJAgASEpMC3AgREvACABERmAHxBDDaAVeYAxES7gIAEREo1QE81wIIAA=="",
  ""z"":""BgABAQ6cA9AGuQIAFw8AzAIaC9QFAAAr9wKjBuACABYQAMsCGQyZBgCaA9AG""
   }';
BEGIN

  IF font IS NULL THEN
    font := font_default;
  END IF;

  -- For character spacing, use m as guide size
  geom := ST_GeomFromTWKB(decode(font->>'m', 'base64'));
  m_width := ST_XMax(geom) - ST_XMin(geom);
  spacing := m_width / 12;

  letterarray := regexp_split_to_array(replace(letters, ' ', E'\t'), E'');
  FOREACH letter IN ARRAY letterarray
  LOOP
    geom := ST_GeomFromTWKB(decode(font->>(letter), 'base64'));
    -- Chars are not already zeroed out, so do it now
    geom := ST_Translate(geom, -1 * ST_XMin(geom), 0.0);
    -- unknown characters are treated as spaces
    IF geom IS NULL THEN
      -- spaces are a ""quarter m"" in width
      width := m_width / 3.5;
    ELSE
      width := (ST_XMax(geom) - ST_XMin(geom));
    END IF;
    geom := ST_Translate(geom, position, 0.0);
    -- Tighten up spacing when characters have a large gap
    -- between them like Yo or To
    adjustment := 0.0;
    IF prevgeom IS NOT NULL AND geom IS NOT NULL THEN
      dist = ST_Distance(prevgeom, geom);
      IF dist > spacing THEN
        adjustment = spacing - dist;
        geom := ST_Translate(geom, adjustment, 0.0);
      END IF;
    END IF;
    prevgeom := geom;
    position := position + width + spacing + adjustment;
    wordarr := array_append(wordarr, geom);
  END LOOP;
  -- apply the start point and scaling options
  wordgeom := ST_CollectionExtract(ST_Collect(wordarr));
  wordgeom := ST_Scale(wordgeom,
                text_height/font_default_height,
                text_height/font_default_height);
  return wordgeom;
END;
","CREATE OR REPLACE FUNCTION public.st_letters(letters text, font json DEFAULT NULL::json)
 RETURNS geometry
 LANGUAGE plpgsql
 IMMUTABLE PARALLEL SAFE COST 500
 SET standard_conforming_strings TO 'on'
AS $function$
DECLARE
  letterarray text[];
  letter text;
  geom geometry;
  prevgeom geometry = NULL;
  adjustment float8 = 0.0;
  position float8 = 0.0;
  text_height float8 = 100.0;
  width float8;
  m_width float8;
  spacing float8;
  dist float8;
  wordarr geometry[];
  wordgeom geometry;
  -- geometry has been run through replace(encode(st_astwkb(geom),'base64'), E'\n', '')
  font_default_height float8 = 1000.0;
  font_default json = '{
  ""!"":""BgACAQhUrgsTFOQCABQAExELiwi5AgAJiggBYQmJCgAOAg4CDAIOBAoEDAYKBgoGCggICAgICAgGCgYKBgoGCgQMBAoECgQMAgoADAIKAAoADAEKAAwBCgMKAQwDCgMKAwoFCAUKBwgHBgcIBwYJBgkECwYJBAsCDQILAg0CDQANAQ0BCwELAwsDCwUJBQkFCQcHBwcHBwcFCQUJBQkFCQMLAwkDCQMLAQkACwEJAAkACwIJAAsCCQQJAgsECQQJBAkGBwYJCAcIBQgHCAUKBQoDDAUKAQwDDgEMAQ4BDg=="",
  ""&"":""BgABAskBygP+BowEAACZAmcAANsCAw0FDwUNBQ0FDQcLBw0HCwcLCQsJCwkLCQkJCwsJCwkLCQ0HCwcNBw8HDQUPBQ8DDwMRAw8DEQERAREBEQERABcAFQIXAhUCEwQVBBMGEwYTBhEIEQgPChEKDwoPDA0MDQwNDgsOCRAJEAkQBxAHEgUSBRQFFAMUAxQBFgEWARgAigEAFAISABICEgQQAhAEEAQQBg4GEAoOCg4MDg4ODgwSDgsMCwoJDAcMBwwFDgUMAw4DDgEOARABDgEQARIBEAASAHgAIAQeBB4GHAgaChoMGA4WDhYQFBISEhISDhQQFAwWDBYKFgoYBhgIGAQYBBgCGgAaABgBGAMYAxYHFgUWCRYJFAsUCxIPEg0SERARDhMOFQwVDBcIGQYbBhsCHQIfAR+dAgAADAAKAQoBCgEIAwgFBgUGBQYHBAUEBwQHAgcCBwIHAAcABwAHAQcBBwMHAwUDBwUFBQUHBQUBBwMJAQkBCQAJAJcBAAUCBQAFAgUEBQIDBAUEAwQDBgMEAQYDBgEGAAgBBgAKSeECAJ8BFi84HUQDQCAAmAKNAQAvExMx"",
  ""\"""":""BgACAQUmwguEAgAAkwSDAgAAlAQBBfACAIACAACTBP8BAACUBA=="",
  ""''"":""BgABAQUmwguEAgAAkwSDAgAAlAQ="",
  ""("":""BgABAUOQBNwLDScNKw0rCysLLwsxCTEJMwc1BzcHNwM7AzsDPwE/AEEANwI1AjMEMwIzBjEGLwYvCC0ILQgrCCkKKQonCicMJbkCAAkqCSoHLAksBywFLgcuBS4FMAMwAzADMgEwATQBMgA0ADwCOgI6BDoEOAY4BjYINgg2CjQKMgoyCjIMMAwwDi7AAgA="",
  "")"":""BgABAUMQ3Au6AgAOLQwvDC8KMQoxCjEKMwg1CDUGNQY3BDcEOQI5AjkAOwAzATEBMQExAy8DLwMvBS8FLQctBS0HKwktBykJKwkpswIADCYKKAooCioIKggsCC4ILgYwBjAGMgQ0AjQCNAI2ADgAQgFAAz4DPAM8BzgHOAc2CTQJMgsyCzALLg0sDSoNKg=="",
  ""+"":""BgABAQ3IBOwGALcBuAEAANUBtwEAALcB0wEAALgBtwEAANYBuAEAALgB1AEA"",
  ""/"":""BgABAQVCAoIDwAuyAgCFA78LrQIA"",
  ""4"":""BgABAhDkBr4EkgEAEREApwJ/AADxARIR5QIAEhIA9AHdAwAA7ALIA9AG6gIAEREA8QYFqwIAAIIDwwH/AgABxAEA"",
  ""v"":""BgABASDmA5AEPu4CROwBExb6AgAZFdMC0wgUFaECABIU0wLWCBcW+AIAExVE6wEEFQQXBBUEFwQVBBUEFwQVBBUEFwQVBBUEFwQXBBUEFwYA"",
  "","":""BgABAWMYpAEADgIOAgwCDgQMBAoGDAYKBgoICAgICAgICAoGCgYKBAoEDAQKBAoCDAIKAgwCCgAKAAwACgEMAQoBCgMMAwoDCgUKBQgFCgUIBwYJCAcGCQYJBAsGCQQLAg0CCwINAg0AAwABAAMAAwADAQMAAwADAAMBBQAFAQcBBwEHAwcBCQMJAQsDCwMLAw0FDQMNBQ8FDwURBxMFEwkTBxcJFwkXswEAIMgBCQYJBgkGBwYJCAcIBQgHCgUKBQoFDAEMAwwBDgEOABA="",
  ""-"":""BgABAQUq0AMArALEBAAAqwLDBAA="",
  ""."":""BgABAWFOrAEADgIOAg4CDgQMBAoGDAYKBgoICAgKCAgIBgoGCgYKBgoEDAQKBAwECgIMAAwCDAAMAAwBCgAMAQoDDAMKAwoDCgUKBQgFCgUIBwgJBgcICQYJBgsGCQQLAg0CDQINAA0ADQENAQ0BCwMNAwkFCwUJBQkHBwcJBwUHBwkFCQUJBQkDCwMJAwsDCQELAAsBCwALAAsCCQALAgkECwQJBAkECQYJBgcGBwgJBgcKBQgHCgUKBQwFCgEOAwwBDgEOAA4="",
  ""0"":""BgABAoMB+APaCxwAHAEaARoDFgMYBRYFFAcUBxIJEgkQCRALEAsOCwwNDA0MDQoPCg0IDwgPBhEGDwYRBA8EEQIRAhMCEQITABMA4QUAEQETAREBEQMRAxEFEQURBREHDwkPBw8JDwsNCw0LDQ0NDQsNCw8JEQkRCREJEwcTBxUFFQUVAxUDFwEXARkAGQAZAhcCFwQXBBUGEwYTCBMIEQoRCg8KDwoPDA0MDQ4NDgsOCQ4JEAkQBxAHEAUSBRIDEgMSAxIDEgESARQAEgDiBQASAhQCEgISBBIEEgYSBhIGEggQChAIEAoQDBAMDgwODg4ODA4MEgwQChIKEggUCBQIFgYWBBYGGAQYAhgCGgILZIcDHTZBEkMRHTUA4QUeOUITRBIePADiBQ=="",
  ""2"":""BgABAWpUwALUA44GAAoBCAEKAQgDBgMGBQYFBgUEBwQFBAUCBwIHAgUABwAHAAUBBwMFAQcFBQMHBQUHBQcFBwMJAwkBCQELAQsAC68CAAAUAhIAFAISBBQCEgQUBBIEEgYUCBIGEAgSChAKEAoQDBAMDg4ODgwQDBIMEgoSChQIFggWCBgGGAQaAhwCHAIWABQBFgEUARQDFAMSAxQFEgUSBxIHEAkQCRALDgsODQ4NDA8KDwwRCBMKEwgTBhUGFwQXBBcEGwAbABsAHQEftwPJBdIDAACpAhIPzwYAFBIArgI="",
  ""1"":""BgABARCsBLALAJ0LEhERADcA2QEANwATABQSAOYIpwEAALgCERKEBAASABER"",
  ""3"":""BgABAZ0B/gbEC/sB0QQOAwwBDAMMAwwFCgMKBQoFCgUIBwoFCAcICQgJBgkICQYLCAsECwYLBA0GDwINBA8CDwQRAhECEQITABUCFQAVAH0AEQETAREBEQETAxEDEQURBREFDwcRBw8JDwkNCQ8LDQsNDQsNCw0LDwsPCREJEQcRBxMFFQUVBRUDFwEXARkAGQAZAhkCFwQVBBUEEwYTCBEIEQgRCg0MDwoNDA0OCw4LDgkQCRAHEAkQBRAFEgUSAxIDFAMSAxYBFAEWARYAFqQCAAALAgkCCQQHAgcGBwYHBgUIBQYDCAMIAwYDCAEIAQgACAAIAAgCCAIIAgYCCAQIBAgGBgYEBgQIBAoCCgAKAAwAvAEABgEIAAYBBgMGAwQDBgMEBQQDBAUCBQQFAgUABwIFAJkBAACmAaIB3ALbAgAREQDmAhIRggYA"",
  ""5"":""BgABAaAB0APgBxIAFAESABIBEgMSARADEgMQAxIFEAcOBRAHDgkOCQ4JDgsMCwwLCgsKDQoPCA0IDwgPBhEEEwYTAhMEFwIXABcAiQIAEwETABEBEQMTAxEDDwMRBQ8FDwUPBw8JDQcNCQ0LDQsLCwsNCw0JDwkPCREHEQcTBxMFEwMVAxcDGQEZARkAFwAVAhUCFQQTBBMGEwYRCBEIDwoPCg8KDQwNDA0MCw4LDgkOCRAJEAcOBxAHEgUQBRIDEAMSAxIBEgEUARIAFLgCAAAFAgUABQIFBAUCBQQDBAUEAwYDBgMIAwgBCAEIAQoACAAIAgYACAQGAgQEBgQEBAQGBAQCBgIGAgYCBgIIAAYA4AEABgEIAAYBBgMGAQQDBgMEAwQFBAMCBQQFAgUABwIFAPkBAG+OAQCCBRESAgAAAuYFABMRAK8CjQMAAJ8BNgA="",
  ""7"":""BgABAQrQBsILhQOvCxQR7wIAEhK+AvYIiwMAAKgCERKwBgA="",
  ""6"":""BgABAsYBnAOqBxgGFgYYBBYEFgIWABQBFgEUAxQDFAUUBRIFEAcSCRAJEAkOCw4NDgsMDQoPCg8KDwgRCBEGEQYRBBMCEwITAhUAkwIBAAERAREBEQEPAxEFEQMPBREFDwcPBw8HDwkNCQ0LDQsNCwsNCw0LDQkPCQ8JDwcRBxEHEwUTAxMFFQEXAxcBGQAVABUCEwIVBBMEEQYTBhEIEQgPChEKDQoPDA0MDQwNDgsOCxALDgkQCRAHEgcQBxIFEgUSBRIBFAMSARIBFAASAOIFABACEgIQAhIEEAQQBhIGEAYQCBAKEAgOChAMDgwMDA4ODA4MDgwODBAKEAoQChIIEggSBhQGFgYUAhYCGAIYABoAGAEYARYBFgMUBRQFEgUSBxAHEAcQCQ4LDgkMCwwNDA0KDQgPCg0GEQgPBhEEEQQRBBMEEwITAhMCFQIVABWrAgAACgEIAQoBCAEGAwYDBgUGBQQFBAUEBQQFAgUABwIFAAUABwEFAAUBBQMFAwUDBQMFBQMFAwUBBQEHAQkBBwAJAJcBDUbpBDASFi4A4AETLC8SBQAvERUrAN8BFC0yEQQA"",
  ""8"":""BgABA9gB6gPYCxYAFAEUARYBEgMUBRQFEgUSBxIHEAcSCQ4JEAkOCw4LDgsMDQwNCg0KDQoPCg8IDwgPBhEGEQQPBBMCEQIRABMAQwAxAA8BEQEPAREDDwMRAw8FEQUPBxEJDwkPCQ8NDw0PDQ8IBwYHCAcGBwgHBgkGBwYJBgcECQYJBAkGCQQJBAsECwQLBA0CCwINAg8CDwIPAA8AaQATAREBEwERAxEFEQURBREHEQcPBw8JDwkPCw8LDQsNDQ0LCw0LDwsNCQ8JDwcPBw8HEQURAxEFEQMRARMBEwFDABEAEwIRAhEEEQQRBg8GEQgPCA8KDwoPCg0MDQwNDAsOCw4LDgkQCRAJDgkQBxIHEAcSBRADEgMUAxIBFAEUABQAagAOAhAADgIOAg4EDAIOBAwEDAQMBgwECgYMBAoGCAYKBgoGCggKBgoICgYICAoICA0MCwwLDgsOCRAHEAcQBxIFEgUSAxIDEgMSARABEgASADIARAASAhICEgQSAhIGEAYSBhAIEAgQCBAKDgoODA4MDgwMDgwODA4KEAwQCBIKEggSCBQIFAYUBBQEFgQWAhYCGAANT78EFis0EwYANBIYLgC0ARcsMRQFADERGS0AswELogHtAhcuNxA3DRkvALMBGjE6ETYSGDIAtAE="",
  ""9"":""BgABAsYBpASeBBcFFQUXAxUDFQEVABMCFQITBBMEEwYRBhMGDwgRCg8KDwoNDA0OCwwNDgkQCRAJEAcSBxIFEgUSAxQBFAEUARYAlAICAAISAhICEgQSAhAGEgQQBhIGEAgSCA4IEAoOChAMDAwODAwODA4MEAoOChAKEAgSCBIIFAYUBBQGFgIYBBgCGgAWABYBFAEWAxQDEgUUBRIHEgcQCRIJEAkOCw4LDgsODQwNDA0MDwoPCg8IDwgRCBEGEQYRBhEEEQITAhECEwARAOEFAA8BEQEPAREDDwMPBREFDwUPBw8JDwcNCQ8LDQsLCw0NCw0LDQsNCw8JEQkPCREHEQcTBRMFEwUTARUBFQEXABkAFwIXAhcCFQQTBhMGEQYRCA8IDwgNCg8MCwoLDAsOCQ4JDgkQBxAHEAUQBRIFEgMSAxQDFAEUAxQAFgEWABamAgAACwIJAgkCCQIHBAcEBwYFBgUGAwYDBgMGAQgBBgEIAAgABgIIAgYCBgQGBAYEBgYGBgQIBAgECAIKAgoCCgAMAJgBDUXqBC8RFS0A3wEUKzARBgAwEhYsAOABEy4xEgMA"",
  "":"":""BgACAWE0rAEADgIOAg4CDgQMBAoGDAYKBgoICAgKCAgIBgoGCgYKBgoEDAQKBAwECgIMAAwCDAAMAAwBCgAMAQoDDAMKAwoDCgUKBQgFCgUIBwgJBgcICQYJBgsGCQQLAg0CDQINAA0ADQENAQ0BCwMNAwkFCwUJBQkHBwcJBwUHBwkFCQUJBQkDCwMJAwsDCQELAAsBCwALAAsCCQALAgkECwQJBAkECQYJBgcGBwgJBgcKBQgHCgUKBQwFCgEOAwwBDgEOAA4BYQDqBAAOAg4CDgIOBAwECgYMBgoGCggICAoICAgGCgYKBgoGCgQMBAoEDAQKAgwADAIMAAwADAEKAAwBCgMMAwoDCgMKBQoFCAUKBQgHCAkGBwgJBgkGCwYJBAsCDQINAg0ADQANAQ0BDQELAw0DCQULBQkFCQcHBwkHBQcHCQUJBQkFCQMLAwkDCwEJAwsACwELAAsACwIJAAsECQILBAkECQQJBgkGBwYHCAkGBwoFCAcKBQoFDAUKAQ4DDAEOAQ4ADg=="",
  ""x"":""BgABARHmAoAJMIMBNLUBNrYBMIQB1AIA9QG/BI4CvwTVAgA5hgFBwAFFxwE1fdUCAI4CwATzAcAE1AIA"",
  "";"":""BgACAWEslgYADgIOAg4CDgQMBAoGDAYKBgoICAgKCAgIBgoGCgYKBgoEDAQKBAwECgIMAAwCDAAMAAwBCgAMAQoDDAMKAwoDCgUKBQgFCgUIBwgJBgcICQYJBgsGCQQLAg0CDQINAA0ADQENAQ0BCwMNAwkFCwUJBQkHBwcJBwUHBwkFCQUJBQkDCwMJAwsBCQMLAAsBCwALAAsCCQALBAkCCwQJBAkECQYJBgcGBwgJBgcKBQgHCgUKBQwFCgEOAwwBDgEOAA4BYwjxBAAOAg4CDAIOBAwECgYMBgoGCggICAgICAgICgYKBgoECgQMBAoECgIMAgoCDAIKAAoADAAKAQwBCgEKAwwDCgMKBQoFCAUKBQgHBgkIBwYJBgkECwYJBAsCDQILAg0CDQADAAEAAwADAAMBAwADAAMAAwEFAAUBBwEHAQcDBwEJAwkBCwMLAwsDDQUNAw0FDwUPBREHEwUTCRMHFwkXCRezAQAgyAEJBgkGCQYHBgkIBwgFCAcKBQoFCgUMAQwDDAEOAQ4AEA=="",
  ""="":""BgACAQUawAUA5gHEBAAA5QHDBAABBQC5AgDsAcQEAADrAcMEAA=="",
  ""B"":""BgABA2e2BMQLFgAUARQBFAEUAxIDEgUSBRIFEAcQBxAJDgkOCQ4LDgsMCwwNDA0KDQgNCg0IDwYPBg8GDwQRBBEEEQIRAhMAEwAHAAkABwEHAAkBCQAHAQkBCQEHAQkBCQMJAwcDCQMJAwkFBwUJAwkHCQUHBQkHCQcJBwcHBwkHBwcJBwsHCQUQBQ4FDgcOCQ4JDAkMCwoNCg0IDwgRBhMEFQQXAhcCGwDJAQEvAysFJwklDSMPHREbFRkXFRsTHw8fCyUJJwcrAy0B6wMAEhIAoAsREuYDAAiRAYEElgEAKioSSA1EOR6JAQAA0wEJkAGPBSwSEiwAzAETKikSjwEAAMUCkAEA"",
  ""A"":""BgABAg/KBfIBqQIAN98BEhHzAgAWEuwCngsREvwCABMR8gKdCxIR8QIAFBI54AEFlwGCBk3TA6ABAE3UAwMA"",
  ""?"":""BgACAe4BsgaYCAAZABkBFwEXBRUDEwUTBxEHEQcPCQ8JDQkNCQ0LCwsLCwsLCQsJCwcNBwsHDQcLBQsFDQULAwkFCwMLAwkDCQMBAAABAQABAAEBAQABAAEAAQABAAABAQAAAQEAEwcBAQABAAMBAwADAAUABQAFAAcABwAFAAcABwAFAgcABQAHAAUAW7cCAABcABgBFgAUAhQAFAISAhACEAIQBA4EDgQMBgwGDAYMBgoICgYKCAgKCggICAgKBgoICgYMCAwGDAgOBg4GEAYQBgIAAgIEAAICBAACAgQCBAIKBAoGCAQKBggIBgYICAYIBggGCgQIBAoECAQKAggCCgIKAAgACgAKAAgBCAEKAwgDCAMIAwgFBgMIBQYHBAUGBQQFBAcCBQQHAgcCCQIHAgkCBwAJAgkACQAJAAkBCQAJAQsACQELAQsDCwELAwsDCwMLAwsDCwULAwsFCwMLBV2YAgYECAQKBAwGDAQMBhAIEAYSBhIIEgYUBhIEFgYUBBYEFgQWAhgCFgIYABYAGAAYARgBGAMWBRYHFgcWCRYLFA0IBQYDCAUIBwYFCAcGBwgHBgcICQYJCAkGCQYJCAsGCwYLBgsGDQYNBA0GDQQNBA8EDwQPAg8EEQIRAhEAEQITAWGpBesGAA4CDgIOAg4EDAQKBgwGCgYKCAgICggICAYKBgoGCgYKBAwECgQMBAoCDAAMAgwADAAMAQoADAEKAwwDCgMKAwoFCgUIBQoFCAcICQYHCAkGCQYLBgkECwINAg0CDQANAA0BDQENAQsDDQMJBQsFCQUJBwcHCQcFBwcJBQkFCQUJAwsDCQMLAwkBCwALAQsACwALAgkACwIJBAsECQQJBAkGCQYHBgcICQYHCgUIBwoFCgUMBQoBDgMMAQ4BDgAO"",
  ""C"":""BgABAWmmA4ADAAUCBQAFAgUEBQIDBAUEAwQDBgMEAQYDBgEGAAgBBgDWAgAAwQLVAgATABMCEQITBBEEEQQRBhEIEQgPCA8KDwoNCg0MDQwNDAsOCw4LDgkOCxAHEAkQBxIHEgUSBRIDEgEUARIBFAAUAMIFABQCFAISBBQEEgQSBhIIEggSCBAKEAoQCg4MDgwODA4ODA4MDgwQDA4KEggQChIIEggSBhIGFAQSAhQCEgIUAMYCAADBAsUCAAUABwEFAAUBBQMDAQUDAwMDAwMFAQMDBQEFAAUBBwAFAMEF"",
  ""L"":""BgABAQmcBhISEdkFABIQALQLwgIAAIEJ9AIAAK8C"",
  ""D"":""BgABAkeyBMQLFAAUARIBFAESAxIDEgMSBRIFEAcQBxAHDgkOCQ4LDgsMCwwNDA0KDwoPCg8IDwgRCBEGEwQTBBMEEwIVAhUAFwDBBQAXARcBFwMTAxUDEwUTBxEHEQcPCQ8JDwkNCw0LCwsLDQsNCQ0JDQcPBw8HDwcRBREFEQMRAxEDEwERARMBEwDfAwASEgCgCxES4AMACT6BAxEuKxKLAQAAvwaMAQAsEhIsAMIF"",
  ""F"":""BgABARGABoIJ2QIAAIECsgIAEhIA4QIRErECAACvBBIR5QIAEhIAsgucBQASEgDlAhES"",
  ""E"":""BgABARRkxAuWBQAQEgDlAhES0QIAAP0BtgIAEhIA5wIRFLUCAAD/AfACABISAOUCERLDBQASEgCyCw=="",
  ""G"":""BgABAZsBjgeIAgMNBQ8FDQUNBQ0HCwcNBwsHCwkLCQsJCwsJCwsLCQsJDQkLBw0HDwcNBw8FDwUPAw8DEQMPAxEBEQERARMBEQAXABUCFwIVAhMEFQQTBhMGEwYRCBEIDwoRCg8KDwwNDA0MDQ4LDgkQCRAJEAcQBxIFEgUUBRQDFAMUARYBFgEYAMoFABQCFAASBBQCEgQSBBIEEgYSBhAGEAgQCBAKDgoOCg4MDgwMDgwOChAKEAoSCBIIFAgUBhQEGAYWAhgEGAIaAOoCAAC3AukCAAcABwEFAQUBBQMFAwMFAwUDBQEFAQcBBQEFAQUABwAFAMUFAAUCBwIFAgUCBQQFBAMGBQYDBgUGAwgDBgMIAQgDCAEIAQoBCAEIAAgACgAIAAgCCAIIAggECgQGBAgECAYIBgC6AnEAAJwCmAMAAJcF"",
  ""H"":""BgABARbSB7ILAQAAnwsSEeUCABISAOAE5QEAAN8EEhHlAgASEgCiCxEQ5gIAEREA/QPmAQAAgAQPEOYCABER"",
  ""I"":""BgABAQmuA7ILAJ8LFBHtAgAUEgCgCxMS7gIAExE="",
  ""J"":""BgABAWuqB7ILALEIABEBEwERAREDEwMRAxEFEQURBw8HEQcPCQ0LDwsNCw0NDQ0LDwsPCxEJEQkTCRMJFQcVBxcFFwMZAxsBGwEbAB8AHQIbAhsEGQYXBhcGFQgTCBMKEwoRDA8KDwwNDA0OCw4LDgkQCRAJEAcQBRIFEgUSAxQDEgESARIBFAESABIAgAEREtoCABERAn8ACQIHBAcEBwYHBgUIBQoDCgMKAwoDDAEKAQwBCgEMAAwACgAMAgoCDAIKBAoECgYKBggGBgYGCAQGBAgCCgAIALIIERLmAgAREQ=="",
  ""M"":""BgACAQRm1gsUABMAAAABE5wIAQDBCxIR5QIAEhIA6gIK5gLVAe0B1wHuAQztAgDhAhIR5QIAEhIAxAsUAPoDtwT4A7YEFgA="",
  ""K"":""BgABAVXMCRoLBQsDCQMLAwsDCwMLAwsBCwELAQsBCwELAQ0ACwELAAsADQALAg0ACwILAA0CCwILAgsCDQQLBAsECwYNBAsGCwYLCAsGCwgJCgsICQoJCgkMCQwJDAkOCRALEAkQCRKZAdICUQAAiwQSEecCABQSAKALExLoAgAREQC3BEIA+AG4BAEAERKCAwAREdkCzQXGAYUDCA0KDQgJCgkMBwoFDAUMAQwBDgAMAg4CDAQOBAwGDghmlQI="",
  ""O"":""BgABAoMBsATaCxwAHAEaARoDGgMYBRYFFgcWBxQJEgkSCRILEAsODQ4NDg0MDwoNDA8KDwgPCBEIDwYRBg8GEQQRAhMCEQITABMA0QUAEQETAREBEQMTBREFEQURBxEHDwcRCQ8LDQsPCw0NDQ0NDwsPCw8LEQkTCRMJEwkVBxUHFwUXAxkDGQEbARsAGwAZAhkCGQQXBhcGFQYVCBUIEwoRChEMEQoRDA8MDQ4NDg0OCxAJEAsQCRAHEgcSBxIFFAMSAxIDEgEUARIAEgDSBQASAhQCEgISBBIEEgYSBhIIEggQCBAKEgwODBAMEA4ODg4QDhIMEAwSChQKFAgUCBYIFgYYBBoGGgQcAh4CHgILggGLAylCWxZbFSlBANEFKklcGVwYKkwA0gU="",
  ""N"":""BgABAQ+YA/oEAOUEEhHVAgASEgC+CxQAwATnBQDIBRMS2AIAExEAzQsRAL8ElgU="",
  ""P"":""BgABAkqoB5AGABcBFQEVAxMDEwMTBREHEQcRBw8JDwkNCQ0LDQsNCwsNCw0JDQkNCQ8HDwcPBxEFEQURAxEDEQMTAREBEwETAH8AAIMDEhHlAgASEgCgCxES1AMAFAAUARIAFAESAxIDEgMSAxIFEAUQBRAHDgkOCQ4JDgsMCwwNDA0KDQoNCg8IDwgRCBEGEwQTBBUEFQIXAhkAGQCzAgnBAsoCESwrEn8AANUDgAEALBISLgDYAg=="",
  ""R"":""BgABAj9msgsREvYDABQAFAESARQBEgESAxIDEgUSBRAFEAcQBw4JDgkOCQ4LDAsMDQwLCg0KDwoNCA8IDwgPBhEEEwYTAhMEFQIXABcAowIAEwEVARMDEwMTBRMFEQcTBxELEQsRDQ8PDREPEQ0VC8QB/QMSEfkCABQSiQGyA3EAALEDFBHnAgASEgCgCwnCAscFogEALhISLACqAhEsLRKhAQAApQM="",
  ""Q"":""BgABA4YBvAniAbkB8wGZAYABBQUFAwUFBQUHBQUDBwUFBQcFBQMHBQcDBwUJAwcDCQMJAwkDCQMJAQsDCwMLAQsDCwENAw0BDQEPAA8BDwAPABsAGwIZAhcEGQQXBBUGFQgVCBMIEQoTChEKDwwPDA8ODQ4NDgsQCxAJEAkQBxIHEgUSBRQFFAMUARQDFAEWABYAxgUAEgIUAhICEgQSBBIGEgYSCBIIEAgQChIMDgwQDBAODg4OEA4SDBAMEgoUChQIFAgWCBYGGAQaBhoEHAIeAh4CHAAcARoBGgMaAxgFFgUWBxYHFAkSCRIJEgsQCw4NDg0ODQwPCg0MDwoPCA8IEQgPBhEGDwYRBBECEwIRAhMAEwC7BdgBrwEImQSyAwC6AylAWxZbFSk/AP0BjAK7AQeLAoMCGEc4J0wHVBbvAaYBAEM="",
  ""S"":""BgABAYMC8gOEBxIFEgUQBxIFEgcSBxIJEgcSCRIJEAkQCRALEAsOCw4NDg0MDQ4PDA0KEQoPChEKEQgRCBMGFQQTBBcCFQAXABkBEwARAREBEQMPAQ8DDwMPAw0DDQUNAw0FCwULBwsFCwUJBwsFCQcHBQkHCQUHBwcHBwUHBwUFBQcHBwUHAwcFEQsRCxMJEwkTBxMFEwUVBRUDFQMVARMBFwEVABUAFQIVAhUCFQQVBBUEEwYVBhMIEwgTCBMIEwgRCBMKEQgRCmK6AgwFDgUMAw4FEAUOBRAFEAUQBRAFEAMSAw4DEAMQAxABEAEOAQ4AEAIMAg4CDgQMBAwGCggKCAoKBgwGDgYQBBACCgAMAAoBCAMKBQgFCAcIBwgJCAsGCQgLCA0IDQgNCA8IDQgPCA8IDwgPChEIDwgPCBEKDwoPDBEMDwwPDg8ODw4NEA0QCxALEgsSCRIHEgcUBRQFGAUYAxgBGgEcAR4CJAYkBiAIIAweDBwQHBAYEhgUFBYUFhQWEBoQGg4aDBwKHAoeBh4GIAQgAiACIgEiASIFIgUiBSAJIgkgCyINZ58CBwQJAgkECwQLAgsECwINBA0CDQQNAg0CDQALAg0ADQANAAsBCwELAQsDCwULBQkFCQcHBwcJBwkFCwMLAw0BDQENAAsCCwQLBAkGCQgJCAkKBwoJCgcMBQoHDAcMBQwF"",
  ""V"":""BgABARG2BM4DXrYEbKwDERL0AgAVEesCnQsSEfsCABQS8QKeCxES8gIAExFuqwNgtQQEAA=="",
  ""T"":""BgABAQskxAv0BgAAtQKVAgAA+wgSEeUCABISAPwImwIAALYC"",
  ""U"":""BgABAW76B7ALAKMIABcBFwMXARUFFQUTBxMHEwkRCREJEQsPDQ0LDw0NDwsPCw8LEQkPCRMJEQcTBxMFEwUVBRUDEwMXARUBFQEXABUAEwIVAhMCFQQTBBUEEwYTBhMIEwgRChEIEQwRDA8MDw4PDg0OCxANEAsSCRIJEgcUBxQHFAMWBRYBGAEYARgApggBAREU9AIAExMAAgClCAALAgkECQQHBAcIBwgHCAUKBQoDCgMKAwwBCgEMAQwADAAMAgoCDAIKAgoECgQKBggGCAYICAYKBAgCCgIMAgwApggAARMU9AIAExM="",
  ""X"":""BgABARmsCBISEYkDABQSS54BWYICXYkCRZUBEhGJAwAUEtYCzgXVAtIFExKIAwATEVClAVj3AVb0AVKqAREShgMAERHXAtEF2ALNBQ=="",
  ""W"":""BgABARuODcQLERHpAp8LFBHlAgASEnW8A2+7AxIR6wIAFBKNA6ALERKSAwATEdQB7wZigARZ8AIREugCAA8RaKsDYsMDXsoDaqYDExLqAgA="",
  ""Y"":""BgABARK4BcQLhgMAERHnAvMGAKsEEhHnAgAUEgCsBOkC9AYREoYDABERWOEBUJsCUqICVtwBERI="",
  ""Z"":""BgABAQmAB8QLnwOBCaADAADBAusGAMgDggmhAwAAwgLGBgA="",
  ""`"":""BgABAQfqAd4JkQHmAQAOlgJCiAGpAgALiwIA"",
  ""c"":""BgABAW3UA84GBQAFAQUABQEFAwMBBQMDAwMDAwUBAwMFAQUABQEHAAUAnQMABQIFAAUCBQQFAgMEBQQDBAMGAwQBBgMGAQYABgEGAPABABoMAMsCGw7tAQATABMCEwARAhMEEQIPBBEEDwQPBg8IDwYNCA0KDQoNCgsMCwwLDAkOCRAHDgcQBxIFEgUUBRQDFAEWAxgBGAAYAKQDABQCFAISBBQCEgYSBhAGEggQCBAIEAoQCg4MDAwODAwODAwKDgwQCg4IEAgQCBAIEAYSBhIGEgQSAhQCFAIUAOABABwOAM0CGQzbAQA="",
  ""a"":""BgABApoB8AYCxwF+BwkHCQcJCQkHBwkHBwcJBQkFBwUJBQkFCQMHBQkDCQMJAwcDCQEHAQkBBwEJAQcABwAHAQcABQAHAAUBBQAFABMAEwITAhEEEwQPBBEGDwgPCA0IDwoLCg0KCwwLDAsMCQ4JDgkOBw4HEAcQBRAFEAUSAxADEgESAxIBFAESABQAFAISAhQCEgQSBBIEEgYSBhIIEAgQChAIDgwODA4MDg4MDgwODBAMEAoSCBIKEggUCBQGFgYWBBgEGAIaAhoAcgAADgEMAQoBCgEIAwgDBgUEBQQFBAcCBwIHAgkCCQAJAKsCABcPAMwCHAvCAgAUABYBEgAUARIDFAMQAxIDEAUSBQ4FEAcOCRAJDAkOCwwLDA0MCwoNCg8IDwgPCA8GEQYRBhMEEwIXAhUCFwAZAIMGFwAKmQLqA38ATxchQwgnGiMwD1AMUDYAdg=="",
  ""b"":""BgABAkqmBIIJGAAYARYBFgEUAxQDEgUSBRIFEAcQCQ4HDgkOCw4LDAsMDQoNCg0KDQgPBg8GDwYRBBEEEQQTBBECEwIVAhMAFQD/AgAZARcBFwEXAxUDEwUTBREFEQcPBw8JDwkNCQ0LDQsLCwsNCQ0JDQcPBw8HDwURAxEDEQMTAxMBEwMVARUAFQHPAwAUEgCWCxEY5gIAERkAowKCAQAJOvECESwrEn8AAJsEgAEALBISLgCeAw=="",
  ""d"":""BgABAkryBgDLAXAREQ8NEQ0PDREJDwkRBw8FDwURAw8DDwERAw8BEQEPACMCHwQfCB0MGw4bEhcUFxgVGhEeDSANJAkmBSgDKgEuAIADABYCFAIUAhQCFAQUBBIGEgYSBhAIEAgQCBAKDgoODAwMDAwMDgoOCg4KEAgQCBIGEgYSBhQEFgQWBBYCGAIYAHwAAKQCERrmAgARFwCnCxcADOsCugJGMgDmA3sAKxERLQCfAwolHBUmBSQKBAA="",
  ""e"":""BgABAqMBigP+AgAJAgkCCQQHBAcGBwYFCAUIBQgDCgMIAQoDCAEKAQoACgAKAAoCCAIKAggECgQIBAgGCAYGBgQIBAoECAIKAAyiAgAAGQEXARcBFwMVBRMFEwURBxEHDwcPCQ8LDQkNCwsNCw0LDQkNBw8JDwcPBQ8FEQURAxEDEwMTAxMBFQAVARcALwIrBCkIJwwlDiESHxQbGBkaFR4TIA0iCyQJKAMqASwAggMAFAIUABIEFAISBBIEEgQSBhIGEAgQCBAIEAoODA4MDgwODgwQDBAKEAoSChIIFAgUCBYGGAQYBhoCGgQcAh4ALgEqAygFJgkkDSANHhEaFRgXFBsSHQ4fDCUIJwQpAi0AGQEXAxcDFQcTBRMJEQkPCw8LDQ0PDQsNDQ8LEQsRCxEJEwkTCRMJEwcTBxUHFQUVBRUHFQUVBRUHFwcVBRUHCs4BkAMfOEUURxEfMwBvbBhAGBwaBiA="",
  ""h"":""BgABAUHYBJAGAAYBBgAGAQYDBgEEAwYDBAMEBQQDAgUEBQIFAAUCBQB1AAC5BhIT5wIAFhQAlAsRGOYCABEZAKMCeAAYABgBFgEWARQDFAMSBRIFEgUQBxAJDgcOCQ4LDgsMCwwNCg0KDQoNCA8GDwYPBhEEEQQRBBMEEQITAhUCEwAVAO0FFhPnAgAUEgD+BQ=="",
  ""g"":""BgABArkBkAeACQCNCw8ZERkRFxEVExMVERUPFQ8XDRcLGQkZBxsFGwUdAR0BDQALAA0ADQINAAsCDQANAg0CDQILAg0EDQINBA0GDQQNBg0EDQYNCA0GDwgNCA0IDQgPCg0KDwwNDA8MDw4PDqIB7gEQDRALEAkQCQ4JEAcOBw4FDgUOAwwFDgMMAQwBDAEMAQwACgEKAAoACAIIAAgCCAIGAggCBgIGBAYCBgQEAgYEAqIBAQADAAEBAwADAAMABQADAAUAAwAFAAMABQAFAAMABQA3ABMAEwIRAhMCEQQRBBEEEQYRBg8IDwgPCA0KDQoNCg0MCwwLDgsOCQ4JDgkQBxAHEgcSBRIDFAMWAxQBFgEYABgA/gIAFgIWAhQEFgQUBBIGFAgSCBIIEAoSChAKDgwODA4MDg4MDgwODA4KEAgQCBAIEgYSBhIEEgYSBBQCEgIUAhQCOgAQABABDgEQAQ4BEAMOAw4FDgUOBQwFDgcMBQ4HDAkMB4oBUBgACbsCzQYAnAR/AC0RES0AnQMSKy4RgAEA"",
  ""f"":""BgABAUH8A6QJBwAHAAUABwEFAQcBBQEFAwUDBQMDAwMDAwUDAwMFAQUAwQHCAQAWEgDZAhUUwQEAAOMEFhftAgAWFADKCQoSChIKEAoQCg4KDgwOCgwMDAoKDAwMCgwIDAgMCAwIDAYOCAwEDgYMBA4GDAIOBA4CDgQOAg4CDgAOAg4ADgC2AQAcDgDRAhkQowEA"",
  ""i"":""BgACAQlQABISALoIERLqAgAREQC5CBIR6QIAAWELyAoADgIOAgwEDgIKBgwGCgYKCAoGCAgICggIBggGCgYKBAoECgQMBAoCDAIMAgwCDAAMAAwADAEMAQoBDAMKAwoDCgUKBQgFCgUIBwgHCAcICQgJBgkECwQJBA0CCwANAA0ADQELAQ0BCwMJBQsFCQUJBwkFBwcHBwcJBQcFCQUJBQkDCQMLAwkBCwELAQsACwALAAsCCwILAgkCCwIJBAkECQQJBgcGCQYHCAcIBwgHCgUKBQwFCgMMAQwBDgEMAA4="",
  ""j"":""BgACAWFKyAoADgIOAgwEDgIKBgwGCgYKCAoGCAgICggIBggGCgYKBAoECgQMBAoCDAIMAgwCDAAMAAwADAEMAQoBDAMKAwoDCgUKBQgFCgUIBwgHCAcICQgJBgkECwQJBA0CCwANAA0ADQELAQ0BCwMJBQsFCQUJBwkFBwcHBwcJBQcFCQUJBQkDCQMLAwkBCwELAQsACwALAAsCCwILAgkCCwIJBAkECQQJBgcGCQYHCAcIBwgHCgUKBQwFCgMMAQwBDgEMAA4BO+YCnwwJEQkRCQ8JDwsNCQ0LDQkLCwsJCQsLCQkLBwsHCwcLBwsFCwcNAwsFDQMLBQ0BDQMNAQ0DDQENAQ0ADQENAA0AVwAbDQDSAhoPQgAIAAgABgAIAgYCCAIGAgYEBgQGBAQEBAQEBgQEBAYCBgC4CRES6gIAEREAowo="",
  ""k"":""BgABARKoA/QFIAC0AYoD5gIAjwK5BJICwwTfAgDDAbIDFwAAnwMSEeUCABISAJILERLmAgAREQCvBQ=="",
  ""n"":""BgABAW1yggmQAU8GBAgEBgQGBgYCCAQGBAYEBgQIAgYECAQGAggEBgIIBAgCCAQIAggCCAIIAgoACAIKAAgCCgAKAgoADAAKAgwAFgAWARQAFAEUAxQDFAMSAxIFEgUQBRIHEAkOBxAJDgsOCwwLDA0MDQoPCA8IEQgRBhEGEwYVBBUEFQIXAhkCGQDtBRQR5QIAFBAA/AUACAEIAQYBCAMGBQQFBgUEBwQFBAcCBwIHAgcCCQIHAAcACQAHAQcABwMHAQUDBwMFAwUFBQUDBQEFAwcBBwAHAPkFEhHjAgASEgDwCBAA"",
  ""m"":""BgABAZoBfoIJigFbDAwMCg4KDggOCA4IDgYQBhAGEAQQBBAEEAISAhACEgAmASQDJAciCyANHhEcFRwXDg4QDBAKEAwQCBAKEggSBhIGEgYSBBQEEgIUAhICFAAUABQBEgEUARIDEgMSAxIFEgUQBxAHEAcQBw4JDgkOCw4LDAsMDQoNCg8KDwgPCBEIEQYRBBMEEwQTAhMCFQAVAP0FEhHlAgASEgCCBgAIAQgBBgEGAwYFBgUEBQQHBAUEBwIHAgcCBwIJAAcABwAJAAcBBwEHAQUBBwMFAwUDBQMDBQMFAwUBBQEHAQcAgQYSEeUCABISAIIGAAgBCAEGAQYDBgUGBQQFBAcEBQQHAgcCBwIHAgkABwAHAAkABwEHAQcBBQEHAwUDBQMFAwMFAwUDBQEFAQcBBwCBBhIR5QIAEhIA8AgYAA=="",
  ""l"":""BgABAQnAAwDrAgASFgDWCxEa6gIAERkA0wsUFw=="",
  ""y"":""BgABAZ8BogeNAg8ZERkRFxEVExMVERUPFQ8XDRcLGQkZBxsFGwUdAR0BDQALAA0ADQINAAsCDQANAg0CDQILAg0EDQINBA0GDQQNBg0EDQYNCA0GDwgNCA0IDQgPCg0KDwwNDA8MDw4PDqIB7gEQDRALEAkQCQ4JEAcOBw4FDgUOAwwFDgMMAQwBDAEMAQwACgEKAAoACAIIAAgCCAIGAggCBgIGBAYCBgQEAgYEAqIBAQADAAEBAwADAAMABQADAAUAAwAFAAMABQAFAAMABQA3ABMAEwIRABECEwQRAg8EEQQPBBEGDwgNCA8IDQgNCg0MDQwLDAkOCw4JDgcQBxAHEgUSBRQFFAMWARgDGAEaABwA9AUTEuQCABEPAP8FAAUCBQAFAgUEBQIDBAUEAwQDBgMEAQYDBgEGAAgBBgCAAQAAvAYREuICABMPAP0K"",
  ""q"":""BgABAmj0A4YJFgAWARQAEgESAxADEAMOAw4FDgUMBQ4HDgcOBwwJDgmeAU4A2QwWGesCABYaAN4DAwADAAMBAwADAAUAAwADAAMABQAFAAUABwAHAQcACQAVABUCFQATAhUCEwQRAhMEEQQRBhEGDwgPCA8IDQoNDA0MCwwLDgkOCRAJEAkQBxIHEgUUBRYDFgMYARoBGgAcAP4CABYCFgIWBBYEFAQSBhQIEggSCBAKEgoQDA4MDgwODg4ODBAMDgwQChIIEAoSCBIGEgYUBhQEFAQWAhYCFgIWAApbkQYSKy4ReAAAjARTEjkRHykJMwDvAg=="",
  ""p"":""BgABAmiCBIYJFgAWARYBFAEWAxQDEgUUBRIFEgcSBxAJEAkQCQ4LDgsOCwwNDA0KDwoPCg8IEQgRCBEGEwQTBhMCFQQVAhUAFQD9AgAbARkBFwMXAxcDEwUTBxMHEQcRCQ8JDQsNCw0LCw0LDQkPCQ0JDwURBxEFEQURAxMDEQMTARUBEwEVARUBFQAJAAcABwAFAAcABQAFAAMAAwADAAUAAwIDAAMAAwIDAADdAxYZ6wIAFhoA2gyeAU0OCgwIDgoMCA4GDgYMBg4GDgQQBBAEEgQUAhQCFgIWAApcoQMJNB8qNxJVEQCLBHgALhISLADwAg=="",
  ""o"":""BgABAoMB8gOICRYAFgEWARQBFgMUAxIDFAUSBRIHEgcQBxAJEAkOCw4LDgsMDQwNCg8KDwoPCg8IEQgRBhMGEwQTBBMCFQIVABcAiwMAFwEVARUDEwMTAxMFEwcRBxEHDwkPCQ8LDQsNCw0NCw0LDwkNCw8HEQkPBxEHEQcRBRMFEwMTAxUDFQEVABUAFQAVAhUCFQITBBMEEwYTBhEGEQgRCA8KDwoPCg0KDQwNDAsOCw4JDgkQCRAJEgcSBxIFFAUUAxQDFgEWARYAFgCMAwAYAhYCFgQUBBQEFAYUCBIIEggQChAKEAwODA4MDg4MDgwQCg4KEgoQChIIEggSBhQGEgYUBBYEFAIWAhYCFgALYv0CHTZBFEMRHTcAjwMcNUITQhIiOACQAw=="",
  ""r"":""BgACAQRigAkQAA8AAAABShAAhAFXDAwODAwKDgoOCBAIDgYQBhAEEAQQBBAEEAISABACEAAQAA4BEAAQARADEAEQAxADEAUSBRIHFAcUCxQLFA0WDVJFsQHzAQsMDQwLCgkICwgLCAkGCQYJBAkGBwIJBAcCBwQHAAcCBwAFAgcABQAHAQUABQEFAQUBBQEDAQUBAwMDAQMDAwEAmwYSEeMCABISAO4IEAA="",
  ""u"":""BgABAV2KBwGPAVANCQsHDQcNBw0FCwUNBQ0FDQMPAw8DEQMTARMBFQEVABUAFQITABMEEwITBBMEEQQRBhEGDwYRCA8KDQgPCg0MDQwLDAsOCRALDgcQBxIHEgUUBRQFFAMWAxgBGAEYARoA7gUTEuYCABMPAPsFAAcCBwIFBAcCBQYDBgUGAwgDBgMIAQgBCAEIAQoBCAAIAAoACAIIAggCCAIGBAgEBgQGBgYGBAYCBgQIAggACAD6BRES5AIAEREA7wgPAA=="",
  ""s"":""BgABAasC/gLwBQoDCgMMBQ4DDgUOBRAFEAUSBRAHEgcQCRIJEAkSCxALEAsQDRANDg0ODw4PDA8MDwoRChEIEwYTBBcCFQIXABkBGQEXAxcFFQUTBRMHEwcRCREJDwkNCQ8LDQ0LCwsNCw0JDQkPBw8HDwUPBREDEQMRAREDEQETABEBEwARABMADwIRABECEQIRBBMCEwQVBBUEFQYVBhMIFwgVChUKFQxgsAIIAwYDCAMKAQgDCAMKAQoDCgEKAwoBCgMKAQwDCgEKAwoBDAMKAQoBCgEMAQoACgEKAAoBCgAKAQgACgAIAQgABgoECAIKAgoCCgAMAQoBDAUEBwIHBAcEBwIHBAkECQQJBAkECQYLBAkGCwYJBgsGCwYJCAsGCwgJBgsICQgLCAkICwgJCgkKCQoJCgcKCQwHDAcMBwwFDAcMAw4FDAMOAw4BDgMQARAAEAESABIAEgIQAg4CDgIOBA4CDgQMBAwEDAQMBgoECgYKBgoGCgYIBggGCAgIBggGBgYIBgYGBgYGBgYGBAgGBgQIBAYECAQQChIIEggSBhIEEgQSBBQCFAISABQAEgASABIAEgESARIBEAEQAxIDDgMQAxADDgUOBQwDDAMMAwoDCAMIAQYBe6cCAwIDAgUAAwIFAgUCBwIFAgcCBQIHAgUCBwIHAAUCBwIHAgUABwIHAgcABQIHAAcCBwAFAgUABQIFAAUABQIDAAEAAQABAQEAAQEBAQEBAQEBAQEDAQEAAwEBAQMAAwEDAAMBAwADAQMAAwABAQMAAwADAAEAAwIBAAMCAQQDAgE="",
  ""t"":""BgABAUe8BLACWAAaEADRAhsOaQANAA0ADwINAA0CDQANAg0CDQINBA0CCwYNBA0GCwYNBgsIDQgLCAsKCwgJDAsKCQwJDAkOCQ4HEAcSBxIHEgUUAOAEawAVEQDWAhYTbAAAygIVFOYCABUXAMUCogEAFhQA1QIVEqEBAADzAwIFBAMEBQQDBAMEAwYDBgMGAwYBCAEGAQgBBgEIAAgA"",
  ""w"":""BgABARz8BsAEINYCKNgBERLuAgARD+8B3QgSEc0CABQSW7YCV7UCFBHJAgASEpMC3AgREvACABERmAHxBDDaAVeYAxES7gIAEREo1QE81wIIAA=="",
  ""z"":""BgABAQ6cA9AGuQIAFw8AzAIaC9QFAAAr9wKjBuACABYQAMsCGQyZBgCaA9AG""
   }';
BEGIN

  IF font IS NULL THEN
    font := font_default;
  END IF;

  -- For character spacing, use m as guide size
  geom := ST_GeomFromTWKB(decode(font->>'m', 'base64'));
  m_width := ST_XMax(geom) - ST_XMin(geom);
  spacing := m_width / 12;

  letterarray := regexp_split_to_array(replace(letters, ' ', E'\t'), E'');
  FOREACH letter IN ARRAY letterarray
  LOOP
    geom := ST_GeomFromTWKB(decode(font->>(letter), 'base64'));
    -- Chars are not already zeroed out, so do it now
    geom := ST_Translate(geom, -1 * ST_XMin(geom), 0.0);
    -- unknown characters are treated as spaces
    IF geom IS NULL THEN
      -- spaces are a ""quarter m"" in width
      width := m_width / 3.5;
    ELSE
      width := (ST_XMax(geom) - ST_XMin(geom));
    END IF;
    geom := ST_Translate(geom, position, 0.0);
    -- Tighten up spacing when characters have a large gap
    -- between them like Yo or To
    adjustment := 0.0;
    IF prevgeom IS NOT NULL AND geom IS NOT NULL THEN
      dist = ST_Distance(prevgeom, geom);
      IF dist > spacing THEN
        adjustment = spacing - dist;
        geom := ST_Translate(geom, adjustment, 0.0);
      END IF;
    END IF;
    prevgeom := geom;
    position := position + width + spacing + adjustment;
    wordarr := array_append(wordarr, geom);
  END LOOP;
  -- apply the start point and scaling options
  wordgeom := ST_CollectionExtract(ST_Collect(wordarr));
  wordgeom := ST_Scale(wordgeom,
                text_height/font_default_height,
                text_height/font_default_height);
  return wordgeom;
END;
$function$
"
st_linecrossingdirection,"line1 geometry, line2 geometry",integer,c,ST_LineCrossingDirection,"CREATE OR REPLACE FUNCTION public.st_linecrossingdirection(line1 geometry, line2 geometry)
 RETURNS integer
 LANGUAGE c
 IMMUTABLE PARALLEL SAFE STRICT COST 10000 SUPPORT postgis_index_supportfn
AS '$libdir/postgis-3', $function$ST_LineCrossingDirection$function$
"
st_linefromencodedpolyline,"txtin text, nprecision integer DEFAULT 5",geometry,c,line_from_encoded_polyline,"CREATE OR REPLACE FUNCTION public.st_linefromencodedpolyline(txtin text, nprecision integer DEFAULT 5)
 RETURNS geometry
 LANGUAGE c
 IMMUTABLE PARALLEL SAFE STRICT COST 500
AS '$libdir/postgis-3', $function$line_from_encoded_polyline$function$
"
st_linefrommultipoint,geometry,geometry,c,LWGEOM_line_from_mpoint,"CREATE OR REPLACE FUNCTION public.st_linefrommultipoint(geometry)
 RETURNS geometry
 LANGUAGE c
 IMMUTABLE PARALLEL SAFE STRICT COST 50
AS '$libdir/postgis-3', $function$LWGEOM_line_from_mpoint$function$
"
st_linefromtext,text,geometry,sql,"
	SELECT CASE WHEN public.geometrytype(public.ST_GeomFromText($1)) = 'LINESTRING'
	THEN public.ST_GeomFromText($1)
	ELSE NULL END
	","CREATE OR REPLACE FUNCTION public.st_linefromtext(text)
 RETURNS geometry
 LANGUAGE sql
 IMMUTABLE PARALLEL SAFE STRICT COST 500
AS $function$
	SELECT CASE WHEN public.geometrytype(public.ST_GeomFromText($1)) = 'LINESTRING'
	THEN public.ST_GeomFromText($1)
	ELSE NULL END
	$function$
"
st_linefromtext,"text, integer",geometry,sql,"
	SELECT CASE WHEN public.geometrytype(public.ST_GeomFromText($1, $2)) = 'LINESTRING'
	THEN public.ST_GeomFromText($1,$2)
	ELSE NULL END
	","CREATE OR REPLACE FUNCTION public.st_linefromtext(text, integer)
 RETURNS geometry
 LANGUAGE sql
 IMMUTABLE PARALLEL SAFE STRICT COST 500
AS $function$
	SELECT CASE WHEN public.geometrytype(public.ST_GeomFromText($1, $2)) = 'LINESTRING'
	THEN public.ST_GeomFromText($1,$2)
	ELSE NULL END
	$function$
"
st_linefromwkb,bytea,geometry,sql,"
	SELECT CASE WHEN public.geometrytype(public.ST_GeomFromWKB($1)) = 'LINESTRING'
	THEN public.ST_GeomFromWKB($1)
	ELSE NULL END
	","CREATE OR REPLACE FUNCTION public.st_linefromwkb(bytea)
 RETURNS geometry
 LANGUAGE sql
 IMMUTABLE PARALLEL SAFE STRICT COST 50
AS $function$
	SELECT CASE WHEN public.geometrytype(public.ST_GeomFromWKB($1)) = 'LINESTRING'
	THEN public.ST_GeomFromWKB($1)
	ELSE NULL END
	$function$
"
st_linefromwkb,"bytea, integer",geometry,sql,"
	SELECT CASE WHEN public.geometrytype(public.ST_GeomFromWKB($1, $2)) = 'LINESTRING'
	THEN public.ST_GeomFromWKB($1, $2)
	ELSE NULL END
	","CREATE OR REPLACE FUNCTION public.st_linefromwkb(bytea, integer)
 RETURNS geometry
 LANGUAGE sql
 IMMUTABLE PARALLEL SAFE STRICT COST 50
AS $function$
	SELECT CASE WHEN public.geometrytype(public.ST_GeomFromWKB($1, $2)) = 'LINESTRING'
	THEN public.ST_GeomFromWKB($1, $2)
	ELSE NULL END
	$function$
"
st_lineinterpolatepoint,"geometry, double precision",geometry,c,LWGEOM_line_interpolate_point,"CREATE OR REPLACE FUNCTION public.st_lineinterpolatepoint(geometry, double precision)
 RETURNS geometry
 LANGUAGE c
 IMMUTABLE PARALLEL SAFE STRICT COST 500
AS '$libdir/postgis-3', $function$LWGEOM_line_interpolate_point$function$
"
st_lineinterpolatepoints,"geometry, double precision, repeat boolean DEFAULT true",geometry,c,LWGEOM_line_interpolate_point,"CREATE OR REPLACE FUNCTION public.st_lineinterpolatepoints(geometry, double precision, repeat boolean DEFAULT true)
 RETURNS geometry
 LANGUAGE c
 IMMUTABLE PARALLEL SAFE STRICT COST 500
AS '$libdir/postgis-3', $function$LWGEOM_line_interpolate_point$function$
"
st_linelocatepoint,"geom1 geometry, geom2 geometry",double precision,c,LWGEOM_line_locate_point,"CREATE OR REPLACE FUNCTION public.st_linelocatepoint(geom1 geometry, geom2 geometry)
 RETURNS double precision
 LANGUAGE c
 IMMUTABLE PARALLEL SAFE STRICT COST 500
AS '$libdir/postgis-3', $function$LWGEOM_line_locate_point$function$
"
st_linemerge,geometry,geometry,c,linemerge,"CREATE OR REPLACE FUNCTION public.st_linemerge(geometry)
 RETURNS geometry
 LANGUAGE c
 IMMUTABLE PARALLEL SAFE STRICT COST 10000
AS '$libdir/postgis-3', $function$linemerge$function$
"
st_linemerge,"geometry, boolean",geometry,c,linemerge,"CREATE OR REPLACE FUNCTION public.st_linemerge(geometry, boolean)
 RETURNS geometry
 LANGUAGE c
 IMMUTABLE PARALLEL SAFE STRICT COST 10000
AS '$libdir/postgis-3', $function$linemerge$function$
"
st_linestringfromwkb,bytea,geometry,sql,"
	SELECT CASE WHEN public.geometrytype(public.ST_GeomFromWKB($1)) = 'LINESTRING'
	THEN public.ST_GeomFromWKB($1)
	ELSE NULL END
	","CREATE OR REPLACE FUNCTION public.st_linestringfromwkb(bytea)
 RETURNS geometry
 LANGUAGE sql
 IMMUTABLE PARALLEL SAFE STRICT COST 50
AS $function$
	SELECT CASE WHEN public.geometrytype(public.ST_GeomFromWKB($1)) = 'LINESTRING'
	THEN public.ST_GeomFromWKB($1)
	ELSE NULL END
	$function$
"
st_linestringfromwkb,"bytea, integer",geometry,sql,"
	SELECT CASE WHEN public.geometrytype(public.ST_GeomFromWKB($1, $2)) = 'LINESTRING'
	THEN public.ST_GeomFromWKB($1, $2)
	ELSE NULL END
	","CREATE OR REPLACE FUNCTION public.st_linestringfromwkb(bytea, integer)
 RETURNS geometry
 LANGUAGE sql
 IMMUTABLE PARALLEL SAFE STRICT COST 50
AS $function$
	SELECT CASE WHEN public.geometrytype(public.ST_GeomFromWKB($1, $2)) = 'LINESTRING'
	THEN public.ST_GeomFromWKB($1, $2)
	ELSE NULL END
	$function$
"
st_linesubstring,"geometry, double precision, double precision",geometry,c,LWGEOM_line_substring,"CREATE OR REPLACE FUNCTION public.st_linesubstring(geometry, double precision, double precision)
 RETURNS geometry
 LANGUAGE c
 IMMUTABLE PARALLEL SAFE STRICT COST 500
AS '$libdir/postgis-3', $function$LWGEOM_line_substring$function$
"
st_linetocurve,geometry geometry,geometry,c,LWGEOM_line_desegmentize,"CREATE OR REPLACE FUNCTION public.st_linetocurve(geometry geometry)
 RETURNS geometry
 LANGUAGE c
 IMMUTABLE PARALLEL SAFE STRICT COST 10000
AS '$libdir/postgis-3', $function$LWGEOM_line_desegmentize$function$
"
st_locatealong,"geometry geometry, measure double precision, leftrightoffset double precision DEFAULT 0.0",geometry,c,ST_LocateAlong,"CREATE OR REPLACE FUNCTION public.st_locatealong(geometry geometry, measure double precision, leftrightoffset double precision DEFAULT 0.0)
 RETURNS geometry
 LANGUAGE c
 IMMUTABLE PARALLEL SAFE STRICT COST 500
AS '$libdir/postgis-3', $function$ST_LocateAlong$function$
"
st_locatebetween,"geometry geometry, frommeasure double precision, tomeasure double precision, leftrightoffset double precision DEFAULT 0.0",geometry,c,ST_LocateBetween,"CREATE OR REPLACE FUNCTION public.st_locatebetween(geometry geometry, frommeasure double precision, tomeasure double precision, leftrightoffset double precision DEFAULT 0.0)
 RETURNS geometry
 LANGUAGE c
 IMMUTABLE PARALLEL SAFE STRICT COST 500
AS '$libdir/postgis-3', $function$ST_LocateBetween$function$
"
st_locatebetweenelevations,"geometry geometry, fromelevation double precision, toelevation double precision",geometry,c,ST_LocateBetweenElevations,"CREATE OR REPLACE FUNCTION public.st_locatebetweenelevations(geometry geometry, fromelevation double precision, toelevation double precision)
 RETURNS geometry
 LANGUAGE c
 IMMUTABLE PARALLEL SAFE STRICT COST 500
AS '$libdir/postgis-3', $function$ST_LocateBetweenElevations$function$
"
st_longestline,"geom1 geometry, geom2 geometry",geometry,sql,"SELECT public._ST_LongestLine(public.ST_ConvexHull($1), public.ST_ConvexHull($2))","CREATE OR REPLACE FUNCTION public.st_longestline(geom1 geometry, geom2 geometry)
 RETURNS geometry
 LANGUAGE sql
 IMMUTABLE PARALLEL SAFE STRICT COST 10000
AS $function$SELECT public._ST_LongestLine(public.ST_ConvexHull($1), public.ST_ConvexHull($2))$function$
"
st_m,geometry,double precision,c,LWGEOM_m_point,"CREATE OR REPLACE FUNCTION public.st_m(geometry)
 RETURNS double precision
 LANGUAGE c
 IMMUTABLE PARALLEL SAFE STRICT
AS '$libdir/postgis-3', $function$LWGEOM_m_point$function$
"
st_makebox2d,"geom1 geometry, geom2 geometry",box2d,c,BOX2D_construct,"CREATE OR REPLACE FUNCTION public.st_makebox2d(geom1 geometry, geom2 geometry)
 RETURNS box2d
 LANGUAGE c
 IMMUTABLE PARALLEL SAFE STRICT
AS '$libdir/postgis-3', $function$BOX2D_construct$function$
"
st_makeenvelope,"double precision, double precision, double precision, double precision, integer DEFAULT 0",geometry,c,ST_MakeEnvelope,"CREATE OR REPLACE FUNCTION public.st_makeenvelope(double precision, double precision, double precision, double precision, integer DEFAULT 0)
 RETURNS geometry
 LANGUAGE c
 IMMUTABLE PARALLEL SAFE STRICT COST 50
AS '$libdir/postgis-3', $function$ST_MakeEnvelope$function$
"
st_makeline,"geom1 geometry, geom2 geometry",geometry,c,LWGEOM_makeline,"CREATE OR REPLACE FUNCTION public.st_makeline(geom1 geometry, geom2 geometry)
 RETURNS geometry
 LANGUAGE c
 IMMUTABLE PARALLEL SAFE STRICT COST 50
AS '$libdir/postgis-3', $function$LWGEOM_makeline$function$
"
st_makeline,geometry[],geometry,c,LWGEOM_makeline_garray,"CREATE OR REPLACE FUNCTION public.st_makeline(geometry[])
 RETURNS geometry
 LANGUAGE c
 IMMUTABLE PARALLEL SAFE STRICT COST 50
AS '$libdir/postgis-3', $function$LWGEOM_makeline_garray$function$
"
st_makepoint,"double precision, double precision",geometry,c,LWGEOM_makepoint,"CREATE OR REPLACE FUNCTION public.st_makepoint(double precision, double precision)
 RETURNS geometry
 LANGUAGE c
 IMMUTABLE PARALLEL SAFE STRICT COST 50
AS '$libdir/postgis-3', $function$LWGEOM_makepoint$function$
"
st_makepoint,"double precision, double precision, double precision",geometry,c,LWGEOM_makepoint,"CREATE OR REPLACE FUNCTION public.st_makepoint(double precision, double precision, double precision)
 RETURNS geometry
 LANGUAGE c
 IMMUTABLE PARALLEL SAFE STRICT COST 50
AS '$libdir/postgis-3', $function$LWGEOM_makepoint$function$
"
st_makepoint,"double precision, double precision, double precision, double precision",geometry,c,LWGEOM_makepoint,"CREATE OR REPLACE FUNCTION public.st_makepoint(double precision, double precision, double precision, double precision)
 RETURNS geometry
 LANGUAGE c
 IMMUTABLE PARALLEL SAFE STRICT COST 50
AS '$libdir/postgis-3', $function$LWGEOM_makepoint$function$
"
st_makepointm,"double precision, double precision, double precision",geometry,c,LWGEOM_makepoint3dm,"CREATE OR REPLACE FUNCTION public.st_makepointm(double precision, double precision, double precision)
 RETURNS geometry
 LANGUAGE c
 IMMUTABLE PARALLEL SAFE STRICT COST 50
AS '$libdir/postgis-3', $function$LWGEOM_makepoint3dm$function$
"
st_makepolygon,geometry,geometry,c,LWGEOM_makepoly,"CREATE OR REPLACE FUNCTION public.st_makepolygon(geometry)
 RETURNS geometry
 LANGUAGE c
 IMMUTABLE PARALLEL SAFE STRICT COST 50
AS '$libdir/postgis-3', $function$LWGEOM_makepoly$function$
"
st_makepolygon,"geometry, geometry[]",geometry,c,LWGEOM_makepoly,"CREATE OR REPLACE FUNCTION public.st_makepolygon(geometry, geometry[])
 RETURNS geometry
 LANGUAGE c
 IMMUTABLE PARALLEL SAFE STRICT COST 50
AS '$libdir/postgis-3', $function$LWGEOM_makepoly$function$
"
st_makevalid,"geom geometry, params text",geometry,c,ST_MakeValid,"CREATE OR REPLACE FUNCTION public.st_makevalid(geom geometry, params text)
 RETURNS geometry
 LANGUAGE c
 IMMUTABLE PARALLEL SAFE STRICT COST 10000
AS '$libdir/postgis-3', $function$ST_MakeValid$function$
"
st_makevalid,geometry,geometry,c,ST_MakeValid,"CREATE OR REPLACE FUNCTION public.st_makevalid(geometry)
 RETURNS geometry
 LANGUAGE c
 IMMUTABLE PARALLEL SAFE STRICT COST 10000
AS '$libdir/postgis-3', $function$ST_MakeValid$function$
"
st_maxdistance,"geom1 geometry, geom2 geometry",double precision,sql,"SELECT public._ST_MaxDistance(public.ST_ConvexHull($1), public.ST_ConvexHull($2))","CREATE OR REPLACE FUNCTION public.st_maxdistance(geom1 geometry, geom2 geometry)
 RETURNS double precision
 LANGUAGE sql
 IMMUTABLE PARALLEL SAFE STRICT COST 10000
AS $function$SELECT public._ST_MaxDistance(public.ST_ConvexHull($1), public.ST_ConvexHull($2))$function$
"
st_maximuminscribedcircle,"geometry, OUT center geometry, OUT nearest geometry, OUT radius double precision",record,c,ST_MaximumInscribedCircle,"CREATE OR REPLACE FUNCTION public.st_maximuminscribedcircle(geometry, OUT center geometry, OUT nearest geometry, OUT radius double precision)
 RETURNS record
 LANGUAGE c
 IMMUTABLE PARALLEL SAFE STRICT COST 10000
AS '$libdir/postgis-3', $function$ST_MaximumInscribedCircle$function$
"
st_memsize,geometry,integer,c,LWGEOM_mem_size,"CREATE OR REPLACE FUNCTION public.st_memsize(geometry)
 RETURNS integer
 LANGUAGE c
 IMMUTABLE PARALLEL SAFE STRICT
AS '$libdir/postgis-3', $function$LWGEOM_mem_size$function$
"
st_minimumboundingcircle,"inputgeom geometry, segs_per_quarter integer DEFAULT 48",geometry,c,ST_MinimumBoundingCircle,"CREATE OR REPLACE FUNCTION public.st_minimumboundingcircle(inputgeom geometry, segs_per_quarter integer DEFAULT 48)
 RETURNS geometry
 LANGUAGE c
 IMMUTABLE PARALLEL SAFE STRICT COST 10000
AS '$libdir/postgis-3', $function$ST_MinimumBoundingCircle$function$
"
st_minimumboundingradius,"geometry, OUT center geometry, OUT radius double precision",record,c,ST_MinimumBoundingRadius,"CREATE OR REPLACE FUNCTION public.st_minimumboundingradius(geometry, OUT center geometry, OUT radius double precision)
 RETURNS record
 LANGUAGE c
 IMMUTABLE PARALLEL SAFE STRICT COST 10000
AS '$libdir/postgis-3', $function$ST_MinimumBoundingRadius$function$
"
st_minimumclearance,geometry,double precision,c,ST_MinimumClearance,"CREATE OR REPLACE FUNCTION public.st_minimumclearance(geometry)
 RETURNS double precision
 LANGUAGE c
 IMMUTABLE PARALLEL SAFE STRICT COST 10000
AS '$libdir/postgis-3', $function$ST_MinimumClearance$function$
"
st_minimumclearanceline,geometry,geometry,c,ST_MinimumClearanceLine,"CREATE OR REPLACE FUNCTION public.st_minimumclearanceline(geometry)
 RETURNS geometry
 LANGUAGE c
 IMMUTABLE PARALLEL SAFE STRICT COST 10000
AS '$libdir/postgis-3', $function$ST_MinimumClearanceLine$function$
"
st_mlinefromtext,"text, integer",geometry,sql,"
	SELECT CASE
	WHEN public.geometrytype(public.ST_GeomFromText($1, $2)) = 'MULTILINESTRING'
	THEN public.ST_GeomFromText($1,$2)
	ELSE NULL END
	","CREATE OR REPLACE FUNCTION public.st_mlinefromtext(text, integer)
 RETURNS geometry
 LANGUAGE sql
 IMMUTABLE PARALLEL SAFE STRICT COST 500
AS $function$
	SELECT CASE
	WHEN public.geometrytype(public.ST_GeomFromText($1, $2)) = 'MULTILINESTRING'
	THEN public.ST_GeomFromText($1,$2)
	ELSE NULL END
	$function$
"
st_mlinefromtext,text,geometry,sql,"
	SELECT CASE WHEN public.geometrytype(public.ST_GeomFromText($1)) = 'MULTILINESTRING'
	THEN public.ST_GeomFromText($1)
	ELSE NULL END
	","CREATE OR REPLACE FUNCTION public.st_mlinefromtext(text)
 RETURNS geometry
 LANGUAGE sql
 IMMUTABLE PARALLEL SAFE STRICT COST 500
AS $function$
	SELECT CASE WHEN public.geometrytype(public.ST_GeomFromText($1)) = 'MULTILINESTRING'
	THEN public.ST_GeomFromText($1)
	ELSE NULL END
	$function$
"
st_mlinefromwkb,bytea,geometry,sql,"
	SELECT CASE WHEN public.geometrytype(public.ST_GeomFromWKB($1)) = 'MULTILINESTRING'
	THEN public.ST_GeomFromWKB($1)
	ELSE NULL END
	","CREATE OR REPLACE FUNCTION public.st_mlinefromwkb(bytea)
 RETURNS geometry
 LANGUAGE sql
 IMMUTABLE PARALLEL SAFE STRICT COST 50
AS $function$
	SELECT CASE WHEN public.geometrytype(public.ST_GeomFromWKB($1)) = 'MULTILINESTRING'
	THEN public.ST_GeomFromWKB($1)
	ELSE NULL END
	$function$
"
st_mlinefromwkb,"bytea, integer",geometry,sql,"
	SELECT CASE WHEN public.geometrytype(public.ST_GeomFromWKB($1, $2)) = 'MULTILINESTRING'
	THEN public.ST_GeomFromWKB($1, $2)
	ELSE NULL END
	","CREATE OR REPLACE FUNCTION public.st_mlinefromwkb(bytea, integer)
 RETURNS geometry
 LANGUAGE sql
 IMMUTABLE PARALLEL SAFE STRICT COST 50
AS $function$
	SELECT CASE WHEN public.geometrytype(public.ST_GeomFromWKB($1, $2)) = 'MULTILINESTRING'
	THEN public.ST_GeomFromWKB($1, $2)
	ELSE NULL END
	$function$
"
st_mpointfromtext,"text, integer",geometry,sql,"
	SELECT CASE WHEN public.geometrytype(public.ST_GeomFromText($1, $2)) = 'MULTIPOINT'
	THEN ST_GeomFromText($1, $2)
	ELSE NULL END
	","CREATE OR REPLACE FUNCTION public.st_mpointfromtext(text, integer)
 RETURNS geometry
 LANGUAGE sql
 IMMUTABLE PARALLEL SAFE STRICT COST 500
AS $function$
	SELECT CASE WHEN public.geometrytype(public.ST_GeomFromText($1, $2)) = 'MULTIPOINT'
	THEN ST_GeomFromText($1, $2)
	ELSE NULL END
	$function$
"
st_mpointfromtext,text,geometry,sql,"
	SELECT CASE WHEN public.geometrytype(public.ST_GeomFromText($1)) = 'MULTIPOINT'
	THEN public.ST_GeomFromText($1)
	ELSE NULL END
	","CREATE OR REPLACE FUNCTION public.st_mpointfromtext(text)
 RETURNS geometry
 LANGUAGE sql
 IMMUTABLE PARALLEL SAFE STRICT COST 500
AS $function$
	SELECT CASE WHEN public.geometrytype(public.ST_GeomFromText($1)) = 'MULTIPOINT'
	THEN public.ST_GeomFromText($1)
	ELSE NULL END
	$function$
"
st_mpointfromwkb,"bytea, integer",geometry,sql,"
	SELECT CASE WHEN public.geometrytype(public.ST_GeomFromWKB($1, $2)) = 'MULTIPOINT'
	THEN public.ST_GeomFromWKB($1, $2)
	ELSE NULL END
	","CREATE OR REPLACE FUNCTION public.st_mpointfromwkb(bytea, integer)
 RETURNS geometry
 LANGUAGE sql
 IMMUTABLE PARALLEL SAFE STRICT COST 50
AS $function$
	SELECT CASE WHEN public.geometrytype(public.ST_GeomFromWKB($1, $2)) = 'MULTIPOINT'
	THEN public.ST_GeomFromWKB($1, $2)
	ELSE NULL END
	$function$
"
st_mpointfromwkb,bytea,geometry,sql,"
	SELECT CASE WHEN public.geometrytype(public.ST_GeomFromWKB($1)) = 'MULTIPOINT'
	THEN public.ST_GeomFromWKB($1)
	ELSE NULL END
	","CREATE OR REPLACE FUNCTION public.st_mpointfromwkb(bytea)
 RETURNS geometry
 LANGUAGE sql
 IMMUTABLE PARALLEL SAFE STRICT COST 50
AS $function$
	SELECT CASE WHEN public.geometrytype(public.ST_GeomFromWKB($1)) = 'MULTIPOINT'
	THEN public.ST_GeomFromWKB($1)
	ELSE NULL END
	$function$
"
st_mpolyfromtext,text,geometry,sql,"
	SELECT CASE WHEN public.geometrytype(public.ST_GeomFromText($1)) = 'MULTIPOLYGON'
	THEN public.ST_GeomFromText($1)
	ELSE NULL END
	","CREATE OR REPLACE FUNCTION public.st_mpolyfromtext(text)
 RETURNS geometry
 LANGUAGE sql
 IMMUTABLE PARALLEL SAFE STRICT COST 500
AS $function$
	SELECT CASE WHEN public.geometrytype(public.ST_GeomFromText($1)) = 'MULTIPOLYGON'
	THEN public.ST_GeomFromText($1)
	ELSE NULL END
	$function$
"
st_mpolyfromtext,"text, integer",geometry,sql,"
	SELECT CASE WHEN public.geometrytype(public.ST_GeomFromText($1, $2)) = 'MULTIPOLYGON'
	THEN public.ST_GeomFromText($1,$2)
	ELSE NULL END
	","CREATE OR REPLACE FUNCTION public.st_mpolyfromtext(text, integer)
 RETURNS geometry
 LANGUAGE sql
 IMMUTABLE PARALLEL SAFE STRICT COST 500
AS $function$
	SELECT CASE WHEN public.geometrytype(public.ST_GeomFromText($1, $2)) = 'MULTIPOLYGON'
	THEN public.ST_GeomFromText($1,$2)
	ELSE NULL END
	$function$
"
st_mpolyfromwkb,bytea,geometry,sql,"
	SELECT CASE WHEN public.geometrytype(public.ST_GeomFromWKB($1)) = 'MULTIPOLYGON'
	THEN public.ST_GeomFromWKB($1)
	ELSE NULL END
	","CREATE OR REPLACE FUNCTION public.st_mpolyfromwkb(bytea)
 RETURNS geometry
 LANGUAGE sql
 IMMUTABLE PARALLEL SAFE STRICT
AS $function$
	SELECT CASE WHEN public.geometrytype(public.ST_GeomFromWKB($1)) = 'MULTIPOLYGON'
	THEN public.ST_GeomFromWKB($1)
	ELSE NULL END
	$function$
"
st_mpolyfromwkb,"bytea, integer",geometry,sql,"
	SELECT CASE WHEN public.geometrytype(public.ST_GeomFromWKB($1, $2)) = 'MULTIPOLYGON'
	THEN public.ST_GeomFromWKB($1, $2)
	ELSE NULL END
	","CREATE OR REPLACE FUNCTION public.st_mpolyfromwkb(bytea, integer)
 RETURNS geometry
 LANGUAGE sql
 IMMUTABLE PARALLEL SAFE STRICT COST 50
AS $function$
	SELECT CASE WHEN public.geometrytype(public.ST_GeomFromWKB($1, $2)) = 'MULTIPOLYGON'
	THEN public.ST_GeomFromWKB($1, $2)
	ELSE NULL END
	$function$
"
st_multi,geometry,geometry,c,LWGEOM_force_multi,"CREATE OR REPLACE FUNCTION public.st_multi(geometry)
 RETURNS geometry
 LANGUAGE c
 IMMUTABLE PARALLEL SAFE STRICT COST 50
AS '$libdir/postgis-3', $function$LWGEOM_force_multi$function$
"
st_multilinefromwkb,bytea,geometry,sql,"
	SELECT CASE WHEN public.geometrytype(public.ST_GeomFromWKB($1)) = 'MULTILINESTRING'
	THEN public.ST_GeomFromWKB($1)
	ELSE NULL END
	","CREATE OR REPLACE FUNCTION public.st_multilinefromwkb(bytea)
 RETURNS geometry
 LANGUAGE sql
 IMMUTABLE PARALLEL SAFE STRICT COST 50
AS $function$
	SELECT CASE WHEN public.geometrytype(public.ST_GeomFromWKB($1)) = 'MULTILINESTRING'
	THEN public.ST_GeomFromWKB($1)
	ELSE NULL END
	$function$
"
st_multilinestringfromtext,"text, integer",geometry,sql,"SELECT public.ST_MLineFromText($1, $2)","CREATE OR REPLACE FUNCTION public.st_multilinestringfromtext(text, integer)
 RETURNS geometry
 LANGUAGE sql
 IMMUTABLE PARALLEL SAFE STRICT COST 500
AS $function$SELECT public.ST_MLineFromText($1, $2)$function$
"
st_multilinestringfromtext,text,geometry,sql,SELECT public.ST_MLineFromText($1),"CREATE OR REPLACE FUNCTION public.st_multilinestringfromtext(text)
 RETURNS geometry
 LANGUAGE sql
 IMMUTABLE PARALLEL SAFE STRICT COST 500
AS $function$SELECT public.ST_MLineFromText($1)$function$
"
st_multipointfromtext,text,geometry,sql,SELECT public.ST_MPointFromText($1),"CREATE OR REPLACE FUNCTION public.st_multipointfromtext(text)
 RETURNS geometry
 LANGUAGE sql
 IMMUTABLE PARALLEL SAFE STRICT COST 500
AS $function$SELECT public.ST_MPointFromText($1)$function$
"
st_multipointfromwkb,"bytea, integer",geometry,sql,"
	SELECT CASE WHEN public.geometrytype(public.ST_GeomFromWKB($1,$2)) = 'MULTIPOINT'
	THEN public.ST_GeomFromWKB($1, $2)
	ELSE NULL END
	","CREATE OR REPLACE FUNCTION public.st_multipointfromwkb(bytea, integer)
 RETURNS geometry
 LANGUAGE sql
 IMMUTABLE PARALLEL SAFE STRICT COST 50
AS $function$
	SELECT CASE WHEN public.geometrytype(public.ST_GeomFromWKB($1,$2)) = 'MULTIPOINT'
	THEN public.ST_GeomFromWKB($1, $2)
	ELSE NULL END
	$function$
"
st_multipointfromwkb,bytea,geometry,sql,"
	SELECT CASE WHEN public.geometrytype(public.ST_GeomFromWKB($1)) = 'MULTIPOINT'
	THEN public.ST_GeomFromWKB($1)
	ELSE NULL END
	","CREATE OR REPLACE FUNCTION public.st_multipointfromwkb(bytea)
 RETURNS geometry
 LANGUAGE sql
 IMMUTABLE PARALLEL SAFE STRICT COST 50
AS $function$
	SELECT CASE WHEN public.geometrytype(public.ST_GeomFromWKB($1)) = 'MULTIPOINT'
	THEN public.ST_GeomFromWKB($1)
	ELSE NULL END
	$function$
"
st_multipolyfromwkb,"bytea, integer",geometry,sql,"
	SELECT CASE WHEN public.geometrytype(public.ST_GeomFromWKB($1, $2)) = 'MULTIPOLYGON'
	THEN public.ST_GeomFromWKB($1, $2)
	ELSE NULL END
	","CREATE OR REPLACE FUNCTION public.st_multipolyfromwkb(bytea, integer)
 RETURNS geometry
 LANGUAGE sql
 IMMUTABLE PARALLEL SAFE STRICT COST 50
AS $function$
	SELECT CASE WHEN public.geometrytype(public.ST_GeomFromWKB($1, $2)) = 'MULTIPOLYGON'
	THEN public.ST_GeomFromWKB($1, $2)
	ELSE NULL END
	$function$
"
st_multipolyfromwkb,bytea,geometry,sql,"
	SELECT CASE WHEN public.geometrytype(public.ST_GeomFromWKB($1)) = 'MULTIPOLYGON'
	THEN public.ST_GeomFromWKB($1)
	ELSE NULL END
	","CREATE OR REPLACE FUNCTION public.st_multipolyfromwkb(bytea)
 RETURNS geometry
 LANGUAGE sql
 IMMUTABLE PARALLEL SAFE STRICT COST 50
AS $function$
	SELECT CASE WHEN public.geometrytype(public.ST_GeomFromWKB($1)) = 'MULTIPOLYGON'
	THEN public.ST_GeomFromWKB($1)
	ELSE NULL END
	$function$
"
st_multipolygonfromtext,text,geometry,sql,SELECT public.ST_MPolyFromText($1),"CREATE OR REPLACE FUNCTION public.st_multipolygonfromtext(text)
 RETURNS geometry
 LANGUAGE sql
 IMMUTABLE PARALLEL SAFE STRICT COST 500
AS $function$SELECT public.ST_MPolyFromText($1)$function$
"
st_multipolygonfromtext,"text, integer",geometry,sql,"SELECT public.ST_MPolyFromText($1, $2)","CREATE OR REPLACE FUNCTION public.st_multipolygonfromtext(text, integer)
 RETURNS geometry
 LANGUAGE sql
 IMMUTABLE PARALLEL SAFE STRICT COST 500
AS $function$SELECT public.ST_MPolyFromText($1, $2)$function$
"
st_ndims,geometry,smallint,c,LWGEOM_ndims,"CREATE OR REPLACE FUNCTION public.st_ndims(geometry)
 RETURNS smallint
 LANGUAGE c
 IMMUTABLE PARALLEL SAFE STRICT
AS '$libdir/postgis-3', $function$LWGEOM_ndims$function$
"
st_node,g geometry,geometry,c,ST_Node,"CREATE OR REPLACE FUNCTION public.st_node(g geometry)
 RETURNS geometry
 LANGUAGE c
 IMMUTABLE PARALLEL SAFE STRICT COST 10000
AS '$libdir/postgis-3', $function$ST_Node$function$
"
st_normalize,geom geometry,geometry,c,ST_Normalize,"CREATE OR REPLACE FUNCTION public.st_normalize(geom geometry)
 RETURNS geometry
 LANGUAGE c
 IMMUTABLE PARALLEL SAFE STRICT COST 500
AS '$libdir/postgis-3', $function$ST_Normalize$function$
"
st_npoints,geometry,integer,c,LWGEOM_npoints,"CREATE OR REPLACE FUNCTION public.st_npoints(geometry)
 RETURNS integer
 LANGUAGE c
 IMMUTABLE PARALLEL SAFE STRICT COST 50
AS '$libdir/postgis-3', $function$LWGEOM_npoints$function$
"
st_nrings,geometry,integer,c,LWGEOM_nrings,"CREATE OR REPLACE FUNCTION public.st_nrings(geometry)
 RETURNS integer
 LANGUAGE c
 IMMUTABLE PARALLEL SAFE STRICT COST 50
AS '$libdir/postgis-3', $function$LWGEOM_nrings$function$
"
st_numgeometries,geometry,integer,c,LWGEOM_numgeometries_collection,"CREATE OR REPLACE FUNCTION public.st_numgeometries(geometry)
 RETURNS integer
 LANGUAGE c
 IMMUTABLE PARALLEL SAFE STRICT COST 50
AS '$libdir/postgis-3', $function$LWGEOM_numgeometries_collection$function$
"
st_numinteriorring,geometry,integer,c,LWGEOM_numinteriorrings_polygon,"CREATE OR REPLACE FUNCTION public.st_numinteriorring(geometry)
 RETURNS integer
 LANGUAGE c
 IMMUTABLE PARALLEL SAFE STRICT COST 50
AS '$libdir/postgis-3', $function$LWGEOM_numinteriorrings_polygon$function$
"
st_numinteriorrings,geometry,integer,c,LWGEOM_numinteriorrings_polygon,"CREATE OR REPLACE FUNCTION public.st_numinteriorrings(geometry)
 RETURNS integer
 LANGUAGE c
 IMMUTABLE PARALLEL SAFE STRICT COST 50
AS '$libdir/postgis-3', $function$LWGEOM_numinteriorrings_polygon$function$
"
st_numpatches,geometry,integer,sql,"
	SELECT CASE WHEN public.ST_GeometryType($1) = 'ST_PolyhedralSurface'
	THEN public.ST_NumGeometries($1)
	ELSE NULL END
	","CREATE OR REPLACE FUNCTION public.st_numpatches(geometry)
 RETURNS integer
 LANGUAGE sql
 IMMUTABLE PARALLEL SAFE STRICT COST 50
AS $function$
	SELECT CASE WHEN public.ST_GeometryType($1) = 'ST_PolyhedralSurface'
	THEN public.ST_NumGeometries($1)
	ELSE NULL END
	$function$
"
st_numpoints,geometry,integer,c,LWGEOM_numpoints_linestring,"CREATE OR REPLACE FUNCTION public.st_numpoints(geometry)
 RETURNS integer
 LANGUAGE c
 IMMUTABLE PARALLEL SAFE STRICT COST 50
AS '$libdir/postgis-3', $function$LWGEOM_numpoints_linestring$function$
"
st_offsetcurve,"line geometry, distance double precision, params text DEFAULT ''::text",geometry,c,ST_OffsetCurve,"CREATE OR REPLACE FUNCTION public.st_offsetcurve(line geometry, distance double precision, params text DEFAULT ''::text)
 RETURNS geometry
 LANGUAGE c
 IMMUTABLE PARALLEL SAFE STRICT COST 10000
AS '$libdir/postgis-3', $function$ST_OffsetCurve$function$
"
st_orderingequals,"geom1 geometry, geom2 geometry",boolean,c,LWGEOM_same,"CREATE OR REPLACE FUNCTION public.st_orderingequals(geom1 geometry, geom2 geometry)
 RETURNS boolean
 LANGUAGE c
 IMMUTABLE PARALLEL SAFE STRICT COST 10000 SUPPORT postgis_index_supportfn
AS '$libdir/postgis-3', $function$LWGEOM_same$function$
"
st_orientedenvelope,geometry,geometry,c,ST_OrientedEnvelope,"CREATE OR REPLACE FUNCTION public.st_orientedenvelope(geometry)
 RETURNS geometry
 LANGUAGE c
 IMMUTABLE PARALLEL SAFE STRICT COST 10000
AS '$libdir/postgis-3', $function$ST_OrientedEnvelope$function$
"
st_overlaps,"geom1 geometry, geom2 geometry",boolean,c,overlaps,"CREATE OR REPLACE FUNCTION public.st_overlaps(geom1 geometry, geom2 geometry)
 RETURNS boolean
 LANGUAGE c
 IMMUTABLE PARALLEL SAFE STRICT COST 10000 SUPPORT postgis_index_supportfn
AS '$libdir/postgis-3', $function$overlaps$function$
"
st_patchn,"geometry, integer",geometry,sql,"
	SELECT CASE WHEN public.ST_GeometryType($1) = 'ST_PolyhedralSurface'
	THEN public.ST_GeometryN($1, $2)
	ELSE NULL END
	","CREATE OR REPLACE FUNCTION public.st_patchn(geometry, integer)
 RETURNS geometry
 LANGUAGE sql
 IMMUTABLE PARALLEL SAFE STRICT COST 50
AS $function$
	SELECT CASE WHEN public.ST_GeometryType($1) = 'ST_PolyhedralSurface'
	THEN public.ST_GeometryN($1, $2)
	ELSE NULL END
	$function$
"
st_perimeter,"geog geography, use_spheroid boolean DEFAULT true",double precision,c,geography_perimeter,"CREATE OR REPLACE FUNCTION public.st_perimeter(geog geography, use_spheroid boolean DEFAULT true)
 RETURNS double precision
 LANGUAGE c
 IMMUTABLE PARALLEL SAFE STRICT COST 500
AS '$libdir/postgis-3', $function$geography_perimeter$function$
"
st_perimeter,geometry,double precision,c,LWGEOM_perimeter2d_poly,"CREATE OR REPLACE FUNCTION public.st_perimeter(geometry)
 RETURNS double precision
 LANGUAGE c
 IMMUTABLE PARALLEL SAFE STRICT COST 50
AS '$libdir/postgis-3', $function$LWGEOM_perimeter2d_poly$function$
"
st_perimeter2d,geometry,double precision,c,LWGEOM_perimeter2d_poly,"CREATE OR REPLACE FUNCTION public.st_perimeter2d(geometry)
 RETURNS double precision
 LANGUAGE c
 IMMUTABLE PARALLEL SAFE STRICT COST 50
AS '$libdir/postgis-3', $function$LWGEOM_perimeter2d_poly$function$
"
st_point,"double precision, double precision",geometry,c,LWGEOM_makepoint,"CREATE OR REPLACE FUNCTION public.st_point(double precision, double precision)
 RETURNS geometry
 LANGUAGE c
 IMMUTABLE PARALLEL SAFE STRICT COST 50
AS '$libdir/postgis-3', $function$LWGEOM_makepoint$function$
"
st_point,"double precision, double precision, srid integer",geometry,c,ST_Point,"CREATE OR REPLACE FUNCTION public.st_point(double precision, double precision, srid integer)
 RETURNS geometry
 LANGUAGE c
 IMMUTABLE PARALLEL SAFE STRICT COST 50
AS '$libdir/postgis-3', $function$ST_Point$function$
"
st_pointfromgeohash,"text, integer DEFAULT NULL::integer",geometry,c,point_from_geohash,"CREATE OR REPLACE FUNCTION public.st_pointfromgeohash(text, integer DEFAULT NULL::integer)
 RETURNS geometry
 LANGUAGE c
 IMMUTABLE PARALLEL SAFE COST 50
AS '$libdir/postgis-3', $function$point_from_geohash$function$
"
st_pointfromtext,text,geometry,sql,"
	SELECT CASE WHEN public.geometrytype(public.ST_GeomFromText($1)) = 'POINT'
	THEN public.ST_GeomFromText($1)
	ELSE NULL END
	","CREATE OR REPLACE FUNCTION public.st_pointfromtext(text)
 RETURNS geometry
 LANGUAGE sql
 IMMUTABLE PARALLEL SAFE STRICT COST 500
AS $function$
	SELECT CASE WHEN public.geometrytype(public.ST_GeomFromText($1)) = 'POINT'
	THEN public.ST_GeomFromText($1)
	ELSE NULL END
	$function$
"
st_pointfromtext,"text, integer",geometry,sql,"
	SELECT CASE WHEN public.geometrytype(public.ST_GeomFromText($1, $2)) = 'POINT'
	THEN public.ST_GeomFromText($1, $2)
	ELSE NULL END
	","CREATE OR REPLACE FUNCTION public.st_pointfromtext(text, integer)
 RETURNS geometry
 LANGUAGE sql
 IMMUTABLE PARALLEL SAFE STRICT COST 500
AS $function$
	SELECT CASE WHEN public.geometrytype(public.ST_GeomFromText($1, $2)) = 'POINT'
	THEN public.ST_GeomFromText($1, $2)
	ELSE NULL END
	$function$
"
st_pointfromwkb,bytea,geometry,sql,"
	SELECT CASE WHEN public.geometrytype(public.ST_GeomFromWKB($1)) = 'POINT'
	THEN public.ST_GeomFromWKB($1)
	ELSE NULL END
	","CREATE OR REPLACE FUNCTION public.st_pointfromwkb(bytea)
 RETURNS geometry
 LANGUAGE sql
 IMMUTABLE PARALLEL SAFE STRICT COST 50
AS $function$
	SELECT CASE WHEN public.geometrytype(public.ST_GeomFromWKB($1)) = 'POINT'
	THEN public.ST_GeomFromWKB($1)
	ELSE NULL END
	$function$
"
st_pointfromwkb,"bytea, integer",geometry,sql,"
	SELECT CASE WHEN public.geometrytype(public.ST_GeomFromWKB($1, $2)) = 'POINT'
	THEN public.ST_GeomFromWKB($1, $2)
	ELSE NULL END
	","CREATE OR REPLACE FUNCTION public.st_pointfromwkb(bytea, integer)
 RETURNS geometry
 LANGUAGE sql
 IMMUTABLE PARALLEL SAFE STRICT COST 50
AS $function$
	SELECT CASE WHEN public.geometrytype(public.ST_GeomFromWKB($1, $2)) = 'POINT'
	THEN public.ST_GeomFromWKB($1, $2)
	ELSE NULL END
	$function$
"
st_pointinsidecircle,"geometry, double precision, double precision, double precision",boolean,c,LWGEOM_inside_circle_point,"CREATE OR REPLACE FUNCTION public.st_pointinsidecircle(geometry, double precision, double precision, double precision)
 RETURNS boolean
 LANGUAGE c
 IMMUTABLE PARALLEL SAFE STRICT COST 500
AS '$libdir/postgis-3', $function$LWGEOM_inside_circle_point$function$
"
st_pointm,"xcoordinate double precision, ycoordinate double precision, mcoordinate double precision, srid integer DEFAULT 0",geometry,c,ST_PointM,"CREATE OR REPLACE FUNCTION public.st_pointm(xcoordinate double precision, ycoordinate double precision, mcoordinate double precision, srid integer DEFAULT 0)
 RETURNS geometry
 LANGUAGE c
 IMMUTABLE PARALLEL SAFE STRICT COST 50
AS '$libdir/postgis-3', $function$ST_PointM$function$
"
st_pointn,"geometry, integer",geometry,c,LWGEOM_pointn_linestring,"CREATE OR REPLACE FUNCTION public.st_pointn(geometry, integer)
 RETURNS geometry
 LANGUAGE c
 IMMUTABLE PARALLEL SAFE STRICT COST 50
AS '$libdir/postgis-3', $function$LWGEOM_pointn_linestring$function$
"
st_pointonsurface,geometry,geometry,c,pointonsurface,"CREATE OR REPLACE FUNCTION public.st_pointonsurface(geometry)
 RETURNS geometry
 LANGUAGE c
 IMMUTABLE PARALLEL SAFE STRICT COST 500
AS '$libdir/postgis-3', $function$pointonsurface$function$
"
st_points,geometry,geometry,c,ST_Points,"CREATE OR REPLACE FUNCTION public.st_points(geometry)
 RETURNS geometry
 LANGUAGE c
 IMMUTABLE PARALLEL SAFE STRICT COST 500
AS '$libdir/postgis-3', $function$ST_Points$function$
"
st_pointz,"xcoordinate double precision, ycoordinate double precision, zcoordinate double precision, srid integer DEFAULT 0",geometry,c,ST_PointZ,"CREATE OR REPLACE FUNCTION public.st_pointz(xcoordinate double precision, ycoordinate double precision, zcoordinate double precision, srid integer DEFAULT 0)
 RETURNS geometry
 LANGUAGE c
 IMMUTABLE PARALLEL SAFE STRICT COST 50
AS '$libdir/postgis-3', $function$ST_PointZ$function$
"
st_pointzm,"xcoordinate double precision, ycoordinate double precision, zcoordinate double precision, mcoordinate double precision, srid integer DEFAULT 0",geometry,c,ST_PointZM,"CREATE OR REPLACE FUNCTION public.st_pointzm(xcoordinate double precision, ycoordinate double precision, zcoordinate double precision, mcoordinate double precision, srid integer DEFAULT 0)
 RETURNS geometry
 LANGUAGE c
 IMMUTABLE PARALLEL SAFE STRICT COST 50
AS '$libdir/postgis-3', $function$ST_PointZM$function$
"
st_polyfromtext,text,geometry,sql,"
	SELECT CASE WHEN public.geometrytype(public.ST_GeomFromText($1)) = 'POLYGON'
	THEN public.ST_GeomFromText($1)
	ELSE NULL END
	","CREATE OR REPLACE FUNCTION public.st_polyfromtext(text)
 RETURNS geometry
 LANGUAGE sql
 IMMUTABLE PARALLEL SAFE STRICT COST 500
AS $function$
	SELECT CASE WHEN public.geometrytype(public.ST_GeomFromText($1)) = 'POLYGON'
	THEN public.ST_GeomFromText($1)
	ELSE NULL END
	$function$
"
st_polyfromtext,"text, integer",geometry,sql,"
	SELECT CASE WHEN public.geometrytype(public.ST_GeomFromText($1, $2)) = 'POLYGON'
	THEN public.ST_GeomFromText($1, $2)
	ELSE NULL END
	","CREATE OR REPLACE FUNCTION public.st_polyfromtext(text, integer)
 RETURNS geometry
 LANGUAGE sql
 IMMUTABLE PARALLEL SAFE STRICT COST 500
AS $function$
	SELECT CASE WHEN public.geometrytype(public.ST_GeomFromText($1, $2)) = 'POLYGON'
	THEN public.ST_GeomFromText($1, $2)
	ELSE NULL END
	$function$
"
st_polyfromwkb,"bytea, integer",geometry,sql,"
	SELECT CASE WHEN public.geometrytype(public.ST_GeomFromWKB($1, $2)) = 'POLYGON'
	THEN public.ST_GeomFromWKB($1, $2)
	ELSE NULL END
	","CREATE OR REPLACE FUNCTION public.st_polyfromwkb(bytea, integer)
 RETURNS geometry
 LANGUAGE sql
 IMMUTABLE PARALLEL SAFE STRICT COST 50
AS $function$
	SELECT CASE WHEN public.geometrytype(public.ST_GeomFromWKB($1, $2)) = 'POLYGON'
	THEN public.ST_GeomFromWKB($1, $2)
	ELSE NULL END
	$function$
"
st_polyfromwkb,bytea,geometry,sql,"
	SELECT CASE WHEN public.geometrytype(public.ST_GeomFromWKB($1)) = 'POLYGON'
	THEN public.ST_GeomFromWKB($1)
	ELSE NULL END
	","CREATE OR REPLACE FUNCTION public.st_polyfromwkb(bytea)
 RETURNS geometry
 LANGUAGE sql
 IMMUTABLE PARALLEL SAFE STRICT COST 50
AS $function$
	SELECT CASE WHEN public.geometrytype(public.ST_GeomFromWKB($1)) = 'POLYGON'
	THEN public.ST_GeomFromWKB($1)
	ELSE NULL END
	$function$
"
st_polygon,"geometry, integer",geometry,sql,"
	SELECT public.ST_SetSRID(public.ST_MakePolygon($1), $2)
	","CREATE OR REPLACE FUNCTION public.st_polygon(geometry, integer)
 RETURNS geometry
 LANGUAGE sql
 IMMUTABLE PARALLEL SAFE STRICT COST 50
AS $function$
	SELECT public.ST_SetSRID(public.ST_MakePolygon($1), $2)
	$function$
"
st_polygonfromtext,text,geometry,sql,SELECT public.ST_PolyFromText($1),"CREATE OR REPLACE FUNCTION public.st_polygonfromtext(text)
 RETURNS geometry
 LANGUAGE sql
 IMMUTABLE PARALLEL SAFE STRICT COST 500
AS $function$SELECT public.ST_PolyFromText($1)$function$
"
st_polygonfromtext,"text, integer",geometry,sql,"SELECT public.ST_PolyFromText($1, $2)","CREATE OR REPLACE FUNCTION public.st_polygonfromtext(text, integer)
 RETURNS geometry
 LANGUAGE sql
 IMMUTABLE PARALLEL SAFE STRICT COST 500
AS $function$SELECT public.ST_PolyFromText($1, $2)$function$
"
st_polygonfromwkb,bytea,geometry,sql,"
	SELECT CASE WHEN public.geometrytype(public.ST_GeomFromWKB($1)) = 'POLYGON'
	THEN public.ST_GeomFromWKB($1)
	ELSE NULL END
	","CREATE OR REPLACE FUNCTION public.st_polygonfromwkb(bytea)
 RETURNS geometry
 LANGUAGE sql
 IMMUTABLE PARALLEL SAFE STRICT COST 50
AS $function$
	SELECT CASE WHEN public.geometrytype(public.ST_GeomFromWKB($1)) = 'POLYGON'
	THEN public.ST_GeomFromWKB($1)
	ELSE NULL END
	$function$
"
st_polygonfromwkb,"bytea, integer",geometry,sql,"
	SELECT CASE WHEN public.geometrytype(public.ST_GeomFromWKB($1,$2)) = 'POLYGON'
	THEN public.ST_GeomFromWKB($1, $2)
	ELSE NULL END
	","CREATE OR REPLACE FUNCTION public.st_polygonfromwkb(bytea, integer)
 RETURNS geometry
 LANGUAGE sql
 IMMUTABLE PARALLEL SAFE STRICT COST 50
AS $function$
	SELECT CASE WHEN public.geometrytype(public.ST_GeomFromWKB($1,$2)) = 'POLYGON'
	THEN public.ST_GeomFromWKB($1, $2)
	ELSE NULL END
	$function$
"
st_polygonize,geometry[],geometry,c,polygonize_garray,"CREATE OR REPLACE FUNCTION public.st_polygonize(geometry[])
 RETURNS geometry
 LANGUAGE c
 IMMUTABLE PARALLEL SAFE STRICT COST 10000
AS '$libdir/postgis-3', $function$polygonize_garray$function$
"
st_project,"geog geography, distance double precision, azimuth double precision",geography,c,geography_project,"CREATE OR REPLACE FUNCTION public.st_project(geog geography, distance double precision, azimuth double precision)
 RETURNS geography
 LANGUAGE c
 IMMUTABLE PARALLEL SAFE COST 500
AS '$libdir/postgis-3', $function$geography_project$function$
"
st_quantizecoordinates,"g geometry, prec_x integer, prec_y integer DEFAULT NULL::integer, prec_z integer DEFAULT NULL::integer, prec_m integer DEFAULT NULL::integer",geometry,c,ST_QuantizeCoordinates,"CREATE OR REPLACE FUNCTION public.st_quantizecoordinates(g geometry, prec_x integer, prec_y integer DEFAULT NULL::integer, prec_z integer DEFAULT NULL::integer, prec_m integer DEFAULT NULL::integer)
 RETURNS geometry
 LANGUAGE c
 IMMUTABLE PARALLEL SAFE COST 500
AS '$libdir/postgis-3', $function$ST_QuantizeCoordinates$function$
"
st_reduceprecision,"geom geometry, gridsize double precision",geometry,c,ST_ReducePrecision,"CREATE OR REPLACE FUNCTION public.st_reduceprecision(geom geometry, gridsize double precision)
 RETURNS geometry
 LANGUAGE c
 IMMUTABLE PARALLEL SAFE STRICT COST 500
AS '$libdir/postgis-3', $function$ST_ReducePrecision$function$
"
st_relate,"geom1 geometry, geom2 geometry",text,c,relate_full,"CREATE OR REPLACE FUNCTION public.st_relate(geom1 geometry, geom2 geometry)
 RETURNS text
 LANGUAGE c
 IMMUTABLE PARALLEL SAFE STRICT COST 10000
AS '$libdir/postgis-3', $function$relate_full$function$
"
st_relate,"geom1 geometry, geom2 geometry, text",boolean,c,relate_pattern,"CREATE OR REPLACE FUNCTION public.st_relate(geom1 geometry, geom2 geometry, text)
 RETURNS boolean
 LANGUAGE c
 IMMUTABLE PARALLEL SAFE STRICT COST 10000
AS '$libdir/postgis-3', $function$relate_pattern$function$
"
st_relate,"geom1 geometry, geom2 geometry, integer",text,c,relate_full,"CREATE OR REPLACE FUNCTION public.st_relate(geom1 geometry, geom2 geometry, integer)
 RETURNS text
 LANGUAGE c
 IMMUTABLE PARALLEL SAFE STRICT COST 10000
AS '$libdir/postgis-3', $function$relate_full$function$
"
st_relatematch,"text, text",boolean,c,ST_RelateMatch,"CREATE OR REPLACE FUNCTION public.st_relatematch(text, text)
 RETURNS boolean
 LANGUAGE c
 IMMUTABLE PARALLEL SAFE STRICT COST 500
AS '$libdir/postgis-3', $function$ST_RelateMatch$function$
"
st_removepoint,"geometry, integer",geometry,c,LWGEOM_removepoint,"CREATE OR REPLACE FUNCTION public.st_removepoint(geometry, integer)
 RETURNS geometry
 LANGUAGE c
 IMMUTABLE PARALLEL SAFE STRICT COST 50
AS '$libdir/postgis-3', $function$LWGEOM_removepoint$function$
"
st_removerepeatedpoints,"geom geometry, tolerance double precision DEFAULT 0.0",geometry,c,ST_RemoveRepeatedPoints,"CREATE OR REPLACE FUNCTION public.st_removerepeatedpoints(geom geometry, tolerance double precision DEFAULT 0.0)
 RETURNS geometry
 LANGUAGE c
 IMMUTABLE PARALLEL SAFE STRICT COST 50
AS '$libdir/postgis-3', $function$ST_RemoveRepeatedPoints$function$
"
st_reverse,geometry,geometry,c,LWGEOM_reverse,"CREATE OR REPLACE FUNCTION public.st_reverse(geometry)
 RETURNS geometry
 LANGUAGE c
 IMMUTABLE PARALLEL SAFE STRICT COST 50
AS '$libdir/postgis-3', $function$LWGEOM_reverse$function$
"
st_rotate,"geometry, double precision, double precision, double precision",geometry,sql,"SELECT public.ST_Affine($1,  cos($2), -sin($2), 0,  sin($2),  cos($2), 0, 0, 0, 1,	$3 - cos($2) * $3 + sin($2) * $4, $4 - sin($2) * $3 - cos($2) * $4, 0)","CREATE OR REPLACE FUNCTION public.st_rotate(geometry, double precision, double precision, double precision)
 RETURNS geometry
 LANGUAGE sql
 IMMUTABLE PARALLEL SAFE STRICT COST 50
AS $function$SELECT public.ST_Affine($1,  cos($2), -sin($2), 0,  sin($2),  cos($2), 0, 0, 0, 1,	$3 - cos($2) * $3 + sin($2) * $4, $4 - sin($2) * $3 - cos($2) * $4, 0)$function$
"
st_rotate,"geometry, double precision, geometry",geometry,sql,"SELECT public.ST_Affine($1,  cos($2), -sin($2), 0,  sin($2),  cos($2), 0, 0, 0, 1, public.ST_X($3) - cos($2) * public.ST_X($3) + sin($2) * public.ST_Y($3), public.ST_Y($3) - sin($2) * public.ST_X($3) - cos($2) * public.ST_Y($3), 0)","CREATE OR REPLACE FUNCTION public.st_rotate(geometry, double precision, geometry)
 RETURNS geometry
 LANGUAGE sql
 IMMUTABLE PARALLEL SAFE STRICT COST 50
AS $function$SELECT public.ST_Affine($1,  cos($2), -sin($2), 0,  sin($2),  cos($2), 0, 0, 0, 1, public.ST_X($3) - cos($2) * public.ST_X($3) + sin($2) * public.ST_Y($3), public.ST_Y($3) - sin($2) * public.ST_X($3) - cos($2) * public.ST_Y($3), 0)$function$
"
st_rotate,"geometry, double precision",geometry,sql,"SELECT public.ST_Affine($1,  cos($2), -sin($2), 0,  sin($2), cos($2), 0,  0, 0, 1,  0, 0, 0)","CREATE OR REPLACE FUNCTION public.st_rotate(geometry, double precision)
 RETURNS geometry
 LANGUAGE sql
 IMMUTABLE PARALLEL SAFE STRICT COST 50
AS $function$SELECT public.ST_Affine($1,  cos($2), -sin($2), 0,  sin($2), cos($2), 0,  0, 0, 1,  0, 0, 0)$function$
"
st_rotatex,"geometry, double precision",geometry,sql,"SELECT public.ST_Affine($1, 1, 0, 0, 0, cos($2), -sin($2), 0, sin($2), cos($2), 0, 0, 0)","CREATE OR REPLACE FUNCTION public.st_rotatex(geometry, double precision)
 RETURNS geometry
 LANGUAGE sql
 IMMUTABLE PARALLEL SAFE STRICT COST 50
AS $function$SELECT public.ST_Affine($1, 1, 0, 0, 0, cos($2), -sin($2), 0, sin($2), cos($2), 0, 0, 0)$function$
"
st_rotatey,"geometry, double precision",geometry,sql,"SELECT public.ST_Affine($1,  cos($2), 0, sin($2),  0, 1, 0,  -sin($2), 0, cos($2), 0,  0, 0)","CREATE OR REPLACE FUNCTION public.st_rotatey(geometry, double precision)
 RETURNS geometry
 LANGUAGE sql
 IMMUTABLE PARALLEL SAFE STRICT COST 50
AS $function$SELECT public.ST_Affine($1,  cos($2), 0, sin($2),  0, 1, 0,  -sin($2), 0, cos($2), 0,  0, 0)$function$
"
st_rotatez,"geometry, double precision",geometry,sql,"SELECT public.ST_Rotate($1, $2)","CREATE OR REPLACE FUNCTION public.st_rotatez(geometry, double precision)
 RETURNS geometry
 LANGUAGE sql
 IMMUTABLE PARALLEL SAFE STRICT COST 50
AS $function$SELECT public.ST_Rotate($1, $2)$function$
"
st_scale,"geometry, geometry",geometry,c,ST_Scale,"CREATE OR REPLACE FUNCTION public.st_scale(geometry, geometry)
 RETURNS geometry
 LANGUAGE c
 IMMUTABLE PARALLEL SAFE STRICT COST 50
AS '$libdir/postgis-3', $function$ST_Scale$function$
"
st_scale,"geometry, double precision, double precision",geometry,sql,"SELECT public.ST_Scale($1, $2, $3, 1)","CREATE OR REPLACE FUNCTION public.st_scale(geometry, double precision, double precision)
 RETURNS geometry
 LANGUAGE sql
 IMMUTABLE PARALLEL SAFE STRICT COST 50
AS $function$SELECT public.ST_Scale($1, $2, $3, 1)$function$
"
st_scale,"geometry, double precision, double precision, double precision",geometry,sql,"SELECT public.ST_Scale($1, public.ST_MakePoint($2, $3, $4))","CREATE OR REPLACE FUNCTION public.st_scale(geometry, double precision, double precision, double precision)
 RETURNS geometry
 LANGUAGE sql
 IMMUTABLE PARALLEL SAFE STRICT COST 50
AS $function$SELECT public.ST_Scale($1, public.ST_MakePoint($2, $3, $4))$function$
"
st_scale,"geometry, geometry, origin geometry",geometry,c,ST_Scale,"CREATE OR REPLACE FUNCTION public.st_scale(geometry, geometry, origin geometry)
 RETURNS geometry
 LANGUAGE c
 IMMUTABLE PARALLEL SAFE STRICT COST 50
AS '$libdir/postgis-3', $function$ST_Scale$function$
"
st_scroll,"geometry, geometry",geometry,c,ST_Scroll,"CREATE OR REPLACE FUNCTION public.st_scroll(geometry, geometry)
 RETURNS geometry
 LANGUAGE c
 IMMUTABLE PARALLEL SAFE STRICT COST 50
AS '$libdir/postgis-3', $function$ST_Scroll$function$
"
st_segmentize,"geometry, double precision",geometry,c,LWGEOM_segmentize2d,"CREATE OR REPLACE FUNCTION public.st_segmentize(geometry, double precision)
 RETURNS geometry
 LANGUAGE c
 IMMUTABLE PARALLEL SAFE STRICT COST 500
AS '$libdir/postgis-3', $function$LWGEOM_segmentize2d$function$
"
st_segmentize,"geog geography, max_segment_length double precision",geography,c,geography_segmentize,"CREATE OR REPLACE FUNCTION public.st_segmentize(geog geography, max_segment_length double precision)
 RETURNS geography
 LANGUAGE c
 IMMUTABLE PARALLEL SAFE STRICT COST 500
AS '$libdir/postgis-3', $function$geography_segmentize$function$
"
st_seteffectivearea,"geometry, double precision DEFAULT '-1'::integer, integer DEFAULT 1",geometry,c,LWGEOM_SetEffectiveArea,"CREATE OR REPLACE FUNCTION public.st_seteffectivearea(geometry, double precision DEFAULT '-1'::integer, integer DEFAULT 1)
 RETURNS geometry
 LANGUAGE c
 IMMUTABLE PARALLEL SAFE STRICT COST 10000
AS '$libdir/postgis-3', $function$LWGEOM_SetEffectiveArea$function$
"
st_setpoint,"geometry, integer, geometry",geometry,c,LWGEOM_setpoint_linestring,"CREATE OR REPLACE FUNCTION public.st_setpoint(geometry, integer, geometry)
 RETURNS geometry
 LANGUAGE c
 IMMUTABLE PARALLEL SAFE STRICT COST 50
AS '$libdir/postgis-3', $function$LWGEOM_setpoint_linestring$function$
"
st_setsrid,"geog geography, srid integer",geography,c,LWGEOM_set_srid,"CREATE OR REPLACE FUNCTION public.st_setsrid(geog geography, srid integer)
 RETURNS geography
 LANGUAGE c
 IMMUTABLE PARALLEL SAFE STRICT COST 50
AS '$libdir/postgis-3', $function$LWGEOM_set_srid$function$
"
st_setsrid,"geom geometry, srid integer",geometry,c,LWGEOM_set_srid,"CREATE OR REPLACE FUNCTION public.st_setsrid(geom geometry, srid integer)
 RETURNS geometry
 LANGUAGE c
 IMMUTABLE PARALLEL SAFE STRICT
AS '$libdir/postgis-3', $function$LWGEOM_set_srid$function$
"
st_sharedpaths,"geom1 geometry, geom2 geometry",geometry,c,ST_SharedPaths,"CREATE OR REPLACE FUNCTION public.st_sharedpaths(geom1 geometry, geom2 geometry)
 RETURNS geometry
 LANGUAGE c
 IMMUTABLE PARALLEL SAFE STRICT COST 10000
AS '$libdir/postgis-3', $function$ST_SharedPaths$function$
"
st_shiftlongitude,geometry,geometry,c,LWGEOM_longitude_shift,"CREATE OR REPLACE FUNCTION public.st_shiftlongitude(geometry)
 RETURNS geometry
 LANGUAGE c
 IMMUTABLE PARALLEL SAFE STRICT COST 50
AS '$libdir/postgis-3', $function$LWGEOM_longitude_shift$function$
"
st_shortestline,"geom1 geometry, geom2 geometry",geometry,c,LWGEOM_shortestline2d,"CREATE OR REPLACE FUNCTION public.st_shortestline(geom1 geometry, geom2 geometry)
 RETURNS geometry
 LANGUAGE c
 IMMUTABLE PARALLEL SAFE STRICT COST 500
AS '$libdir/postgis-3', $function$LWGEOM_shortestline2d$function$
"
st_simplify,"geometry, double precision",geometry,c,LWGEOM_simplify2d,"CREATE OR REPLACE FUNCTION public.st_simplify(geometry, double precision)
 RETURNS geometry
 LANGUAGE c
 IMMUTABLE PARALLEL SAFE STRICT COST 50
AS '$libdir/postgis-3', $function$LWGEOM_simplify2d$function$
"
st_simplify,"geometry, double precision, boolean",geometry,c,LWGEOM_simplify2d,"CREATE OR REPLACE FUNCTION public.st_simplify(geometry, double precision, boolean)
 RETURNS geometry
 LANGUAGE c
 IMMUTABLE PARALLEL SAFE STRICT COST 50
AS '$libdir/postgis-3', $function$LWGEOM_simplify2d$function$
"
st_simplifypolygonhull,"geom geometry, vertex_fraction double precision, is_outer boolean DEFAULT true",geometry,c,ST_SimplifyPolygonHull,"CREATE OR REPLACE FUNCTION public.st_simplifypolygonhull(geom geometry, vertex_fraction double precision, is_outer boolean DEFAULT true)
 RETURNS geometry
 LANGUAGE c
 IMMUTABLE PARALLEL SAFE STRICT COST 10000
AS '$libdir/postgis-3', $function$ST_SimplifyPolygonHull$function$
"
st_simplifypreservetopology,"geometry, double precision",geometry,c,topologypreservesimplify,"CREATE OR REPLACE FUNCTION public.st_simplifypreservetopology(geometry, double precision)
 RETURNS geometry
 LANGUAGE c
 IMMUTABLE PARALLEL SAFE STRICT COST 10000
AS '$libdir/postgis-3', $function$topologypreservesimplify$function$
"
st_simplifyvw,"geometry, double precision",geometry,c,LWGEOM_SetEffectiveArea,"CREATE OR REPLACE FUNCTION public.st_simplifyvw(geometry, double precision)
 RETURNS geometry
 LANGUAGE c
 IMMUTABLE PARALLEL SAFE STRICT COST 10000
AS '$libdir/postgis-3', $function$LWGEOM_SetEffectiveArea$function$
"
st_snap,"geom1 geometry, geom2 geometry, double precision",geometry,c,ST_Snap,"CREATE OR REPLACE FUNCTION public.st_snap(geom1 geometry, geom2 geometry, double precision)
 RETURNS geometry
 LANGUAGE c
 IMMUTABLE PARALLEL SAFE STRICT COST 10000
AS '$libdir/postgis-3', $function$ST_Snap$function$
"
st_snaptogrid,"geometry, double precision, double precision, double precision, double precision",geometry,c,LWGEOM_snaptogrid,"CREATE OR REPLACE FUNCTION public.st_snaptogrid(geometry, double precision, double precision, double precision, double precision)
 RETURNS geometry
 LANGUAGE c
 IMMUTABLE PARALLEL SAFE STRICT COST 50
AS '$libdir/postgis-3', $function$LWGEOM_snaptogrid$function$
"
st_snaptogrid,"geometry, double precision",geometry,sql,"SELECT public.ST_SnapToGrid($1, 0, 0, $2, $2)","CREATE OR REPLACE FUNCTION public.st_snaptogrid(geometry, double precision)
 RETURNS geometry
 LANGUAGE sql
 IMMUTABLE PARALLEL SAFE STRICT COST 50
AS $function$SELECT public.ST_SnapToGrid($1, 0, 0, $2, $2)$function$
"
st_snaptogrid,"geom1 geometry, geom2 geometry, double precision, double precision, double precision, double precision",geometry,c,LWGEOM_snaptogrid_pointoff,"CREATE OR REPLACE FUNCTION public.st_snaptogrid(geom1 geometry, geom2 geometry, double precision, double precision, double precision, double precision)
 RETURNS geometry
 LANGUAGE c
 IMMUTABLE PARALLEL SAFE STRICT COST 50
AS '$libdir/postgis-3', $function$LWGEOM_snaptogrid_pointoff$function$
"
st_snaptogrid,"geometry, double precision, double precision",geometry,sql,"SELECT public.ST_SnapToGrid($1, 0, 0, $2, $3)","CREATE OR REPLACE FUNCTION public.st_snaptogrid(geometry, double precision, double precision)
 RETURNS geometry
 LANGUAGE sql
 IMMUTABLE PARALLEL SAFE STRICT COST 50
AS $function$SELECT public.ST_SnapToGrid($1, 0, 0, $2, $3)$function$
"
st_split,"geom1 geometry, geom2 geometry",geometry,c,ST_Split,"CREATE OR REPLACE FUNCTION public.st_split(geom1 geometry, geom2 geometry)
 RETURNS geometry
 LANGUAGE c
 IMMUTABLE PARALLEL SAFE STRICT COST 10000
AS '$libdir/postgis-3', $function$ST_Split$function$
"
st_square,"size double precision, cell_i integer, cell_j integer, origin geometry DEFAULT '010100000000000000000000000000000000000000'::geometry",geometry,c,ST_Square,"CREATE OR REPLACE FUNCTION public.st_square(size double precision, cell_i integer, cell_j integer, origin geometry DEFAULT '010100000000000000000000000000000000000000'::geometry)
 RETURNS geometry
 LANGUAGE c
 IMMUTABLE PARALLEL SAFE STRICT COST 50
AS '$libdir/postgis-3', $function$ST_Square$function$
"
st_squaregrid,"size double precision, bounds geometry, OUT geom geometry, OUT i integer, OUT j integer",SETOF record,c,ST_ShapeGrid,"CREATE OR REPLACE FUNCTION public.st_squaregrid(size double precision, bounds geometry, OUT geom geometry, OUT i integer, OUT j integer)
 RETURNS SETOF record
 LANGUAGE c
 IMMUTABLE PARALLEL SAFE STRICT COST 500
AS '$libdir/postgis-3', $function$ST_ShapeGrid$function$
"
st_srid,geog geography,integer,c,LWGEOM_get_srid,"CREATE OR REPLACE FUNCTION public.st_srid(geog geography)
 RETURNS integer
 LANGUAGE c
 IMMUTABLE PARALLEL SAFE STRICT COST 50
AS '$libdir/postgis-3', $function$LWGEOM_get_srid$function$
"
st_srid,geom geometry,integer,c,LWGEOM_get_srid,"CREATE OR REPLACE FUNCTION public.st_srid(geom geometry)
 RETURNS integer
 LANGUAGE c
 IMMUTABLE PARALLEL SAFE STRICT
AS '$libdir/postgis-3', $function$LWGEOM_get_srid$function$
"
st_startpoint,geometry,geometry,c,LWGEOM_startpoint_linestring,"CREATE OR REPLACE FUNCTION public.st_startpoint(geometry)
 RETURNS geometry
 LANGUAGE c
 IMMUTABLE PARALLEL SAFE STRICT COST 50
AS '$libdir/postgis-3', $function$LWGEOM_startpoint_linestring$function$
"
st_subdivide,"geom geometry, maxvertices integer DEFAULT 256, gridsize double precision DEFAULT '-1.0'::numeric",SETOF geometry,c,ST_Subdivide,"CREATE OR REPLACE FUNCTION public.st_subdivide(geom geometry, maxvertices integer DEFAULT 256, gridsize double precision DEFAULT '-1.0'::numeric)
 RETURNS SETOF geometry
 LANGUAGE c
 IMMUTABLE PARALLEL SAFE STRICT COST 10000
AS '$libdir/postgis-3', $function$ST_Subdivide$function$
"
st_summary,geometry,text,c,LWGEOM_summary,"CREATE OR REPLACE FUNCTION public.st_summary(geometry)
 RETURNS text
 LANGUAGE c
 IMMUTABLE PARALLEL SAFE STRICT COST 50
AS '$libdir/postgis-3', $function$LWGEOM_summary$function$
"
st_summary,geography,text,c,LWGEOM_summary,"CREATE OR REPLACE FUNCTION public.st_summary(geography)
 RETURNS text
 LANGUAGE c
 IMMUTABLE PARALLEL SAFE STRICT COST 50
AS '$libdir/postgis-3', $function$LWGEOM_summary$function$
"
st_swapordinates,"geom geometry, ords cstring",geometry,c,ST_SwapOrdinates,"CREATE OR REPLACE FUNCTION public.st_swapordinates(geom geometry, ords cstring)
 RETURNS geometry
 LANGUAGE c
 IMMUTABLE PARALLEL SAFE STRICT COST 50
AS '$libdir/postgis-3', $function$ST_SwapOrdinates$function$
"
st_symdifference,"geom1 geometry, geom2 geometry, gridsize double precision DEFAULT '-1.0'::numeric",geometry,c,ST_SymDifference,"CREATE OR REPLACE FUNCTION public.st_symdifference(geom1 geometry, geom2 geometry, gridsize double precision DEFAULT '-1.0'::numeric)
 RETURNS geometry
 LANGUAGE c
 IMMUTABLE PARALLEL SAFE STRICT COST 10000
AS '$libdir/postgis-3', $function$ST_SymDifference$function$
"
st_symmetricdifference,"geom1 geometry, geom2 geometry",geometry,sql,"SELECT ST_SymDifference(geom1, geom2, -1.0);","CREATE OR REPLACE FUNCTION public.st_symmetricdifference(geom1 geometry, geom2 geometry)
 RETURNS geometry
 LANGUAGE sql
AS $function$SELECT ST_SymDifference(geom1, geom2, -1.0);$function$
"
st_tileenvelope,"zoom integer, x integer, y integer, bounds geometry DEFAULT '0102000020110F00000200000093107C45F81B73C193107C45F81B73C193107C45F81B734193107C45F81B7341'::geometry, margin double precision DEFAULT 0.0",geometry,c,ST_TileEnvelope,"CREATE OR REPLACE FUNCTION public.st_tileenvelope(zoom integer, x integer, y integer, bounds geometry DEFAULT '0102000020110F00000200000093107C45F81B73C193107C45F81B73C193107C45F81B734193107C45F81B7341'::geometry, margin double precision DEFAULT 0.0)
 RETURNS geometry
 LANGUAGE c
 IMMUTABLE PARALLEL SAFE STRICT COST 50
AS '$libdir/postgis-3', $function$ST_TileEnvelope$function$
"
st_touches,"geom1 geometry, geom2 geometry",boolean,c,touches,"CREATE OR REPLACE FUNCTION public.st_touches(geom1 geometry, geom2 geometry)
 RETURNS boolean
 LANGUAGE c
 IMMUTABLE PARALLEL SAFE STRICT COST 10000 SUPPORT postgis_index_supportfn
AS '$libdir/postgis-3', $function$touches$function$
"
st_transform,"geom geometry, from_proj text, to_srid integer",geometry,sql,"SELECT public.postgis_transform_geometry($1, $2, proj4text, $3)
	FROM spatial_ref_sys WHERE srid=$3;","CREATE OR REPLACE FUNCTION public.st_transform(geom geometry, from_proj text, to_srid integer)
 RETURNS geometry
 LANGUAGE sql
 IMMUTABLE PARALLEL SAFE STRICT COST 10000
AS $function$SELECT public.postgis_transform_geometry($1, $2, proj4text, $3)
	FROM spatial_ref_sys WHERE srid=$3;$function$
"
st_transform,"geom geometry, from_proj text, to_proj text",geometry,sql,"SELECT public.postgis_transform_geometry($1, $2, $3, 0)","CREATE OR REPLACE FUNCTION public.st_transform(geom geometry, from_proj text, to_proj text)
 RETURNS geometry
 LANGUAGE sql
 IMMUTABLE PARALLEL SAFE STRICT COST 10000
AS $function$SELECT public.postgis_transform_geometry($1, $2, $3, 0)$function$
"
st_transform,"geom geometry, to_proj text",geometry,sql,"SELECT public.postgis_transform_geometry($1, proj4text, $2, 0)
	FROM spatial_ref_sys WHERE srid=public.ST_SRID($1);","CREATE OR REPLACE FUNCTION public.st_transform(geom geometry, to_proj text)
 RETURNS geometry
 LANGUAGE sql
 IMMUTABLE PARALLEL SAFE STRICT COST 10000
AS $function$SELECT public.postgis_transform_geometry($1, proj4text, $2, 0)
	FROM spatial_ref_sys WHERE srid=public.ST_SRID($1);$function$
"
st_transform,"geometry, integer",geometry,c,transform,"CREATE OR REPLACE FUNCTION public.st_transform(geometry, integer)
 RETURNS geometry
 LANGUAGE c
 IMMUTABLE PARALLEL SAFE STRICT COST 10000
AS '$libdir/postgis-3', $function$transform$function$
"
st_translate,"geometry, double precision, double precision",geometry,sql,"SELECT public.ST_Translate($1, $2, $3, 0)","CREATE OR REPLACE FUNCTION public.st_translate(geometry, double precision, double precision)
 RETURNS geometry
 LANGUAGE sql
 IMMUTABLE PARALLEL SAFE STRICT COST 50
AS $function$SELECT public.ST_Translate($1, $2, $3, 0)$function$
"
st_translate,"geometry, double precision, double precision, double precision",geometry,sql,"SELECT public.ST_Affine($1, 1, 0, 0, 0, 1, 0, 0, 0, 1, $2, $3, $4)","CREATE OR REPLACE FUNCTION public.st_translate(geometry, double precision, double precision, double precision)
 RETURNS geometry
 LANGUAGE sql
 IMMUTABLE PARALLEL SAFE STRICT COST 50
AS $function$SELECT public.ST_Affine($1, 1, 0, 0, 0, 1, 0, 0, 0, 1, $2, $3, $4)$function$
"
st_transscale,"geometry, double precision, double precision, double precision, double precision",geometry,sql,"SELECT public.ST_Affine($1,  $4, 0, 0,  0, $5, 0,
		0, 0, 1,  $2 * $4, $3 * $5, 0)","CREATE OR REPLACE FUNCTION public.st_transscale(geometry, double precision, double precision, double precision, double precision)
 RETURNS geometry
 LANGUAGE sql
 IMMUTABLE PARALLEL SAFE STRICT COST 50
AS $function$SELECT public.ST_Affine($1,  $4, 0, 0,  0, $5, 0,
		0, 0, 1,  $2 * $4, $3 * $5, 0)$function$
"
st_triangulatepolygon,g1 geometry,geometry,c,ST_TriangulatePolygon,"CREATE OR REPLACE FUNCTION public.st_triangulatepolygon(g1 geometry)
 RETURNS geometry
 LANGUAGE c
 IMMUTABLE PARALLEL SAFE STRICT COST 10000
AS '$libdir/postgis-3', $function$ST_TriangulatePolygon$function$
"
st_unaryunion,"geometry, gridsize double precision DEFAULT '-1.0'::numeric",geometry,c,ST_UnaryUnion,"CREATE OR REPLACE FUNCTION public.st_unaryunion(geometry, gridsize double precision DEFAULT '-1.0'::numeric)
 RETURNS geometry
 LANGUAGE c
 IMMUTABLE PARALLEL SAFE STRICT COST 10000
AS '$libdir/postgis-3', $function$ST_UnaryUnion$function$
"
st_union,"geom1 geometry, geom2 geometry, gridsize double precision",geometry,c,ST_Union,"CREATE OR REPLACE FUNCTION public.st_union(geom1 geometry, geom2 geometry, gridsize double precision)
 RETURNS geometry
 LANGUAGE c
 IMMUTABLE PARALLEL SAFE STRICT COST 10000
AS '$libdir/postgis-3', $function$ST_Union$function$
"
st_union,geometry[],geometry,c,pgis_union_geometry_array,"CREATE OR REPLACE FUNCTION public.st_union(geometry[])
 RETURNS geometry
 LANGUAGE c
 IMMUTABLE PARALLEL SAFE STRICT COST 10000
AS '$libdir/postgis-3', $function$pgis_union_geometry_array$function$
"
st_union,"geom1 geometry, geom2 geometry",geometry,c,ST_Union,"CREATE OR REPLACE FUNCTION public.st_union(geom1 geometry, geom2 geometry)
 RETURNS geometry
 LANGUAGE c
 IMMUTABLE PARALLEL SAFE STRICT COST 10000
AS '$libdir/postgis-3', $function$ST_Union$function$
"
st_voronoilines,"g1 geometry, tolerance double precision DEFAULT 0.0, extend_to geometry DEFAULT NULL::geometry",geometry,sql," SELECT public._ST_Voronoi(g1, extend_to, tolerance, false) ","CREATE OR REPLACE FUNCTION public.st_voronoilines(g1 geometry, tolerance double precision DEFAULT 0.0, extend_to geometry DEFAULT NULL::geometry)
 RETURNS geometry
 LANGUAGE sql
 IMMUTABLE PARALLEL SAFE
AS $function$ SELECT public._ST_Voronoi(g1, extend_to, tolerance, false) $function$
"
st_voronoipolygons,"g1 geometry, tolerance double precision DEFAULT 0.0, extend_to geometry DEFAULT NULL::geometry",geometry,sql," SELECT public._ST_Voronoi(g1, extend_to, tolerance, true) ","CREATE OR REPLACE FUNCTION public.st_voronoipolygons(g1 geometry, tolerance double precision DEFAULT 0.0, extend_to geometry DEFAULT NULL::geometry)
 RETURNS geometry
 LANGUAGE sql
 IMMUTABLE PARALLEL SAFE
AS $function$ SELECT public._ST_Voronoi(g1, extend_to, tolerance, true) $function$
"
st_within,"geom1 geometry, geom2 geometry",boolean,c,within,"CREATE OR REPLACE FUNCTION public.st_within(geom1 geometry, geom2 geometry)
 RETURNS boolean
 LANGUAGE c
 IMMUTABLE PARALLEL SAFE STRICT COST 10000 SUPPORT postgis_index_supportfn
AS '$libdir/postgis-3', $function$within$function$
"
st_wkbtosql,wkb bytea,geometry,c,LWGEOM_from_WKB,"CREATE OR REPLACE FUNCTION public.st_wkbtosql(wkb bytea)
 RETURNS geometry
 LANGUAGE c
 IMMUTABLE PARALLEL SAFE STRICT COST 50
AS '$libdir/postgis-3', $function$LWGEOM_from_WKB$function$
"
st_wkttosql,text,geometry,c,LWGEOM_from_text,"CREATE OR REPLACE FUNCTION public.st_wkttosql(text)
 RETURNS geometry
 LANGUAGE c
 IMMUTABLE PARALLEL SAFE STRICT COST 500
AS '$libdir/postgis-3', $function$LWGEOM_from_text$function$
"
st_wrapx,"geom geometry, wrap double precision, move double precision",geometry,c,ST_WrapX,"CREATE OR REPLACE FUNCTION public.st_wrapx(geom geometry, wrap double precision, move double precision)
 RETURNS geometry
 LANGUAGE c
 IMMUTABLE PARALLEL SAFE STRICT COST 50
AS '$libdir/postgis-3', $function$ST_WrapX$function$
"
st_x,geometry,double precision,c,LWGEOM_x_point,"CREATE OR REPLACE FUNCTION public.st_x(geometry)
 RETURNS double precision
 LANGUAGE c
 IMMUTABLE PARALLEL SAFE STRICT
AS '$libdir/postgis-3', $function$LWGEOM_x_point$function$
"
st_xmax,box3d,double precision,c,BOX3D_xmax,"CREATE OR REPLACE FUNCTION public.st_xmax(box3d)
 RETURNS double precision
 LANGUAGE c
 IMMUTABLE PARALLEL SAFE STRICT
AS '$libdir/postgis-3', $function$BOX3D_xmax$function$
"
st_xmin,box3d,double precision,c,BOX3D_xmin,"CREATE OR REPLACE FUNCTION public.st_xmin(box3d)
 RETURNS double precision
 LANGUAGE c
 IMMUTABLE PARALLEL SAFE STRICT
AS '$libdir/postgis-3', $function$BOX3D_xmin$function$
"
st_y,geometry,double precision,c,LWGEOM_y_point,"CREATE OR REPLACE FUNCTION public.st_y(geometry)
 RETURNS double precision
 LANGUAGE c
 IMMUTABLE PARALLEL SAFE STRICT
AS '$libdir/postgis-3', $function$LWGEOM_y_point$function$
"
st_ymax,box3d,double precision,c,BOX3D_ymax,"CREATE OR REPLACE FUNCTION public.st_ymax(box3d)
 RETURNS double precision
 LANGUAGE c
 IMMUTABLE PARALLEL SAFE STRICT
AS '$libdir/postgis-3', $function$BOX3D_ymax$function$
"
st_ymin,box3d,double precision,c,BOX3D_ymin,"CREATE OR REPLACE FUNCTION public.st_ymin(box3d)
 RETURNS double precision
 LANGUAGE c
 IMMUTABLE PARALLEL SAFE STRICT
AS '$libdir/postgis-3', $function$BOX3D_ymin$function$
"
st_z,geometry,double precision,c,LWGEOM_z_point,"CREATE OR REPLACE FUNCTION public.st_z(geometry)
 RETURNS double precision
 LANGUAGE c
 IMMUTABLE PARALLEL SAFE STRICT
AS '$libdir/postgis-3', $function$LWGEOM_z_point$function$
"
st_zmax,box3d,double precision,c,BOX3D_zmax,"CREATE OR REPLACE FUNCTION public.st_zmax(box3d)
 RETURNS double precision
 LANGUAGE c
 IMMUTABLE PARALLEL SAFE STRICT
AS '$libdir/postgis-3', $function$BOX3D_zmax$function$
"
st_zmflag,geometry,smallint,c,LWGEOM_zmflag,"CREATE OR REPLACE FUNCTION public.st_zmflag(geometry)
 RETURNS smallint
 LANGUAGE c
 IMMUTABLE PARALLEL SAFE STRICT
AS '$libdir/postgis-3', $function$LWGEOM_zmflag$function$
"
st_zmin,box3d,double precision,c,BOX3D_zmin,"CREATE OR REPLACE FUNCTION public.st_zmin(box3d)
 RETURNS double precision
 LANGUAGE c
 IMMUTABLE PARALLEL SAFE STRICT
AS '$libdir/postgis-3', $function$BOX3D_zmin$function$
"
text,geometry,text,c,LWGEOM_to_text,"CREATE OR REPLACE FUNCTION public.text(geometry)
 RETURNS text
 LANGUAGE c
 IMMUTABLE PARALLEL SAFE STRICT COST 50
AS '$libdir/postgis-3', $function$LWGEOM_to_text$function$
"
time_dist,"time without time zone, time without time zone",interval,c,time_dist,"CREATE OR REPLACE FUNCTION public.time_dist(time without time zone, time without time zone)
 RETURNS interval
 LANGUAGE c
 IMMUTABLE PARALLEL SAFE STRICT
AS '$libdir/btree_gist', $function$time_dist$function$
"
ts_dist,"timestamp without time zone, timestamp without time zone",interval,c,ts_dist,"CREATE OR REPLACE FUNCTION public.ts_dist(timestamp without time zone, timestamp without time zone)
 RETURNS interval
 LANGUAGE c
 IMMUTABLE PARALLEL SAFE STRICT
AS '$libdir/btree_gist', $function$ts_dist$function$
"
tstz_dist,"timestamp with time zone, timestamp with time zone",interval,c,tstz_dist,"CREATE OR REPLACE FUNCTION public.tstz_dist(timestamp with time zone, timestamp with time zone)
 RETURNS interval
 LANGUAGE c
 IMMUTABLE PARALLEL SAFE STRICT
AS '$libdir/btree_gist', $function$tstz_dist$function$
"
unlockrows,text,integer,plpgsql,"
DECLARE
	ret int;
BEGIN

	IF NOT LongTransactionsEnabled() THEN
		RAISE EXCEPTION 'Long transaction support disabled, use EnableLongTransaction() to enable.';
	END IF;

	EXECUTE 'DELETE FROM authorization_table where authid = ' ||
		quote_literal($1);

	GET DIAGNOSTICS ret = ROW_COUNT;

	RETURN ret;
END;
","CREATE OR REPLACE FUNCTION public.unlockrows(text)
 RETURNS integer
 LANGUAGE plpgsql
 STRICT
AS $function$
DECLARE
	ret int;
BEGIN

	IF NOT LongTransactionsEnabled() THEN
		RAISE EXCEPTION 'Long transaction support disabled, use EnableLongTransaction() to enable.';
	END IF;

	EXECUTE 'DELETE FROM authorization_table where authid = ' ||
		quote_literal($1);

	GET DIAGNOSTICS ret = ROW_COUNT;

	RETURN ret;
END;
$function$
"
updategeometrysrid,"character varying, character varying, integer",text,plpgsql,"
DECLARE
	ret  text;
BEGIN
	SELECT public.UpdateGeometrySRID('','',$1,$2,$3) into ret;
	RETURN ret;
END;
","CREATE OR REPLACE FUNCTION public.updategeometrysrid(character varying, character varying, integer)
 RETURNS text
 LANGUAGE plpgsql
 STRICT
AS $function$
DECLARE
	ret  text;
BEGIN
	SELECT public.UpdateGeometrySRID('','',$1,$2,$3) into ret;
	RETURN ret;
END;
$function$
"
updategeometrysrid,"character varying, character varying, character varying, integer",text,plpgsql,"
DECLARE
	ret  text;
BEGIN
	SELECT public.UpdateGeometrySRID('',$1,$2,$3,$4) into ret;
	RETURN ret;
END;
","CREATE OR REPLACE FUNCTION public.updategeometrysrid(character varying, character varying, character varying, integer)
 RETURNS text
 LANGUAGE plpgsql
 STRICT
AS $function$
DECLARE
	ret  text;
BEGIN
	SELECT public.UpdateGeometrySRID('',$1,$2,$3,$4) into ret;
	RETURN ret;
END;
$function$
"
updategeometrysrid,"catalogn_name character varying, schema_name character varying, table_name character varying, column_name character varying, new_srid_in integer",text,plpgsql,"
DECLARE
	myrec RECORD;
	okay boolean;
	cname varchar;
	real_schema name;
	unknown_srid integer;
	new_srid integer := new_srid_in;

BEGIN

	-- Find, check or fix schema_name
	IF ( schema_name != '' ) THEN
		okay = false;

		FOR myrec IN SELECT nspname FROM pg_namespace WHERE text(nspname) = schema_name LOOP
			okay := true;
		END LOOP;

		IF ( okay <> true ) THEN
			RAISE EXCEPTION 'Invalid schema name';
		ELSE
			real_schema = schema_name;
		END IF;
	ELSE
		SELECT INTO real_schema current_schema()::text;
	END IF;

	-- Ensure that column_name is in geometry_columns
	okay = false;
	FOR myrec IN SELECT type, coord_dimension FROM public.geometry_columns WHERE f_table_schema = text(real_schema) and f_table_name = table_name and f_geometry_column = column_name LOOP
		okay := true;
	END LOOP;
	IF (NOT okay) THEN
		RAISE EXCEPTION 'column not found in geometry_columns table';
		RETURN false;
	END IF;

	-- Ensure that new_srid is valid
	IF ( new_srid > 0 ) THEN
		IF ( SELECT count(*) = 0 from spatial_ref_sys where srid = new_srid ) THEN
			RAISE EXCEPTION 'invalid SRID: % not found in spatial_ref_sys', new_srid;
			RETURN false;
		END IF;
	ELSE
		unknown_srid := public.ST_SRID('POINT EMPTY'::public.geometry);
		IF ( new_srid != unknown_srid ) THEN
			new_srid := unknown_srid;
			RAISE NOTICE 'SRID value % converted to the officially unknown SRID value %', new_srid_in, new_srid;
		END IF;
	END IF;

	IF postgis_constraint_srid(real_schema, table_name, column_name) IS NOT NULL THEN
	-- srid was enforced with constraints before, keep it that way.
		-- Make up constraint name
		cname = 'enforce_srid_'  || column_name;

		-- Drop enforce_srid constraint
		EXECUTE 'ALTER TABLE ' || quote_ident(real_schema) ||
			'.' || quote_ident(table_name) ||
			' DROP constraint ' || quote_ident(cname);

		-- Update geometries SRID
		EXECUTE 'UPDATE ' || quote_ident(real_schema) ||
			'.' || quote_ident(table_name) ||
			' SET ' || quote_ident(column_name) ||
			' = public.ST_SetSRID(' || quote_ident(column_name) ||
			', ' || new_srid::text || ')';

		-- Reset enforce_srid constraint
		EXECUTE 'ALTER TABLE ' || quote_ident(real_schema) ||
			'.' || quote_ident(table_name) ||
			' ADD constraint ' || quote_ident(cname) ||
			' CHECK (st_srid(' || quote_ident(column_name) ||
			') = ' || new_srid::text || ')';
	ELSE
		-- We will use typmod to enforce if no srid constraints
		-- We are using postgis_type_name to lookup the new name
		-- (in case Paul changes his mind and flips geometry_columns to return old upper case name)
		EXECUTE 'ALTER TABLE ' || quote_ident(real_schema) || '.' || quote_ident(table_name) ||
		' ALTER COLUMN ' || quote_ident(column_name) || ' TYPE  geometry(' || public.postgis_type_name(myrec.type, myrec.coord_dimension, true) || ', ' || new_srid::text || ') USING public.ST_SetSRID(' || quote_ident(column_name) || ',' || new_srid::text || ');' ;
	END IF;

	RETURN real_schema || '.' || table_name || '.' || column_name ||' SRID changed to ' || new_srid::text;

END;
","CREATE OR REPLACE FUNCTION public.updategeometrysrid(catalogn_name character varying, schema_name character varying, table_name character varying, column_name character varying, new_srid_in integer)
 RETURNS text
 LANGUAGE plpgsql
 STRICT
AS $function$
DECLARE
	myrec RECORD;
	okay boolean;
	cname varchar;
	real_schema name;
	unknown_srid integer;
	new_srid integer := new_srid_in;

BEGIN

	-- Find, check or fix schema_name
	IF ( schema_name != '' ) THEN
		okay = false;

		FOR myrec IN SELECT nspname FROM pg_namespace WHERE text(nspname) = schema_name LOOP
			okay := true;
		END LOOP;

		IF ( okay <> true ) THEN
			RAISE EXCEPTION 'Invalid schema name';
		ELSE
			real_schema = schema_name;
		END IF;
	ELSE
		SELECT INTO real_schema current_schema()::text;
	END IF;

	-- Ensure that column_name is in geometry_columns
	okay = false;
	FOR myrec IN SELECT type, coord_dimension FROM public.geometry_columns WHERE f_table_schema = text(real_schema) and f_table_name = table_name and f_geometry_column = column_name LOOP
		okay := true;
	END LOOP;
	IF (NOT okay) THEN
		RAISE EXCEPTION 'column not found in geometry_columns table';
		RETURN false;
	END IF;

	-- Ensure that new_srid is valid
	IF ( new_srid > 0 ) THEN
		IF ( SELECT count(*) = 0 from spatial_ref_sys where srid = new_srid ) THEN
			RAISE EXCEPTION 'invalid SRID: % not found in spatial_ref_sys', new_srid;
			RETURN false;
		END IF;
	ELSE
		unknown_srid := public.ST_SRID('POINT EMPTY'::public.geometry);
		IF ( new_srid != unknown_srid ) THEN
			new_srid := unknown_srid;
			RAISE NOTICE 'SRID value % converted to the officially unknown SRID value %', new_srid_in, new_srid;
		END IF;
	END IF;

	IF postgis_constraint_srid(real_schema, table_name, column_name) IS NOT NULL THEN
	-- srid was enforced with constraints before, keep it that way.
		-- Make up constraint name
		cname = 'enforce_srid_'  || column_name;

		-- Drop enforce_srid constraint
		EXECUTE 'ALTER TABLE ' || quote_ident(real_schema) ||
			'.' || quote_ident(table_name) ||
			' DROP constraint ' || quote_ident(cname);

		-- Update geometries SRID
		EXECUTE 'UPDATE ' || quote_ident(real_schema) ||
			'.' || quote_ident(table_name) ||
			' SET ' || quote_ident(column_name) ||
			' = public.ST_SetSRID(' || quote_ident(column_name) ||
			', ' || new_srid::text || ')';

		-- Reset enforce_srid constraint
		EXECUTE 'ALTER TABLE ' || quote_ident(real_schema) ||
			'.' || quote_ident(table_name) ||
			' ADD constraint ' || quote_ident(cname) ||
			' CHECK (st_srid(' || quote_ident(column_name) ||
			') = ' || new_srid::text || ')';
	ELSE
		-- We will use typmod to enforce if no srid constraints
		-- We are using postgis_type_name to lookup the new name
		-- (in case Paul changes his mind and flips geometry_columns to return old upper case name)
		EXECUTE 'ALTER TABLE ' || quote_ident(real_schema) || '.' || quote_ident(table_name) ||
		' ALTER COLUMN ' || quote_ident(column_name) || ' TYPE  geometry(' || public.postgis_type_name(myrec.type, myrec.coord_dimension, true) || ', ' || new_srid::text || ') USING public.ST_SetSRID(' || quote_ident(column_name) || ',' || new_srid::text || ');' ;
	END IF;

	RETURN real_schema || '.' || table_name || '.' || column_name ||' SRID changed to ' || new_srid::text;

END;
$function$
"